-- --------------------------------------------------------
-- Host:                         127.0.0.1
-- Server version:               10.4.28-MariaDB - mariadb.org binary distribution
-- Server OS:                    Win64
-- HeidiSQL Version:             12.6.0.6765
-- --------------------------------------------------------

/*!40101 SET @OLD_CHARACTER_SET_CLIENT=@@CHARACTER_SET_CLIENT */;
/*!40101 SET NAMES utf8 */;
/*!50503 SET NAMES utf8mb4 */;
/*!40103 SET @OLD_TIME_ZONE=@@TIME_ZONE */;
/*!40103 SET TIME_ZONE='+00:00' */;
/*!40014 SET @OLD_FOREIGN_KEY_CHECKS=@@FOREIGN_KEY_CHECKS, FOREIGN_KEY_CHECKS=0 */;
/*!40101 SET @OLD_SQL_MODE=@@SQL_MODE, SQL_MODE='NO_AUTO_VALUE_ON_ZERO' */;
/*!40111 SET @OLD_SQL_NOTES=@@SQL_NOTES, SQL_NOTES=0 */;


-- Dumping database structure for bookstore_spring
CREATE DATABASE IF NOT EXISTS `bookstore_spring` /*!40100 DEFAULT CHARACTER SET utf8mb4 COLLATE utf8mb4_general_ci */;
USE `bookstore_spring`;

-- Dumping structure for table bookstore_spring.book
CREATE TABLE IF NOT EXISTS `book` (
  `id_book` int(11) NOT NULL AUTO_INCREMENT,
  `author` varchar(255) DEFAULT NULL,
  `avg_rating` double DEFAULT NULL,
  `description` longtext DEFAULT NULL,
  `list_price` double DEFAULT NULL,
  `name_book` varchar(255) DEFAULT NULL,
  `quantity` int(11) DEFAULT NULL,
  `sell_price` double DEFAULT NULL,
  `sold_quantity` int(11) DEFAULT NULL,
  `discount_percent` int(11) DEFAULT NULL,
  PRIMARY KEY (`id_book`)
) ENGINE=InnoDB AUTO_INCREMENT=107 DEFAULT CHARSET=utf8mb4 COLLATE=utf8mb4_general_ci;

-- Dumping data for table bookstore_spring.book: ~58 rows (approximately)
INSERT INTO `book` (`id_book`, `author`, `avg_rating`, `description`, `list_price`, `name_book`, `quantity`, `sell_price`, `sold_quantity`, `discount_percent`) VALUES
	(24, 'Từ Kế Tường', 5, 'Huyền Xưa\n\nCó những nhà văn giữ được phong cách, ngôn ngữ của mình, mà không trải qua giai đoạn chuyển đổi khó khăn. Về mặt này, Từ Kế Tường là một ảo thuật gia của ngôn ngữ tuổi mới lớn. Sự đa dạng trong cách sử dụng nhiều lối diễn ngôn đã làm nên một thế giới nhân vật kiểu riêng của ông, không bị trùng lặp.\n\nKhông ham chữ lạ, không quá cầu kỳ, nhà văn sử dụng năng lực tích hợp của các kiểu diễn ngôn phù hợp với chủ thể và ngữ cảnh để làm giàu các tính cách và những diễn biến tâm sinh lý của các nhân vật có xuất thân khác nhau. Từ đó, phát hiện ra những vẻ đẹp tâm hồn vừa khác biệt, vừa gần gũi.\n\nTừ Kế Tường - như từng được nhận xét - đã "ướp hương lên ngôn ngữ". Trang viết của ông đánh thức một thời hoa mộng về những cảm xúc mới lạ của lứa tuổi, như một người thầy lặng thầm chỉ dẫn những cách ứng xử, những kiến thức, kỹ năng sống mà không lớp học nào chỉ dạy, giúp mỗi người tự hoàn thiện nhận thức, đạo đức, tâm hồn. Những cuốn sách ấy giúp bạn đọc khám phá bí ẩn tâm hồn tuổi thơ, những tình cảm yêu đương đầu đời, có nhiều thứ thoáng qua rồi biến mất, nhưng có những tình cảm níu giữ lại suốt đời.\n\nHơn 50 năm qua, nhiều thế hệ người đọc, cảm thấy may mắn và hạnh phúc, khi có những cuốn sách của Từ Kế Tường làm bạn. Nhà văn đã sáng tạo ra một thế giới bao la để cho những tâm hồn trẻ nương náu, được an ủi, hy vọng khi ngoài kia, cuộc đời - nhất là trong những năm chiến tranh đầy những tai họa, bất trắc, cái thực dụng luôn lấn lướt.\n\nLần tái bản hàng trăm đầu sách này, có lẽ những người thực hiện muốn tiếp nối mong muốn: Xây dựng lại thương hiệu của một tác giả từng là best seller của người đọc một thế hệ.\n\nHy vọng những cuốn sách vẫn giữ được màu sắc trẻ trung, giúp những bạn đọc trong quá khứ xa và gần gặp lại tuổi ấu thơ vụng dại, hồn nhiên, và đầy sâu sắc. Các bạn trẻ hôm nay và cả ngày mai tìm thấy ở trong những nhân vật thời xa xưa ấy những người bạn đầy năng lượng sống, luôn vượt qua muôn vàn thử thách, không thụ động, bó tay trước những ngang trái trên đường đời.\n\nNhững cuốn sách hay không chỉ giúp giữ lửa mà còn thắp sáng đường đi phía trước của nhiều thế hệ.\n\n- Nhà phê bình Văn học Ngô Thảo.\n\nMã hàng	3300000032832\nTác giả	Từ Kế Tường\nNXB	Văn Học\nNăm XB	2023\nNgôn Ngữ	Tiếng Việt\nTrọng lượng (gr)	220\nKích Thước Bao Bì	20.5 x 13 x 1 cm\nSố trang	200\nHình thức	Bìa Mềm\nSản phẩm bán chạy nhất	Top 100 sản phẩm Tuổi Teen bán chạy của tháng\nGiá sản phẩm trên Fahasa.com đã bao gồm thuế theo luật hiện hành. Bên cạnh đó, tuỳ vào loại sản phẩm, hình thức và địa chỉ giao hàng mà có thể phát sinh thêm chi phí khác như Phụ phí đóng gói, phí vận chuyển, phụ phí hàng cồng kềnh,...\nChính sách khuyến mãi trên Fahasa.com không áp dụng cho Hệ thống Nhà sách Fahasa trên toàn quốc\nHuyền Xưa\n\nCó những nhà văn giữ được phong cách, ngôn ngữ của mình, mà không trải qua giai đoạn chuyển đổi khó khăn. Về mặt này, Từ Kế Tường là một ảo thuật gia của ngôn ngữ tuổi mới lớn. Sự đa dạng trong cách sử dụng nhiều lối diễn ngôn đã làm nên một thế giới nhân vật kiểu riêng của ông, không bị trùng lặp.\n\nKhông ham chữ lạ, không quá cầu kỳ, nhà văn sử dụng năng lực tích hợp của các kiểu diễn ngôn phù hợp với chủ thể và ngữ cảnh để làm giàu các tính cách và những diễn biến tâm sinh lý của các nhân vật có xuất thân khác nhau. Từ đó, phát hiện ra những vẻ đẹp tâm hồn vừa khác biệt, vừa gần gũi.\n\nTừ Kế Tường - như từng được nhận xét - đã "ướp hương lên ngôn ngữ". Trang viết của ông đánh thức một thời hoa mộng về những cảm xúc mới lạ của lứa tuổi, như một người thầy lặng thầm chỉ dẫn những cách ứng xử, những kiến thức, kỹ năng sống mà không lớp học nào chỉ dạy, giúp mỗi người tự hoàn thiện nhận thức, đạo đức, tâm hồn. Những cuốn sách ấy giúp bạn đọc khám phá bí ẩn tâm hồn tuổi thơ, những tình cảm yêu đương đầu đời, có nhiều thứ thoáng qua rồi biến mất, nhưng có những tình cảm níu giữ lại suốt đời.\n\nHơn 50 năm qua, nhiều thế hệ người đọc, cảm thấy may mắn và hạnh phúc, khi có những cuốn sách của Từ Kế Tường làm bạn. Nhà văn đã sáng tạo ra một thế giới bao la để cho những tâm hồn trẻ nương náu, được an ủi, hy vọng khi ngoài kia, cuộc đời - nhất là trong những năm chiến tranh đầy những tai họa, bất trắc, cái thực dụng luôn lấn lướt.\n\nLần tái bản hàng trăm đầu sách này, có lẽ những người thực hiện muốn tiếp nối mong muốn: Xây dựng lại thương hiệu của một tác giả từng là best seller của người đọc một thế hệ.\n\nHy vọng những cuốn sách vẫn giữ được màu sắc trẻ trung, giúp những bạn đọc trong quá khứ xa và gần gặp lại tuổi ấu thơ vụng dại, hồn nhiên, và đầy sâu sắc. Các bạn trẻ hôm nay và cả ngày mai tìm thấy ở trong những nhân vật thời xa xưa ấy những người bạn đầy năng lượng sống, luôn vượt qua muôn vàn thử thách, không thụ động, bó tay trước những ngang trái trên đường đời.\n\nNhững cuốn sách hay không chỉ giúp giữ lửa mà còn thắp sáng đường đi phía trước của nhiều thế hệ.\n\n- Nhà phê bình Văn học Ngô Thảo.', 120000, 'Huyền Xưa - Kèm Chữ Ký Tác Giả', 28, 96000, 3, 20),
	(25, 'Từ Kế Tường', 0, 'Như Mưa Ngọt Ngào\n\nCó những nhà văn giữ được phong cách, ngôn ngữ của mình, mà không trải qua giai đoạn chuyển đổi khó khăn. Về mặt này, Từ Kế Tường là một ảo thuật gia của ngôn ngữ tuổi mới lớn. Sự đa dạng trong cách sử dụng nhiều lối diễn ngôn đã làm nên một thế giới nhân vật kiểu riêng của ông, không bị trùng lặp.\n\nKhông ham chữ lạ, không quá cầu kỳ, nhà văn sử dụng năng lực tích hợp của các kiểu diễn ngôn phù hợp với chủ thể và ngữ cảnh để làm giàu các tính cách và những diễn biến tâm sinh lý của các nhân vật có xuất thân khác nhau. Từ đó, phát hiện ra những vẻ đẹp tâm hồn vừa khác biệt, vừa gần gũi.\n\nTừ Kế Tường - như từng được nhận xét - đã "ướp hương lên ngôn ngữ". Trang viết của ông đánh thức một thời hoa mộng về những cảm xúc mới lạ của lứa tuổi, như một người thầy lặng thầm chỉ dẫn những cách ứng xử, những kiến thức, kỹ năng sống mà không lớp học nào chỉ dạy, giúp mỗi người tự hoàn thiện nhận thức, đạo đức, tâm hồn. Những cuốn sách ấy giúp bạn đọc khám phá bí ẩn tâm hồn tuổi thơ, những tình cảm yêu đương đầu đời, có nhiều thứ thoáng qua rồi biến mất, nhưng có những tình cảm níu giữ lại suốt đời.\n\nHơn 50 năm qua, nhiều thế hệ người đọc, cảm thấy may mắn và hạnh phúc, khi có những cuốn sách của Từ Kế Tường làm bạn. Nhà văn đã sáng tạo ra một thế giới bao la để cho những tâm hồn trẻ nương náu, được an ủi, hy vọng khi ngoài kia, cuộc đời - nhất là trong những năm chiến tranh đầy những tai họa, bất trắc, cái thực dụng luôn lấn lướt.\n\nLần tái bản hàng trăm đầu sách này, có lẽ những người thực hiện muốn tiếp nối mong muốn: Xây dựng lại thương hiệu của một tác giả từng là best seller của người đọc một thế hệ.\n\nHy vọng những cuốn sách vẫn giữ được màu sắc trẻ trung, giúp những bạn đọc trong quá khứ xa và gần gặp lại tuổi ấu thơ vụng dại, hồn nhiên, và đầy sâu sắc. Các bạn trẻ hôm nay và cả ngày mai tìm thấy ở trong những nhân vật thời xa xưa ấy những người bạn đầy năng lượng sống, luôn vượt qua muôn vàn thử thách, không thụ động, bó tay trước những ngang trái trên đường đời.\n\nNhững cuốn sách hay không chỉ giúp giữ lửa mà còn thắp sáng đường đi phía trước của nhiều thế hệ.\n\n- Nhà phê bình Văn học Ngô Thảo.\n\nMã hàng	9786044773766\nTác giả	Từ Kế Tường\nNXB	Văn Học\nNăm XB	2023\nNgôn Ngữ	Tiếng Việt\nTrọng lượng (gr)	210\nKích Thước Bao Bì	20.5 x 13 x 0.9 cm\nSố trang	196\nHình thức	Bìa Mềm\nSản phẩm bán chạy nhất	Top 100 sản phẩm Tuổi Teen bán chạy của tháng\nGiá sản phẩm trên Fahasa.com đã bao gồm thuế theo luật hiện hành. Bên cạnh đó, tuỳ vào loại sản phẩm, hình thức và địa chỉ giao hàng mà có thể phát sinh thêm chi phí khác như Phụ phí đóng gói, phí vận chuyển, phụ phí hàng cồng kềnh,...\nChính sách khuyến mãi trên Fahasa.com không áp dụng cho Hệ thống Nhà sách Fahasa trên toàn quốc\nNhư Mưa Ngọt Ngào\n\nCó những nhà văn giữ được phong cách, ngôn ngữ của mình, mà không trải qua giai đoạn chuyển đổi khó khăn. Về mặt này, Từ Kế Tường là một ảo thuật gia của ngôn ngữ tuổi mới lớn. Sự đa dạng trong cách sử dụng nhiều lối diễn ngôn đã làm nên một thế giới nhân vật kiểu riêng của ông, không bị trùng lặp.\n\nKhông ham chữ lạ, không quá cầu kỳ, nhà văn sử dụng năng lực tích hợp của các kiểu diễn ngôn phù hợp với chủ thể và ngữ cảnh để làm giàu các tính cách và những diễn biến tâm sinh lý của các nhân vật có xuất thân khác nhau. Từ đó, phát hiện ra những vẻ đẹp tâm hồn vừa khác biệt, vừa gần gũi.\n\nTừ Kế Tường - như từng được nhận xét - đã "ướp hương lên ngôn ngữ". Trang viết của ông đánh thức một thời hoa mộng về những cảm xúc mới lạ của lứa tuổi, như một người thầy lặng thầm chỉ dẫn những cách ứng xử, những kiến thức, kỹ năng sống mà không lớp học nào chỉ dạy, giúp mỗi người tự hoàn thiện nhận thức, đạo đức, tâm hồn. Những cuốn sách ấy giúp bạn đọc khám phá bí ẩn tâm hồn tuổi thơ, những tình cảm yêu đương đầu đời, có nhiều thứ thoáng qua rồi biến mất, nhưng có những tình cảm níu giữ lại suốt đời.\n\nHơn 50 năm qua, nhiều thế hệ người đọc, cảm thấy may mắn và hạnh phúc, khi có những cuốn sách của Từ Kế Tường làm bạn. Nhà văn đã sáng tạo ra một thế giới bao la để cho những tâm hồn trẻ nương náu, được an ủi, hy vọng khi ngoài kia, cuộc đời - nhất là trong những năm chiến tranh đầy những tai họa, bất trắc, cái thực dụng luôn lấn lướt.\n\nLần tái bản hàng trăm đầu sách này, có lẽ những người thực hiện muốn tiếp nối mong muốn: Xây dựng lại thương hiệu của một tác giả từng là best seller của người đọc một thế hệ.\n\nHy vọng những cuốn sách vẫn giữ được màu sắc trẻ trung, giúp những bạn đọc trong quá khứ xa và gần gặp lại tuổi ấu thơ vụng dại, hồn nhiên, và đầy sâu sắc. Các bạn trẻ hôm nay và cả ngày mai tìm thấy ở trong những nhân vật thời xa xưa ấy những người bạn đầy năng lượng sống, luôn vượt qua muôn vàn thử thách, không thụ động, bó tay trước những ngang trái trên đường đời.\n\nNhững cuốn sách hay không chỉ giúp giữ lửa mà còn thắp sáng đường đi phía trước của nhiều thế hệ.\n\n- Nhà phê bình Văn học Ngô Thảo.', 100000, 'Như Mưa Ngọt Ngào', 12, 80000, 0, 20),
	(26, 'José Mauro de Vasconcelos', 0, '“Vị chua chát của cái nghèo hòa trộn với vị ngọt ngào khi khám phá ra những điều khiến cuộc đời này đáng sống... một tác phẩm kinh điển của Brazil.” - Booklist\n\n“Một cách nhìn cuộc sống gần như hoàn chỉnh từ con mắt trẻ thơ… có sức mạnh sưởi ấm và làm tan nát cõi lòng, dù người đọc ở lứa tuổi nào.” - The National\n\nHãy làm quen với Zezé, cậu bé tinh nghịch siêu hạng đồng thời cũng đáng yêu bậc nhất, với ước mơ lớn lên trở thành nhà thơ cổ thắt nơ bướm. Chẳng phải ai cũng công nhận khoản “đáng yêu” kia đâu nhé. Bởi vì, ở cái xóm ngoại ô nghèo ấy, nỗi khắc khổ bủa vây đã che mờ mắt người ta trước trái tim thiện lương cùng trí tưởng tượng tuyệt vời của cậu bé con năm tuổi.\n\nCó hề gì đâu bao nhiêu là hắt hủi, đánh mắng, vì Zezé đã có một người bạn đặc biệt để trút nỗi lòng: cây cam ngọt nơi vườn sau. Và cả một người bạn nữa, bằng xương bằng thịt, một ngày kia xuất hiện, cho cậu bé nhạy cảm khôn sớm biết thế nào là trìu mến, thế nào là nỗi đau, và mãi mãi thay đổi cuộc đời cậu.\n\nMở đầu bằng những thanh âm trong sáng và kết thúc lắng lại trong những nốt trầm hoài niệm, Cây cam ngọt của tôi khiến ta nhận ra vẻ đẹp thực sự của cuộc sống đến từ những điều giản dị như bông hoa trắng của cái cây sau nhà, và rằng cuộc đời thật khốn khổ nếu thiếu đi lòng yêu thương và niềm trắc ẩn. Cuốn sách kinh điển này bởi thế không ngừng khiến trái tim người đọc khắp thế giới thổn thức, kể từ khi ra mắt lần đầu năm 1968 tại Brazil.\n\nTÁC GIẢ:\n\nJOSÉ MAURO DE VASCONCELOS (1920-1984) là nhà văn người Brazil. Sinh ra trong một gia đình nghèo ở ngoại ô Rio de Janeiro, lớn lên ông phải làm đủ nghề để kiếm sống. Nhưng với tài kể chuyện thiên bẩm, trí nhớ phi thường, trí tưởng tượng tuyệt vời cùng vốn sống phong phú, José cảm thấy trong mình thôi thúc phải trở thành nhà văn nên đã bắt đầu sáng tác năm 22 tuổi. Tác phẩm nổi tiếng nhất của ông là tiểu thuyết mang màu sắc tự truyện Cây cam ngọt của tôi. Cuốn sách được đưa vào chương trình tiểu học của Brazil, được bán bản quyền cho hai mươi quốc gia và chuyển thể thành phim điện ảnh. Ngoài ra, José còn rất thành công trong vai trò diễn viên điện ảnh và biên kịch.\n\nMã hàng	8935235228351\nTên Nhà Cung Cấp	Nhã Nam\nTác giả	José Mauro de Vasconcelos\nNgười Dịch	Nguyễn Bích Lan, Tô Yến Ly\nNXB	NXB Hội Nhà Văn\nNăm XB	2020\nTrọng lượng (gr)	280\nKích Thước Bao Bì	20 x 14.5 cm\nSố trang	244\nHình thức	Bìa Mềm\nSản phẩm hiển thị trong	\nĐồ Chơi Cho Bé - Giá Cực Tốt\nNhã Nam\nRƯỚC DEAL LINH ĐÌNH VUI ĐÓN TRUNG THU\nSản phẩm bán chạy nhất	Top 100 sản phẩm Tiểu thuyết bán chạy của tháng\nGiá sản phẩm trên Fahasa.com đã bao gồm thuế theo luật hiện hành. Bên cạnh đó, tuỳ vào loại sản phẩm, hình thức và địa chỉ giao hàng mà có thể phát sinh thêm chi phí khác như Phụ phí đóng gói, phí vận chuyển, phụ phí hàng cồng kềnh,...\nChính sách khuyến mãi trên Fahasa.com không áp dụng cho Hệ thống Nhà sách Fahasa trên toàn quốc\n“Vị chua chát của cái nghèo hòa trộn với vị ngọt ngào khi khám phá ra những điều khiến cuộc đời này đáng sống... một tác phẩm kinh điển của Brazil.” - Booklist\n\n“Một cách nhìn cuộc sống gần như hoàn chỉnh từ con mắt trẻ thơ… có sức mạnh sưởi ấm và làm tan nát cõi lòng, dù người đọc ở lứa tuổi nào.” - The National\n\nHãy làm quen với Zezé, cậu bé tinh nghịch siêu hạng đồng thời cũng đáng yêu bậc nhất, với ước mơ lớn lên trở thành nhà thơ cổ thắt nơ bướm. Chẳng phải ai cũng công nhận khoản “đáng yêu” kia đâu nhé. Bởi vì, ở cái xóm ngoại ô nghèo ấy, nỗi khắc khổ bủa vây đã che mờ mắt người ta trước trái tim thiện lương cùng trí tưởng tượng tuyệt vời của cậu bé con năm tuổi.\n\nCó hề gì đâu bao nhiêu là hắt hủi, đánh mắng, vì Zezé đã có một người bạn đặc biệt để trút nỗi lòng: cây cam ngọt nơi vườn sau. Và cả một người bạn nữa, bằng xương bằng thịt, một ngày kia xuất hiện, cho cậu bé nhạy cảm khôn sớm biết thế nào là trìu mến, thế nào là nỗi đau, và mãi mãi thay đổi cuộc đời cậu.\n\nMở đầu bằng những thanh âm trong sáng và kết thúc lắng lại trong những nốt trầm hoài niệm, Cây cam ngọt của tôi khiến ta nhận ra vẻ đẹp thực sự của cuộc sống đến từ những điều giản dị như bông hoa trắng của cái cây sau nhà, và rằng cuộc đời thật khốn khổ nếu thiếu đi lòng yêu thương và niềm trắc ẩn. Cuốn sách kinh điển này bởi thế không ngừng khiến trái tim người đọc khắp thế giới thổn thức, kể từ khi ra mắt lần đầu năm 1968 tại Brazil.\n\nTÁC GIẢ:\n\nJOSÉ MAURO DE VASCONCELOS (1920-1984) là nhà văn người Brazil. Sinh ra trong một gia đình nghèo ở ngoại ô Rio de Janeiro, lớn lên ông phải làm đủ nghề để kiếm sống. Nhưng với tài kể chuyện thiên bẩm, trí nhớ phi thường, trí tưởng tượng tuyệt vời cùng vốn sống phong phú, José cảm thấy trong mình thôi thúc phải trở thành nhà văn nên đã bắt đầu sáng tác năm 22 tuổi. Tác phẩm nổi tiếng nhất của ông là tiểu thuyết mang màu sắc tự truyện Cây cam ngọt của tôi. Cuốn sách được đưa vào chương trình tiểu học của Brazil, được bán bản quyền cho hai mươi quốc gia và chuyển thể thành phim điện ảnh. Ngoài ra, José còn rất thành công trong vai trò diễn viên điện ảnh và biên kịch.', 108000, 'Cây Cam Ngọt Của Tôi', 32, 75600, 0, 30),
	(27, 'Duy Văn', 0, '“MA QUỶ DÂN GIAN KÝ” - KHI MA QUỶ VIỆT NAM CHÍNH THỨC ĐƯỢC ĐƯA VÀO TRANG SÁCH\n\nCuốn sách “Ma quỷ dân gian ký” là một trong số ít những công trình hiếm hoi đề cập đến những câu chuyện về ma quỷ được truyền miệng văn hóa dân gian Việt Nam, không chỉ là trong văn hóa của dân tộc Việt mà còn trong văn hóa của những dân tộc thiểu số khác ở nhiều vùng miền.\n\nKhác với văn hoá Phương Tây, các giai thoại về ma quỷ ở văn hoá Phương Đông - đặc biệt là Việt Nam thường cho thấy ma quỷ gần gũi với con người hơn. Thường ma “xuất thân” từ những linh hồn của người đã khuất, hoặc một biến đổi về tâm linh với những loài vật quen thuộc đang sống. Chính vì vậy, trong văn hoá Việt Nam các vùng miền, ma quỷ xuất hiện nhiều trong những câu chuyện, tin đồn dân gian, thường để giải trí, hoặc doạ nạt, nhưng phía sau là giáo huấn, răn dạy người khác phải tôn trọng những vùng đất, thiên nhiên hoặc mộ phần của người đã mất. Và phía sau ma quỷ, là những tâm tình, những thói quen, quan niệm về tự nhiên, về lẽ phải của người Việt trong đời sống sinh hoạt hằng ngày. Song, từ trước đến nay, chưa có một khảo cứu đầy đủ nào về ma quỷ ở Việt Nam, cho đến khi “Ma Quỷ Dân Gian Ký” ra đời.\n\nTác phẩm là một bộ sách du khảo tập hợp các loài ma quỷ và hiện tượng tâm linh trong văn hoá truyền miệng ở Việt Nam, được chia làm các chương nhỏ, đi kèm với tranh vẽ theo phong cách dân gian hiện đại. Mỗi chương sẽ gồm một chủ đề, với minh hoạ sống động và những thông tin đầy đủ về định nghĩa, đặc tính và niềm tin dân gian về các loại ma quỷ. Cuối sách là phần phụ lục các sáng tác thơ truyện liên quan đến ma quỷ dân gian.\n\nHoạ sỹ Duy Văn và các cộng sự đã cất công sưu tầm những truyện xưa tích cũ từ trong sách vở, các chuyến điền dã và cả từ hiểu biết của những người xung quanh. Kể từ đó, anh lập nên một bảng danh sách các loài ma quỷ và hiện tượng tâm linh ở Việt Nam. Điểm đặc biệt là Duy Văn đã thổi một hồn cốt dân gian qua những nét vẽ kết hợp lối vẽ doodle và tranh dân gian. Trong lời giới thiệu, tác giả cho biết động lực lớn nhất của anh là để phát huy một nét văn hoá đã tồn tại từ lâu, nhưng thường đi theo những cấm kị, không được công nhận đúng mức; trong khi các nước châu Á như Nhật Bản, Thái Lan, Trung Quốc đều có những sự bảo tồn với văn hoá ma quỷ của họ thông qua các hình thức diễn trình, hoặc khai thác làm phim ảnh, thương mại.\n\n“Không những các sản phẩm từ trí tưởng tượng, mà cả những con ma thật được đưa vào chuyện dân gian đều có ý nghĩa riêng đặc biệt. Không biết tự bao giờ “con không ăn là Ông Kẹ tới bắt”, “trên cây dừa có ma tóc dài đánh du, đi chơi khuya là bị nó bắt”, “không ra tắm sông giữa trưa, không con ma da nó lôi chân”… còn nhiều những câu chuyện nữa gắn liền với những câu nói cửa miệng mà thuở nhỏ chắc hẳn nhiều người hay nghe.\n\nÔng bà ta dùng những hình ảnh ma quỷ để răn dạy con cháu một cách khéo léo. Thuở xưa nạn bắt cóc nhiều người ta nghĩ ra ông ba bị để con cái ngoan ngoãn ở nhà, không quấy phá. Nếu đời sống thôn quê có nhiều thành phần tiểu tiện bừa bãi mà không xử lí, chúng ta có Ma Lai, sẽ ăn phân và gây chết do đứt ruột. Từ đó mọi người chú ý giữ vệ sinh hơn. Đó chính là ý nghĩa nhân văn của ma quỷ trong dân gian.” - Hoạ sỹ Duy Văn tâm sự.\n\nĐây sẽ là một bộ sách tiên phong về lĩnh vực vừa quen vừa mới lạ với văn hoá Việt. Đặc biệt sẽ là nguồn tham khảo cực kì phong phú và đáng giá cho những cá nhân, tập thể làm các dự án sáng tạo ở Việt Nam, như nhà văn Di Li nhận xét: “Ma Quỷ Dân Gian Ký không chỉ là một cuốn sách để đọc, để cảm thấy thú vị mà còn là tư liệu tốt cho những nhà văn đang viết truyện kinh dị, hoặc các thể loại văn học có yếu tố huyền ảo”.\n\nMã hàng	8936213490357\nTên Nhà Cung Cấp	CÔNG TY CỔ PHẦN VĂN HÓA VÀ TRUYỀN THÔNG LINH LAN\nTác giả	Duy Văn\nNXB	Hội Nhà Văn\nNăm XB	2023\nNgôn Ngữ	Tiếng Việt\nTrọng lượng (gr)	320\nKích Thước Bao Bì	21.5 x 17 x 1 cm\nSố trang	260\nHình thức	Bìa Mềm\nSản phẩm bán chạy nhất	Top 100 sản phẩm Truyện Trinh Thám - Kiếm Hiệp bán chạy của tháng\nGiá sản phẩm trên Fahasa.com đã bao gồm thuế theo luật hiện hành. Bên cạnh đó, tuỳ vào loại sản phẩm, hình thức và địa chỉ giao hàng mà có thể phát sinh thêm chi phí khác như Phụ phí đóng gói, phí vận chuyển, phụ phí hàng cồng kềnh,...\nChính sách khuyến mãi trên Fahasa.com không áp dụng cho Hệ thống Nhà sách Fahasa trên toàn quốc\n“MA QUỶ DÂN GIAN KÝ” - KHI MA QUỶ VIỆT NAM CHÍNH THỨC ĐƯỢC ĐƯA VÀO TRANG SÁCH\n\nCuốn sách “Ma quỷ dân gian ký” là một trong số ít những công trình hiếm hoi đề cập đến những câu chuyện về ma quỷ được truyền miệng văn hóa dân gian Việt Nam, không chỉ là trong văn hóa của dân tộc Việt mà còn trong văn hóa của những dân tộc thiểu số khác ở nhiều vùng miền.\n\nKhác với văn hoá Phương Tây, các giai thoại về ma quỷ ở văn hoá Phương Đông - đặc biệt là Việt Nam thường cho thấy ma quỷ gần gũi với con người hơn. Thường ma “xuất thân” từ những linh hồn của người đã khuất, hoặc một biến đổi về tâm linh với những loài vật quen thuộc đang sống. Chính vì vậy, trong văn hoá Việt Nam các vùng miền, ma quỷ xuất hiện nhiều trong những câu chuyện, tin đồn dân gian, thường để giải trí, hoặc doạ nạt, nhưng phía sau là giáo huấn, răn dạy người khác phải tôn trọng những vùng đất, thiên nhiên hoặc mộ phần của người đã mất. Và phía sau ma quỷ, là những tâm tình, những thói quen, quan niệm về tự nhiên, về lẽ phải của người Việt trong đời sống sinh hoạt hằng ngày. Song, từ trước đến nay, chưa có một khảo cứu đầy đủ nào về ma quỷ ở Việt Nam, cho đến khi “Ma Quỷ Dân Gian Ký” ra đời.\n\nTác phẩm là một bộ sách du khảo tập hợp các loài ma quỷ và hiện tượng tâm linh trong văn hoá truyền miệng ở Việt Nam, được chia làm các chương nhỏ, đi kèm với tranh vẽ theo phong cách dân gian hiện đại. Mỗi chương sẽ gồm một chủ đề, với minh hoạ sống động và những thông tin đầy đủ về định nghĩa, đặc tính và niềm tin dân gian về các loại ma quỷ. Cuối sách là phần phụ lục các sáng tác thơ truyện liên quan đến ma quỷ dân gian.\n\nHoạ sỹ Duy Văn và các cộng sự đã cất công sưu tầm những truyện xưa tích cũ từ trong sách vở, các chuyến điền dã và cả từ hiểu biết của những người xung quanh. Kể từ đó, anh lập nên một bảng danh sách các loài ma quỷ và hiện tượng tâm linh ở Việt Nam. Điểm đặc biệt là Duy Văn đã thổi một hồn cốt dân gian qua những nét vẽ kết hợp lối vẽ doodle và tranh dân gian. Trong lời giới thiệu, tác giả cho biết động lực lớn nhất của anh là để phát huy một nét văn hoá đã tồn tại từ lâu, nhưng thường đi theo những cấm kị, không được công nhận đúng mức; trong khi các nước châu Á như Nhật Bản, Thái Lan, Trung Quốc đều có những sự bảo tồn với văn hoá ma quỷ của họ thông qua các hình thức diễn trình, hoặc khai thác làm phim ảnh, thương mại.\n\n“Không những các sản phẩm từ trí tưởng tượng, mà cả những con ma thật được đưa vào chuyện dân gian đều có ý nghĩa riêng đặc biệt. Không biết tự bao giờ “con không ăn là Ông Kẹ tới bắt”, “trên cây dừa có ma tóc dài đánh du, đi chơi khuya là bị nó bắt”, “không ra tắm sông giữa trưa, không con ma da nó lôi chân”… còn nhiều những câu chuyện nữa gắn liền với những câu nói cửa miệng mà thuở nhỏ chắc hẳn nhiều người hay nghe.\n\nÔng bà ta dùng những hình ảnh ma quỷ để răn dạy con cháu một cách khéo léo. Thuở xưa nạn bắt cóc nhiều người ta nghĩ ra ông ba bị để con cái ngoan ngoãn ở nhà, không quấy phá. Nếu đời sống thôn quê có nhiều thành phần tiểu tiện bừa bãi mà không xử lí, chúng ta có Ma Lai, sẽ ăn phân và gây chết do đứt ruột. Từ đó mọi người chú ý giữ vệ sinh hơn. Đó chính là ý nghĩa nhân văn của ma quỷ trong dân gian.” - Hoạ sỹ Duy Văn tâm sự.\n\nĐây sẽ là một bộ sách tiên phong về lĩnh vực vừa quen vừa mới lạ với văn hoá Việt. Đặc biệt sẽ là nguồn tham khảo cực kì phong phú và đáng giá cho những cá nhân, tập thể làm các dự án sáng tạo ở Việt Nam, như nhà văn Di Li nhận xét: “Ma Quỷ Dân Gian Ký không chỉ là một cuốn sách để đọc, để cảm thấy thú vị mà còn là tư liệu tốt cho những nhà văn đang viết truyện kinh dị, hoặc các thể loại văn học có yếu tố huyền ảo”.', 268000, 'Ma Quỷ Dân Gian Ký', 5, 227800, 1, 15),
	(28, 'Paulo Coelho', 0, 'Tất cả những trải nghiệm trong chuyến phiêu du theo đuổi vận mệnh của mình đã giúp Santiago thấu hiểu được ý nghĩa sâu xa nhất của hạnh phúc, hòa hợp với vũ trụ và con người. \n\nTiểu thuyết Nhà giả kim của Paulo Coelho như một câu chuyện cổ tích giản dị, nhân ái, giàu chất thơ, thấm đẫm những minh triết huyền bí của phương Đông. Trong lần xuất bản đầu tiên tại Brazil vào năm 1988, sách chỉ bán được 900 bản. Nhưng, với số phận đặc biệt của cuốn sách dành cho toàn nhân loại, vượt ra ngoài biên giới quốc gia, Nhà giả kim đã làm rung động hàng triệu tâm hồn, trở thành một trong những cuốn sách bán chạy nhất mọi thời đại, và có thể làm thay đổi cuộc đời người đọc.\n\n“Nhưng nhà luyện kim đan không quan tâm mấy đến những điều ấy. Ông đã từng thấy nhiều người đến rồi đi, trong khi ốc đảo và sa mạc vẫn là ốc đảo và sa mạc. Ông đã thấy vua chúa và kẻ ăn xin đi qua biển cát này, cái biển cát thường xuyên thay hình đổi dạng vì gió thổi nhưng vẫn mãi mãi là biển cát mà ông đã biết từ thuở nhỏ. Tuy vậy, tự đáy lòng mình, ông không thể không cảm thấy vui trước hạnh phúc của mỗi người lữ khách, sau bao ngày chỉ có cát vàng với trời xanh nay được thấy chà là xanh tươi hiện ra trước mắt. ‘Có thể Thượng đế tạo ra sa mạc chỉ để cho con người biết quý trọng cây chà là,’ ông nghĩ.”\n\n- Trích Nhà giả kim\n\nNhận định\n\n“Sau Garcia Márquez, đây là nhà văn Mỹ Latinh được đọc nhiều nhất thế giới.” - The Economist, London, Anh\n\n \n\n“Santiago có khả năng cảm nhận bằng trái tim như Hoàng tử bé của Saint-Exupéry.” - Frankfurter Allgemeine Zeitung, Đức\n\nMã hàng	8935235226272\nTên Nhà Cung Cấp	Nhã Nam\nTác giả	Paulo Coelho\nNgười Dịch	Lê Chu Cầu\nNXB	NXB Hội Nhà Văn\nNăm XB	2020\nTrọng lượng (gr)	220\nKích Thước Bao Bì	20.5 x 13 cm\nSố trang	227\nHình thức	Bìa Mềm\nSản phẩm hiển thị trong	\nĐồ Chơi Cho Bé - Giá Cực Tốt\nNhã Nam\nTop sách được phiên dịch nhiều nhất\nRƯỚC DEAL LINH ĐÌNH VUI ĐÓN TRUNG THU\nSản phẩm bán chạy nhất	Top 100 sản phẩm Tiểu thuyết bán chạy của tháng\nGiá sản phẩm trên Fahasa.com đã bao gồm thuế theo luật hiện hành. Bên cạnh đó, tuỳ vào loại sản phẩm, hình thức và địa chỉ giao hàng mà có thể phát sinh thêm chi phí khác như Phụ phí đóng gói, phí vận chuyển, phụ phí hàng cồng kềnh,...\nChính sách khuyến mãi trên Fahasa.com không áp dụng cho Hệ thống Nhà sách Fahasa trên toàn quốc\nTất cả những trải nghiệm trong chuyến phiêu du theo đuổi vận mệnh của mình đã giúp Santiago thấu hiểu được ý nghĩa sâu xa nhất của hạnh phúc, hòa hợp với vũ trụ và con người. \n\nTiểu thuyết Nhà giả kim của Paulo Coelho như một câu chuyện cổ tích giản dị, nhân ái, giàu chất thơ, thấm đẫm những minh triết huyền bí của phương Đông. Trong lần xuất bản đầu tiên tại Brazil vào năm 1988, sách chỉ bán được 900 bản. Nhưng, với số phận đặc biệt của cuốn sách dành cho toàn nhân loại, vượt ra ngoài biên giới quốc gia, Nhà giả kim đã làm rung động hàng triệu tâm hồn, trở thành một trong những cuốn sách bán chạy nhất mọi thời đại, và có thể làm thay đổi cuộc đời người đọc.\n\n“Nhưng nhà luyện kim đan không quan tâm mấy đến những điều ấy. Ông đã từng thấy nhiều người đến rồi đi, trong khi ốc đảo và sa mạc vẫn là ốc đảo và sa mạc. Ông đã thấy vua chúa và kẻ ăn xin đi qua biển cát này, cái biển cát thường xuyên thay hình đổi dạng vì gió thổi nhưng vẫn mãi mãi là biển cát mà ông đã biết từ thuở nhỏ. Tuy vậy, tự đáy lòng mình, ông không thể không cảm thấy vui trước hạnh phúc của mỗi người lữ khách, sau bao ngày chỉ có cát vàng với trời xanh nay được thấy chà là xanh tươi hiện ra trước mắt. ‘Có thể Thượng đế tạo ra sa mạc chỉ để cho con người biết quý trọng cây chà là,’ ông nghĩ.”\n\n- Trích Nhà giả kim\n\nNhận định\n\n“Sau Garcia Márquez, đây là nhà văn Mỹ Latinh được đọc nhiều nhất thế giới.” - The Economist, London, Anh\n\n \n\n“Santiago có khả năng cảm nhận bằng trái tim như Hoàng tử bé của Saint-Exupéry.” - Frankfurter Allgemeine Zeitung, Đức', 79000, 'Nhà Giả Kim (Tái Bản 2020)', 20, 55300, 0, 30),
	(29, 'Cố Mạn', 0, 'Bên Nhau Trọn Đời\n\nNăm 2015, “Bên nhau trọn đời” đã được chuyển thể thành phim truyền hình. Kịch bản do chính tác giả Cố Mạn và bạn thân Mặc Bảo Phi Bảo chấp bút.\n\nThông tin tác phẩm:\n\nBảy năm trước, vì hiểu lầm và cả sự chen chân của Hà Dĩ Mai mà Triệu Mặc Sênh đau lòng rời bỏ Hà Dĩ Thâm, lên máy bay sang Mỹ. Cô cứ nghĩ rằng anh không đau lòng, là anh đuổi cô đi, mà đâu ngờ cuộc chia ly năm ấy đã trở thành tổn thương khó xóa nhòa trong lòng anh.\n\nNhiều năm sau, có rất nhiều cô gái để mắt đến Dĩ Thâm, nhưng lòng anh chẳng thể dung chứa ai ngoài cô gái đã mải miết theo đuổi anh suốt một năm ròng ở trường Đại học.\n\nBảy năm sau gặp lại, cô trở thành nhiếp ảnh gia của một tạp chí, còn anh là luật sư nổi tiếng được nhiều người biết đến. Họ vô tình hội ngộ tại siêu thị, rồi một lần nữa bước vào đời nhau.\n\nTriệu Mặc Sênh của bảy năm sau không còn nhiều tự tin như cô gái theo đuổi Hà Dĩ Thâm năm nào. Thay vào đó, lần này là anh chủ động đến bên cô ấy, đòi cô phải kết hôn với mình.\n\nCuộc hôn nhân đến với họ chớp nhoáng, mới đầu có phần khiên cưỡng, nhưng rồi thời gian đã chứng minh, trong lòng anh có cô, trong lòng cô có anh, thứ họ thiếu là khoảng không gian được gần nhau. Và một khi đã coi bản thân là người của đối phương, mọi hiểu lầm cũng theo đó được hóa giải, hạnh phúc lại tràn ngập như ánh nắng mùa xuân.\n\n“Bên nhau trọn đời” là một chuyện tình không quá đau thương, không quá phức tạp nhưng lại khiến người đọc mãi không thể quên. Trong lần tái bản này, “Bên nhau trọn đời” được bổ sung một vài tình tiết chưa từng có trong các phiên bản trước, đồng thời in kèm lời chúc, cùng chữ kí của tác giả Cố mạn. Ngoài ra, sách còn có bộ 5 tranh minh họa màu và 4 bookmark của họa sĩ ENO Hà Hà Vũ.\n\nThông tin tác giả:\n\nCố Mạn là tác giả trẻ Trung Quốc được yêu mến. Cô sinh năm 1981, thuộc chòm sao Thiên Bình. Cô còn được biết tới với nickname: Rùa, Rùa Mạn.\n\nCác tác phẩm của Cố Mạn từng được xuất bản gồm: Bên nhau trọn đời, Yêu em từ cái nhìn đầu tiên, Sam Sam đến đây ăn nào, Tôi như ánh dương rạng rỡ (tập 1).\n\n', 145000, 'Bên Nhau Trọn Đời (Tái Bản 2022)', 15, 89900, 0, 38),
	(30, 'Jonathan Auxier', 0, 'Peter Nimble & Những Đôi Mắt Thần\n\n"... những đứa trẻ mù đa phần là những siêu trộm tài ba. Chúng có khứu giác thật đáng kinh ngạc và có thể nói cho bạn biết thứ gì đang nằm phía sau cánh cửa bị khóa... dù chúng đứng cách cánh cửa đến năm mươi bước chân. Hơn thế, ngón tay của chúng đủ nhỏ để luồn qua lỡ khóa, tai chúng đủ thính để nhận ra những tiếng lạch cạch nhỏ nhất của mỗi chi tiết bên trong ổ khóa phức tạp nhất. Tất nhiên, thời huy hoàng của nghề trộm cắp đã qua... song đã có thời điểm, thế giới này đầy rẫy những tên trộm siêu đẳng như vậy. Và đây là câu chuyện về siêu trộm tài ba nhất mà tôi từng biết - PERTER NIMBLE."', 130000, 'Peter Nimble & Những Đôi Mắt Thần', 18, 110500, 0, 15),
	(31, 'Hứa Đại Bằng', 0, 'Điều Tra Hiện Trường Án Mạng - Những Tội Ác Không Hoàn Hảo\n\nNhững kẻ g.i.ế.t người hàng loạt khét tiếng đều là những kẻ coi mạng người như cỏ rác, trong quá trình gây án, chúng thường dùng các thủ đoạn vô cùng tàn nhẫn để h.à.n.h h.ạ, t.r.a t.ấ.n nạn nhân. Có thể nói, tâm lý của những tên sát thủ liên hoàn này rất bất thường, trong số chúng, có tên là kẻ tâm lý biến thái, có tên mắc chứng rối loạn nhân cách chống đối xã hội, còn có những tên là người cực kỳ tàn nhẫn, cực kỳ máu lạnh. Có thể khẳng định chắc chắn rằng, tâm lý của những kẻ này hoàn toàn khác với tâm lý của người bình thường, vì thế nên chúng có thể gây ra các hành vi tàn nhẫn đến nỗi người bình thường thậm chí còn không dám nghĩ tới. Cũng chính vì nguyên nhân này, khi những tên sát thủ liên hoàn vừa mới bắt đầu điên cuồng gây án, cảnh sát chưa thể nào bắt chúng ngay được.\n\nLúc này các chuyên gia tâm lý tội phạm sẽ vào cuộc. Không chỉ nghiên cứu động thái tâm lý của hung thủ, các chuyên gia tâm lý tội phạm còn tổng kết lại động cơ gây án của hung thủ cũng như nguyên nhân khiến cho hung thủ bước vào con đường phạm tội, đồng thời từ đó tìm ra các tín hiệu cảnh báo trước khả năng gây án của hung thủ, nhằm ngăn chặn những việc không hay xảy ra.\n\n“Điều tra hiện trường án mạng: Những tội ác không hoàn hảo” sẽ đưa bạn bước vào những hiện trường vụ án kinh hoàng vượt xa khỏi tưởng tượng một cách chân thực nhất như: Vụ án "kẻ săn da đầu" b.ệ.n.h h.o.ạ.n gây rúng động châu Âu; Kẻ s.á.t nhân hàng loạt cải trang thành thợ sửa ống nước c.ư.ỡ.n.g h.i.ế.p và g/i/ế/t phụ nữ ở nhà một mình; Thảm án diệt cả gia đình…\n\nThông qua những tội ác kỳ quái và man r.ợ, bạn sẽ hiểu được thế giới nội tâm của tội phạm được bao phủ bởi máu và sự xấu xí từng lớp một như thế nào. Bạn sẽ khám phá ra nhiều động cơ phạm tội đáng ngạc nhiên và thấy được tác động của những trải nghiệm thời thơ ấu đối với con người.\n\nBạn đã sẵn sàng vén màn sương của vụ án, bóc kén và tìm ra sự thật khiến tội phạm không thể lẩn trốn cùng các bậc thầy tâm lý tội phạm chưa?\n\nMã hàng	8935325015731\nTên Nhà Cung Cấp	AZ Việt Nam\nTác giả	Hứa Đại Bằng\nNgười Dịch	Celia Nguyễn\nNXB	Dân Trí\nNăm XB	2023\nNgôn Ngữ	Tiếng Việt\nTrọng lượng (gr)	270\nKích Thước Bao Bì	20.5 x 14.5 x 1.2 cm\nSố trang	256\nHình thức	Bìa Mềm\nSản phẩm bán chạy nhất	Top 100 sản phẩm Truyện Trinh Thám - Kiếm Hiệp bán chạy của tháng\nGiá sản phẩm trên Fahasa.com đã bao gồm thuế theo luật hiện hành. Bên cạnh đó, tuỳ vào loại sản phẩm, hình thức và địa chỉ giao hàng mà có thể phát sinh thêm chi phí khác như Phụ phí đóng gói, phí vận chuyển, phụ phí hàng cồng kềnh,...\nChính sách khuyến mãi trên Fahasa.com không áp dụng cho Hệ thống Nhà sách Fahasa trên toàn quốc\nĐiều Tra Hiện Trường Án Mạng - Những Tội Ác Không Hoàn Hảo\n\nNhững kẻ g.i.ế.t người hàng loạt khét tiếng đều là những kẻ coi mạng người như cỏ rác, trong quá trình gây án, chúng thường dùng các thủ đoạn vô cùng tàn nhẫn để h.à.n.h h.ạ, t.r.a t.ấ.n nạn nhân. Có thể nói, tâm lý của những tên sát thủ liên hoàn này rất bất thường, trong số chúng, có tên là kẻ tâm lý biến thái, có tên mắc chứng rối loạn nhân cách chống đối xã hội, còn có những tên là người cực kỳ tàn nhẫn, cực kỳ máu lạnh. Có thể khẳng định chắc chắn rằng, tâm lý của những kẻ này hoàn toàn khác với tâm lý của người bình thường, vì thế nên chúng có thể gây ra các hành vi tàn nhẫn đến nỗi người bình thường thậm chí còn không dám nghĩ tới. Cũng chính vì nguyên nhân này, khi những tên sát thủ liên hoàn vừa mới bắt đầu điên cuồng gây án, cảnh sát chưa thể nào bắt chúng ngay được.\n\nLúc này các chuyên gia tâm lý tội phạm sẽ vào cuộc. Không chỉ nghiên cứu động thái tâm lý của hung thủ, các chuyên gia tâm lý tội phạm còn tổng kết lại động cơ gây án của hung thủ cũng như nguyên nhân khiến cho hung thủ bước vào con đường phạm tội, đồng thời từ đó tìm ra các tín hiệu cảnh báo trước khả năng gây án của hung thủ, nhằm ngăn chặn những việc không hay xảy ra.\n\n“Điều tra hiện trường án mạng: Những tội ác không hoàn hảo” sẽ đưa bạn bước vào những hiện trường vụ án kinh hoàng vượt xa khỏi tưởng tượng một cách chân thực nhất như: Vụ án "kẻ săn da đầu" b.ệ.n.h h.o.ạ.n gây rúng động châu Âu; Kẻ s.á.t nhân hàng loạt cải trang thành thợ sửa ống nước c.ư.ỡ.n.g h.i.ế.p và g/i/ế/t phụ nữ ở nhà một mình; Thảm án diệt cả gia đình…\n\nThông qua những tội ác kỳ quái và man r.ợ, bạn sẽ hiểu được thế giới nội tâm của tội phạm được bao phủ bởi máu và sự xấu xí từng lớp một như thế nào. Bạn sẽ khám phá ra nhiều động cơ phạm tội đáng ngạc nhiên và thấy được tác động của những trải nghiệm thời thơ ấu đối với con người.\n\nBạn đã sẵn sàng vén màn sương của vụ án, bóc kén và tìm ra sự thật khiến tội phạm không thể lẩn trốn cùng các bậc thầy tâm lý tội phạm chưa?', 109000, 'Điều Tra Hiện Trường Án Mạng - Những Tội Ác Không Hoàn Hảo', 4, 98100, 0, 10),
	(32, 'Tớ Là Mây', 0, 'Chưa Kịp Lớn Đã Trưởng Thành\n\nChúng ta của hiện tại, đều chưa kịp lớn đã phải trưởng thành.\n\nLúc còn nhỏ có thể khóc cười tuỳ ý. Trưởng thành rồi mới biết hành động cũng cần nhìn sắc mặt người khác.\n\nLúc còn nhỏ có thể sống vô tư, vô lo. Trưởng thành rồi mới biết nếu chậm chân hơn người khác, chắc chắn sẽ bị đào thải bất cứ lúc nào.\n\nLúc còn nhỏ có thể khao khát, mơ mộng. Trưởng thành rồi mới biết thế giới ngoài kia thực sự rất tàn khốc.\n\nChúng ta đều giống nhau, lúc còn nhỏ đều khao khát trưởng thành. Trưởng thành rồi lại loay hoay học cách trở thành người lớn.\n\nNếu bạn đang trải qua giai đoạn lạc lõng và cô đơn như vậy, hãy để “Chưa kịp lớn đã phải trưởng thành” làm một người bạn ở bên, xoa dịu tổn thương và gửi tặng bạn đôi điều khích lệ. Mỗi trang sách đều là một lá thư nhắn nhủ bạn về sự đặc biệt của bản thân, về những nỗ lực hoàn thiện không ngừng nghỉ trong thế giới của người trưởng thành.\n\nCầm trên tay cuốn sách này, bạn sẽ hiểu rằng: quá trình trưởng thành nào cũng đều có kì vọng và nuối tiếc nhưng con người luôn phải học cách vượt qua mơ hồ, gạt đi mộng tưởng mà lớn lên.\n\nGấp lại “Chưa kịp lớn đã phải trưởng thành”, mong bạn trở thành phiên bản hoàn hảo nhất để kịp trải nghiệm và tận hưởng khoảnh khắc của tuổi trẻ. Mong bạn bản lĩnh bước đi, có được tương lai mà mình mong muốn, càng mong bạn có được cuộc đời bình thản an nhiên.\n\nVà phần còn lại của tuổi trẻ, mong bạn sẽ thực sự hạnh phúc.\n\nMã hàng	9786048862862\nNhà Cung Cấp	Công Ty Cổ Phần Time Books\nTác giả	Tớ Là Mây\nNXB	Dân Trí\nNăm XB	2023\nNgôn Ngữ	Tiếng Việt\nTrọng lượng (gr)	185\nKích Thước Bao Bì	17 x 14 x 1.1 cm\nSố trang	240\nHình thức	Bìa Mềm\nSản phẩm bán chạy nhất	Top 100 sản phẩm Tiểu thuyết bán chạy của tháng\nGiá sản phẩm trên Fahasa.com đã bao gồm thuế theo luật hiện hành. Bên cạnh đó, tuỳ vào loại sản phẩm, hình thức và địa chỉ giao hàng mà có thể phát sinh thêm chi phí khác như Phụ phí đóng gói, phí vận chuyển, phụ phí hàng cồng kềnh,...\nChính sách khuyến mãi trên Fahasa.com không áp dụng cho Hệ thống Nhà sách Fahasa trên toàn quốc\nChưa Kịp Lớn Đã Trưởng Thành\n\nChúng ta của hiện tại, đều chưa kịp lớn đã phải trưởng thành.\n\nLúc còn nhỏ có thể khóc cười tuỳ ý. Trưởng thành rồi mới biết hành động cũng cần nhìn sắc mặt người khác.\n\nLúc còn nhỏ có thể sống vô tư, vô lo. Trưởng thành rồi mới biết nếu chậm chân hơn người khác, chắc chắn sẽ bị đào thải bất cứ lúc nào.\n\nLúc còn nhỏ có thể khao khát, mơ mộng. Trưởng thành rồi mới biết thế giới ngoài kia thực sự rất tàn khốc.\n\nChúng ta đều giống nhau, lúc còn nhỏ đều khao khát trưởng thành. Trưởng thành rồi lại loay hoay học cách trở thành người lớn.\n\nNếu bạn đang trải qua giai đoạn lạc lõng và cô đơn như vậy, hãy để “Chưa kịp lớn đã phải trưởng thành” làm một người bạn ở bên, xoa dịu tổn thương và gửi tặng bạn đôi điều khích lệ. Mỗi trang sách đều là một lá thư nhắn nhủ bạn về sự đặc biệt của bản thân, về những nỗ lực hoàn thiện không ngừng nghỉ trong thế giới của người trưởng thành.\n\nCầm trên tay cuốn sách này, bạn sẽ hiểu rằng: quá trình trưởng thành nào cũng đều có kì vọng và nuối tiếc nhưng con người luôn phải học cách vượt qua mơ hồ, gạt đi mộng tưởng mà lớn lên.\n\nGấp lại “Chưa kịp lớn đã phải trưởng thành”, mong bạn trở thành phiên bản hoàn hảo nhất để kịp trải nghiệm và tận hưởng khoảnh khắc của tuổi trẻ. Mong bạn bản lĩnh bước đi, có được tương lai mà mình mong muốn, càng mong bạn có được cuộc đời bình thản an nhiên.\n\nVà phần còn lại của tuổi trẻ, mong bạn sẽ thực sự hạnh phúc.', 79000, 'Chưa Kịp Lớn Đã Trưởng Thành (Tái Bản 2023)', 26, 55300, 0, 30),
	(33, 'Nguyễn Đình Tú', 0, 'Cuốn sách gồm 17 câu chuyện nhỏ xảy ra ở lớp 1G trường Hoa Mai dưới cái nhìn của một cậu bé tên là Xuân Chinh.\n\nMọi chuyện đều bắt đầu và xoay quanh ba bạn gái là My xinh, Phương hot girl và Lam Anh “hung thần”.\n\nNào là chuyện trốn trong toa-let để không phải ăn cơm, chuyện một lớp phó học tập được bầu ra đơn giản chỉ vì cậu ta… quậy nhất lớp hay nỗi băn khoăn tại sao bạn này lại thân với bạn kia mà không phải là thân với mình.\n\nTrải qua những phi vụ như Vụ mất tích bí ẩn, Dọa ma, rồi đến Anh hùng toilet, bạn đọc nhí sẽ biết đến Chiến công của My xinh, biết ai là Lính cứu hỏa không mặc quần, ai là Người mẫu và khán giả bất đắc dĩ; rồi cùng đến Nông trại để thăm nom trò chuyện với những cô bò sữa…\n\nCâu chuyện chọn nghề của các bạn nhỏ cũng thật bất ngờ: bạn thì thích làm nghề lái xe, làm phi công, làm lính cứu hỏa, làm bộ đội, bạn thì thích làm nghề nặn tò he, và có bạn còn thích cả làm nghề… hoa hậu. Đó là những cái thích rất đúng với tâm lý của trẻ thơ, là những gì các bạn nhỏ đã được nhìn thấy, thích thú hay ngưỡng mộ.\n\nMùa hè rồi, hãy cùng nhà văn Nguyễn Đình Tú đưa các bạn đọc nhí thăm thú những miền chữ hấp dẫn qua câu chuyện BA NÀNG LÍNH NGỰ LÂM nhé.\n\nĐây, mấy dòng đầu của nhà văn đã làm các bạn đọc nhí vô cùng hồi hộp:\n\n“Các cậu đã xem phim “Babier và Ba người lính ngự lâm” chưa? Tớ, dĩ nhiên là chưa xem và sẽ không xem. Cái phim dành cho mấy đứa con gái, toàn là mặc váy xanh đỏ tím vàng, con trai như tớ ai lại xem. Chúng tớ chỉ xem phim siêu nhân, đánh nhau bùm bùm bùm thôi. Nhưng mà đến lớp, con trai chúng tớ vẫn phải xem phim Những nàng lính ngự lâm đấy, mà diễn viên chính là các nàng trong lớp chúng tớ. Thế có sợ không cơ chứ. Nàng nào cũng nhận mình là lính ngự lâm, chiến đấu bảo vệ hoàng gia, mồm hét to như cái còi. Và thủ lĩnh của các nàng í là ba nàng cực kỳ hay tự nhận mình là xinh đẹp, là hotgirl và cũng vô cùng dữ dằn. Ba nàng ấy, nàng nào cũng đấm tớ mấy phát, cấu tớ mấy cấu đau ơi là đau rồi đấy”.\n\nMã hàng	9786043234855\nNhà Cung Cấp	CÔNG TY TNHH PHÁT HÀNH S BOOKS\nTác giả	Nguyễn Đình Tú\nNXB	NXB Văn Học\nNăm XB	2021\nTrọng lượng (gr)	120\nKích Thước Bao Bì	17.5 x 14 x 0.5 cm\nSố trang	128\nHình thức	Bìa Mềm\nSản phẩm bán chạy nhất	Top 100 sản phẩm Tuổi Teen bán chạy của tháng\nGiá sản phẩm trên Fahasa.com đã bao gồm thuế theo luật hiện hành. Bên cạnh đó, tuỳ vào loại sản phẩm, hình thức và địa chỉ giao hàng mà có thể phát sinh thêm chi phí khác như Phụ phí đóng gói, phí vận chuyển, phụ phí hàng cồng kềnh,...\nChính sách khuyến mãi trên Fahasa.com không áp dụng cho Hệ thống Nhà sách Fahasa trên toàn quốc\nBa Nàng Lính Ngự Lâm\n\nCuốn sách gồm 17 câu chuyện nhỏ xảy ra ở lớp 1G trường Hoa Mai dưới cái nhìn của một cậu bé tên là Xuân Chinh.\n\nMọi chuyện đều bắt đầu và xoay quanh ba bạn gái là My xinh, Phương hot girl và Lam Anh “hung thần”.\n\nNào là chuyện trốn trong toa-let để không phải ăn cơm, chuyện một lớp phó học tập được bầu ra đơn giản chỉ vì cậu ta… quậy nhất lớp hay nỗi băn khoăn tại sao bạn này lại thân với bạn kia mà không phải là thân với mình.\n\nTrải qua những phi vụ như Vụ mất tích bí ẩn, Dọa ma, rồi đến Anh hùng toilet, bạn đọc nhí sẽ biết đến Chiến công của My xinh, biết ai là Lính cứu hỏa không mặc quần, ai là Người mẫu và khán giả bất đắc dĩ; rồi cùng đến Nông trại để thăm nom trò chuyện với những cô bò sữa…\n\nCâu chuyện chọn nghề của các bạn nhỏ cũng thật bất ngờ: bạn thì thích làm nghề lái xe, làm phi công, làm lính cứu hỏa, làm bộ đội, bạn thì thích làm nghề nặn tò he, và có bạn còn thích cả làm nghề… hoa hậu. Đó là những cái thích rất đúng với tâm lý của trẻ thơ, là những gì các bạn nhỏ đã được nhìn thấy, thích thú hay ngưỡng mộ.\n\nMùa hè rồi, hãy cùng nhà văn Nguyễn Đình Tú đưa các bạn đọc nhí thăm thú những miền chữ hấp dẫn qua câu chuyện BA NÀNG LÍNH NGỰ LÂM nhé.\n\nĐây, mấy dòng đầu của nhà văn đã làm các bạn đọc nhí vô cùng hồi hộp:\n\n“Các cậu đã xem phim “Babier và Ba người lính ngự lâm” chưa? Tớ, dĩ nhiên là chưa xem và sẽ không xem. Cái phim dành cho mấy đứa con gái, toàn là mặc váy xanh đỏ tím vàng, con trai như tớ ai lại xem. Chúng tớ chỉ xem phim siêu nhân, đánh nhau bùm bùm bùm thôi. Nhưng mà đến lớp, con trai chúng tớ vẫn phải xem phim Những nàng lính ngự lâm đấy, mà diễn viên chính là các nàng trong lớp chúng tớ. Thế có sợ không cơ chứ. Nàng nào cũng nhận mình là lính ngự lâm, chiến đấu bảo vệ hoàng gia, mồm hét to như cái còi. Và thủ lĩnh của các nàng í là ba nàng cực kỳ hay tự nhận mình là xinh đẹp, là hotgirl và cũng vô cùng dữ dằn. Ba nàng ấy, nàng nào cũng đấm tớ mấy phát, cấu tớ mấy cấu đau ơi là đau rồi đấy”.', 58000, 'Ba Nàng Lính Ngự Lâm', 22, 49300, 1, 15),
	(34, 'Lưu Hiểu Huy', 0, 'GHI CHÉP PHÁP Y - NHỮNG CÁI CHẾT BÍ ẨN –\n\nLàm cách nào để một “xác chết lên tiếng”? - đó là công việc của bác sĩ pháp y. \n\n“Ghi chép pháp y - Những cái chết bí ẩn” là cuốn sách nằm trong hệ liệt với “Pháp y Tần Minh” - bộ tiểu thuyết nổi đình đám của xứ Trung đã được chuyển thể thành series phim. Cuốn sách tổng hợp những vụ án có thật, được viết bởi bác sĩ pháp y Lưu Hiểu Huy - người có 15 năm kinh nghiệm và từng mổ xẻ hơn 800 tử thi. \n\nTrải qua 15 câu chuyện kinh hoàng, cuốn sách sẽ đưa bạn bước vào hiện trường của những vụ án man rợ như: xác chết phi tang dưới cánh đồng ngô, thi thể thiếu nữ không lành lặn, xác chết nhầy nhụa đang bị giòi bọ đục khoét hay một thi thể co cứng trong màng bọc nilon…lần theo những dấu vết, ghép lại sự thật từ những mảnh vụn thi thể, nguyên nhân của cái chết sẽ dần được hé mở.\n\nMỗi vụ án đều là một ẩn số, hiện trường vụ án bao gồm cả xác chết chính là chiếc chìa khóa để truy tìm hung thủ ngay cả khi nó không còn nguyên vẹn. Vậy làm cách để các bác sĩ pháp y có thể xác định thương tật, các dấu hiệu cơ thể bị xâm hại? Cuốn sách này sẽ trình bày những kiến thức chuyên môn và quy trình xử lý vụ án, từ hiện trường vụ án đến đài giải phẫu, xét nghiệm nội tạng, phân tích chất độc… từng bước tìm ra bí mật ẩn giấu sau mỗi tử thi, phơi bày những manh mối liên quan đến tội ác con người và lỗ hổng của xã hội.\n\nKhông chỉ thuật lại những vụ án và các phương pháp pháp y, cuốn sách còn chứa đựng cảm xúc của tác giả đối với nghề nghiệp và sự méo mó của bản chất con người. Chẳng hạn, một đứa trẻ bệnh nặng phải đau đớn đến thế nào khi bị người nhà đem ra làm công cụ để đòi bồi thường? Cuốn sách sẽ phơi bày những góc khuất của xã hội, những hành vi thủ ác, sự biến chất và mất nhân tính của một bộ phận con người trong xã hội.\n\nNếu bạn tò mò muốn biết cách đánh giá tuổi của người chết dựa trên mức độ mòn răng? Hay cách dùng một con giòi từ người chết để suy ra thời điểm chính xác của vụ án giết người?  Hy vọng cuốn sách này sẽ cho bạn trải nghiệm khó quên về nghề pháp y.\n\nMã hàng	8935325009433\nTên Nhà Cung Cấp	AZ Việt Nam\nTác giả	Lưu Hiểu Huy\nNgười Dịch	Bùi Thanh Thúy\nNXB	Thanh Niên\nNăm XB	2022\nNgôn Ngữ	Tiếng Việt\nTrọng lượng (gr)	350\nKích Thước Bao Bì	24 x 15.7 cm\nSố trang	344\nHình thức	Bìa Mềm\nSản phẩm bán chạy nhất	Top 100 sản phẩm Tiểu thuyết bán chạy của tháng\nGiá sản phẩm trên Fahasa.com đã bao gồm thuế theo luật hiện hành. Bên cạnh đó, tuỳ vào loại sản phẩm, hình thức và địa chỉ giao hàng mà có thể phát sinh thêm chi phí khác như Phụ phí đóng gói, phí vận chuyển, phụ phí hàng cồng kềnh,...\nChính sách khuyến mãi trên Fahasa.com không áp dụng cho Hệ thống Nhà sách Fahasa trên toàn quốc\nGHI CHÉP PHÁP Y - NHỮNG CÁI CHẾT BÍ ẨN –\n\nLàm cách nào để một “xác chết lên tiếng”? - đó là công việc của bác sĩ pháp y. \n\n“Ghi chép pháp y - Những cái chết bí ẩn” là cuốn sách nằm trong hệ liệt với “Pháp y Tần Minh” - bộ tiểu thuyết nổi đình đám của xứ Trung đã được chuyển thể thành series phim. Cuốn sách tổng hợp những vụ án có thật, được viết bởi bác sĩ pháp y Lưu Hiểu Huy - người có 15 năm kinh nghiệm và từng mổ xẻ hơn 800 tử thi. \n\nTrải qua 15 câu chuyện kinh hoàng, cuốn sách sẽ đưa bạn bước vào hiện trường của những vụ án man rợ như: xác chết phi tang dưới cánh đồng ngô, thi thể thiếu nữ không lành lặn, xác chết nhầy nhụa đang bị giòi bọ đục khoét hay một thi thể co cứng trong màng bọc nilon…lần theo những dấu vết, ghép lại sự thật từ những mảnh vụn thi thể, nguyên nhân của cái chết sẽ dần được hé mở.\n\nMỗi vụ án đều là một ẩn số, hiện trường vụ án bao gồm cả xác chết chính là chiếc chìa khóa để truy tìm hung thủ ngay cả khi nó không còn nguyên vẹn. Vậy làm cách để các bác sĩ pháp y có thể xác định thương tật, các dấu hiệu cơ thể bị xâm hại? Cuốn sách này sẽ trình bày những kiến thức chuyên môn và quy trình xử lý vụ án, từ hiện trường vụ án đến đài giải phẫu, xét nghiệm nội tạng, phân tích chất độc… từng bước tìm ra bí mật ẩn giấu sau mỗi tử thi, phơi bày những manh mối liên quan đến tội ác con người và lỗ hổng của xã hội.\n\nKhông chỉ thuật lại những vụ án và các phương pháp pháp y, cuốn sách còn chứa đựng cảm xúc của tác giả đối với nghề nghiệp và sự méo mó của bản chất con người. Chẳng hạn, một đứa trẻ bệnh nặng phải đau đớn đến thế nào khi bị người nhà đem ra làm công cụ để đòi bồi thường? Cuốn sách sẽ phơi bày những góc khuất của xã hội, những hành vi thủ ác, sự biến chất và mất nhân tính của một bộ phận con người trong xã hội.\n\nNếu bạn tò mò muốn biết cách đánh giá tuổi của người chết dựa trên mức độ mòn răng? Hay cách dùng một con giòi từ người chết để suy ra thời điểm chính xác của vụ án giết người?  Hy vọng cuốn sách này sẽ cho bạn trải nghiệm khó quên về nghề pháp y.', 150000, 'Ghi Chép Pháp Y - Những Cái Chết Bí Ẩn', 30, 105000, 0, 30),
	(35, 'Nhiều tác giả', 0, '24 Chiêu Chước Học Trò\n\n24 chiêu chước học trò là bộ sưu tập những câu chuyện viết viết từ mái lớp, sân trường, trên đường đi học, trong những hàng quán có tên và không tên,... Là 24 tình huống đem đến đủ các thể loại cười. Là trang ký ức tươi hoài trong mỗi "tui" về một thời mới lớn.', 60000, '24 Chiêu Chước Học Trò', 12, 51000, 0, 15),
	(36, 'Gosho Aoyama, Takeharu SaKu', 5, 'Thám Tử Lừng Danh Conan - Tiểu Thuyết - Tàu Ngầm Sắt Màu Đen\n\nLần đầu tiên được phát hành đồng thời cùng phim điện ảnh.\n\nVào ngày 21/7 bộ phim chính thức khởi chiếu tại Việt Nam sau khi trở thành bom tấn phòng vé với doanh thu hơn 13 tỉ Yên tại Nhật.\n\nTÀU NGẦM SẮT MÀU ĐEN là một vụ án quy mô lớn, phức tạp với bối cảnh là đảo Hachijo-jima, nơi thám tử Conan, tổ chức FBI và lực lượng cảnh sát Nhật Bản sẽ đụng độ với những thành viên cộm cán nhất của tổ chức Áo đen.\n\nPhao Thái Bình Dương là cơ sở công nghệ cao kết nối mạng lưới máy quay an ninh toàn cầu. Kĩ sư từ khắp thế giới tề tựu về đây cùng thử nghiệm hệ thống camera tối tân “Xác thực già trẻ” do kĩ sư thiên tài Naomi chế tạo. Nhưng Naomi bị bắt cóc cùng với usb chứa bí mật…\n\nTổ chức Áo đen xuất hiện với nạn nhân mới là Haibara Ai. Không chỉ thân phận của cô có nguy cơ bại lộ mà tính mạng cũng bị đe dọa. Conan chứng kiến chiếc xe chở Haibara đã lao thẳng xuống biển… Số phận của Haibara sẽ ra sao? Conan làm cách nào để cứu được cô bạn? Những câu chuyện quá khứ, những cuộc chạm trán đầy duyên nợ, những bí mật nào tưởng đã chôn giấu dưới đáy biển lại trồi lên?\n\nMột vụ án li kì gay cấn, hồi hộp thót tim nhưng cũng chứa đựng những cảm xúc mãnh liệt về tình bạn, chính nghĩa và hòa bình cho nhân loại.\n\nTIỂU THUYẾT THÁM TỬ LỪNG DANH CONAN TÀU NGẦM SẮT MÀU ĐEN cuốn hút bạn đọc bởi câu chuyện vụ án li kì, diễn biến bất ngờ, những suy luận sắc sảo. Ngôn ngữ trong sáng, đơn giản, cách kể chuyện tuyến tính phù hợp với độc giả tuổi thiếu niên, những fan hâm mộ manga quen đọc truyện tranh sẽ thấy quen thuộc gần gũi và dễ dàng tiếp cận. 8 trang tranh màu đính kèm giới thiệu nhân vật và diễn biến vụ án cũng là điểm nhấn của cuốn sách như một món quà tặng kèm.\n\n---\n\nTác giả Shima MIZUKI\n\nSinh tại: tỉnh Aichi, Nhật Bản.\n\nCung hoàng đạo: Kim Ngưu\n\nNhóm máu: B\n\nSở thích: xem phim điện ảnh và phim truyền hình dài tập của nước ngoài, chơi đùa cùng cún cưng (hiện đang nuôi hai chú Chihuahua)\n\nShima MIZUKI là tác giả của các tiểu thuyết chuyển thể từ loạt phim Thám tử lừng danh Conan.\n\nMã hàng	8935244895773\nTên Nhà Cung Cấp	Nhà Xuất Bản Kim Đồng\nTác giả	Gosho Aoyama, Takeharu Sakurai, Shima Mizuki\nNgười Dịch	Thu Hằng\nNXB	Kim Đồng\nNăm XB	2023\nNgôn Ngữ	Tiếng Việt\nTrọng lượng (gr)	240\nKích Thước Bao Bì	19 x 13 x 1.1 cm\nSố trang	224\nHình thức	Bìa Mềm\nSản phẩm bán chạy nhất	Top 100 sản phẩm Tiểu thuyết bán chạy của tháng\nGiá sản phẩm trên Fahasa.com đã bao gồm thuế theo luật hiện hành. Bên cạnh đó, tuỳ vào loại sản phẩm, hình thức và địa chỉ giao hàng mà có thể phát sinh thêm chi phí khác như Phụ phí đóng gói, phí vận chuyển, phụ phí hàng cồng kềnh,...\nChính sách khuyến mãi trên Fahasa.com không áp dụng cho Hệ thống Nhà sách Fahasa trên toàn quốc\nThám Tử Lừng Danh Conan - Tiểu Thuyết - Tàu Ngầm Sắt Màu Đen\n\nLần đầu tiên được phát hành đồng thời cùng phim điện ảnh.\n\nVào ngày 21/7 bộ phim chính thức khởi chiếu tại Việt Nam sau khi trở thành bom tấn phòng vé với doanh thu hơn 13 tỉ Yên tại Nhật.\n\nTÀU NGẦM SẮT MÀU ĐEN là một vụ án quy mô lớn, phức tạp với bối cảnh là đảo Hachijo-jima, nơi thám tử Conan, tổ chức FBI và lực lượng cảnh sát Nhật Bản sẽ đụng độ với những thành viên cộm cán nhất của tổ chức Áo đen.\n\nPhao Thái Bình Dương là cơ sở công nghệ cao kết nối mạng lưới máy quay an ninh toàn cầu. Kĩ sư từ khắp thế giới tề tựu về đây cùng thử nghiệm hệ thống camera tối tân “Xác thực già trẻ” do kĩ sư thiên tài Naomi chế tạo. Nhưng Naomi bị bắt cóc cùng với usb chứa bí mật…\n\nTổ chức Áo đen xuất hiện với nạn nhân mới là Haibara Ai. Không chỉ thân phận của cô có nguy cơ bại lộ mà tính mạng cũng bị đe dọa. Conan chứng kiến chiếc xe chở Haibara đã lao thẳng xuống biển… Số phận của Haibara sẽ ra sao? Conan làm cách nào để cứu được cô bạn? Những câu chuyện quá khứ, những cuộc chạm trán đầy duyên nợ, những bí mật nào tưởng đã chôn giấu dưới đáy biển lại trồi lên?\n\nMột vụ án li kì gay cấn, hồi hộp thót tim nhưng cũng chứa đựng những cảm xúc mãnh liệt về tình bạn, chính nghĩa và hòa bình cho nhân loại.\n\nTIỂU THUYẾT THÁM TỬ LỪNG DANH CONAN TÀU NGẦM SẮT MÀU ĐEN cuốn hút bạn đọc bởi câu chuyện vụ án li kì, diễn biến bất ngờ, những suy luận sắc sảo. Ngôn ngữ trong sáng, đơn giản, cách kể chuyện tuyến tính phù hợp với độc giả tuổi thiếu niên, những fan hâm mộ manga quen đọc truyện tranh sẽ thấy quen thuộc gần gũi và dễ dàng tiếp cận. 8 trang tranh màu đính kèm giới thiệu nhân vật và diễn biến vụ án cũng là điểm nhấn của cuốn sách như một món quà tặng kèm.\n\n---\n\nTác giả Shima MIZUKI\n\nSinh tại: tỉnh Aichi, Nhật Bản.\n\nCung hoàng đạo: Kim Ngưu\n\nNhóm máu: B\n\nSở thích: xem phim điện ảnh và phim truyền hình dài tập của nước ngoài, chơi đùa cùng cún cưng (hiện đang nuôi hai chú Chihuahua)\n\nShima MIZUKI là tác giả của các tiểu thuyết chuyển thể từ loạt phim Thám tử lừng danh Conan.', 50000, 'Thám Tử Lừng Danh Conan - Tiểu Thuyết - Tàu Ngầm Sắt Màu Đen', 10, 45000, 2, 10),
	(37, 'Đoàn Phương Huyền', 0, 'Tủ Sách Tuổi Mới Lớn - Nắng Trong Lòng Phố\n\nNhững con phố trong tập truyện ngắn “Nắng trong lòng phố” hiện lên như một chứng nhân. Không chỉ là phố thị xô bồ mà còn là con phố quê yên bình, phố ở hiện thực và phố trong tâm tưởng. Phố chứng kiến những chuyện tình lãng mạn tuổi đôi mươi. Phố dõi theo những bước chân mưu sinh tha hương. Phố ôm ấp những cảnh đời bất hạnh nhưng chưa bao giờ đầu hàng số phận… Phố chứng kiến tất cả và chấp nhận tất cả..\n\nNhững câu chuyện cảm động cứ thế hiện ra theo từng con phố nhỏ, dưới lời văn giàu tình cảm của nhà văn Đoàn Phương Huyền. Bạn đọc sẽ tìm thấy những hồi ức thanh xuân tươi đẹp, những va vấp để trưởng thành, những cuộc gặp gỡ vừa quen vừa lạ, lẩn khuất trên những con đường, sau những ngôi nhà, dưới hàng cây. Để cuối cùng, điều đọng lại là cảm giác ấm áp của tình người, như nắng vẫn hiện diện sâu trong lòng phố…', 90000, 'Tủ Sách Tuổi Mới Lớn - Nắng Trong Lòng Phố', 28, 90000, 0, 0),
	(38, 'Nguyễn Thị Châu Giang', 0, 'Tủ Sách Tuổi Mới Lớn - Ba Chàng Trai, Một Cô Gái Và Những Chiếc Lá\n\nGiải thưởng cuộc thi vẽ tranh đưa cô gái nhỏ lần đầu tiên đến nước Mĩ. Thời gian lưu trú nơi đây, cô gái trầm tĩnh và hướng nội sống trong ngôi nhà của ba chàng du học sinh sôi động. Va chạm giữa người trẻ ở cuộc sống thường ngày, các rung động được bày tỏ hay giấu kín trong các chuyến đi, những điểm vừa tương đồng vừa khác biệt giữa cô nhỏ và các chàng trai đan cài vào nhau, dệt nên thiên truyện dồi dào chi tiết thực tế mà vẫn thật lung linh lãng mạn.\n\nBạn là ai trong Ba chàng trai, một cô gái và những chiếc lá? Hãy lật từng trang sách để phát hiện chính mình, và để nhận ra: Tình yêu đâu chỉ là hồi ức đẹp của tuổi trẻ, âm hưởng tình yêu sẽ thay đổi cuộc đời và hiện diện mãi trong hành trình cảm xúc của mỗi chúng ta.', 80000, 'Tủ Sách Tuổi Mới Lớn - Ba Chàng Trai, Một Cô Gái Và Những Chiếc Lá', 23, 68000, 0, 15),
	(39, 'Nguyễn Thu Thuỷ', 0, 'Tủ Sách Tuổi Mới Lớn - Những Lối Về Miền Hoa\n\nChuyện tình ngốc xít thời đi học của bạn gắn liền với điều gì? Là một nơi chốn, như góc quán quen đượm mùi cà phê? Là một thời điểm, như những ngày thứ Sáu hò hẹn? Là một cảnh sắc, như con đường mòn dẫn đến một miền hoa rực rỡ?...\n\nTất cả đều hiện diện trong Những lối về miền hoa, tập truyện kể về những rung động trong trẻo đầu đời với đủ cung bậc cảm xúc. Bạn đọc sẽ bồi hồi khi nhìn thấy mình trong từng nhân vật, từng câu chuyện, và nhận ra điều quan trọng nhất ở những mối tình tuổi trẻ: Những kí ức đáng giá sẽ theo ta đến cuối cuộc đời.', 85000, 'Tủ Sách Tuổi Mới Lớn - Những Lối Về Miền Hoa', 11, 72250, 1, 15),
	(40, ' Lê Trâm', 0, 'Mơ Về Phía Chân Trời\n\n“Mơ về phía chân trời có một không gian mở. Bắt đầu bằng ngôi nhà đầu Bãi Liều đến Lung Bà, Gò Trời và mở rộng dần về phía chân trời. Đó là nơi “mở ra những chân trời khác lạ, vô cùng phong phú trong trí tưởng tượng non nớt” của những nhân vật trong truyện. Một không gian gần gũi, thân quen bởi nó là căn nhà, mảnh vườn, rặng tre, cánh đồng, gò bãi… Và đó cũng là không gian quyến rũ, bí hiểm, gợi tò mò về những giấc mơ tuyệt diệu…”\n\nNhà phê bình Nguyễn Mậu Hùng Kiệt', 24000, ' Mơ Về Phía Chân Trời', 42, 20400, 0, 15),
	(41, 'Niccolò Machiavelli', 4, '“… điều làm cho Quân vương không chỉ có giá trị nghệ thuật và lịch sử là cái sự thật không thể đảo ngược rằng nó bàn về các nguyên tắclớn mà ngày nay vẫn đang hướng dẫn các quốc gia và nhà cai trị trong quan hệ giữa họ với nhau và với các láng giềng.”\n\n- trích Lời nói đầu, bản tiếng Anh\n\nQuả thật, hiếm có cuốn sách nào thực sự “vượt thời gian” như Quân vương, cuốn sách nhỏ khiêm nhường song vô giá của Niccolò Machiavelli. Kể cả ngày nay, và kể cả dù bản thân ta không phải một quân vương hay nhà cai trị, ta vẫn có thể rút ra từ cuốn sách này những lời khuyên đầy minh triết về thuật đối nhân xử thế, có thể dựa vào cuốn sách này để hiểu hơn về động cơ ẩn sau những động thái của các chính trị gia hiện đại - tức là, dẫu ta chỉ là một thường dân “hèn mọn”, ta vẫn có tầm nhìn thấu suốt của một đấng quân vương.\n\nMã hàng	8935235219328\nTên Nhà Cung Cấp	Nhã Nam\nTác giả	Niccolò Machiavelli\nNgười Dịch	Thiếu Khanh\nNXB	NXB Tri thức\nNăm XB	2018\nTrọng lượng (gr)	220\nKích Thước Bao Bì	14 x 20.5 x 1.2\nSố trang	215\nHình thức	Bìa Mềm\nSản phẩm bán chạy nhất	Top 100 sản phẩm Tiểu thuyết bán chạy của tháng\nGiá sản phẩm trên Fahasa.com đã bao gồm thuế theo luật hiện hành. Bên cạnh đó, tuỳ vào loại sản phẩm, hình thức và địa chỉ giao hàng mà có thể phát sinh thêm chi phí khác như Phụ phí đóng gói, phí vận chuyển, phụ phí hàng cồng kềnh,...\nChính sách khuyến mãi trên Fahasa.com không áp dụng cho Hệ thống Nhà sách Fahasa trên toàn quốc\n“… điều làm cho Quân vương không chỉ có giá trị nghệ thuật và lịch sử là cái sự thật không thể đảo ngược rằng nó bàn về các nguyên tắclớn mà ngày nay vẫn đang hướng dẫn các quốc gia và nhà cai trị trong quan hệ giữa họ với nhau và với các láng giềng.”\n\n- trích Lời nói đầu, bản tiếng Anh\n\nQuả thật, hiếm có cuốn sách nào thực sự “vượt thời gian” như Quân vương, cuốn sách nhỏ khiêm nhường song vô giá của Niccolò Machiavelli. Kể cả ngày nay, và kể cả dù bản thân ta không phải một quân vương hay nhà cai trị, ta vẫn có thể rút ra từ cuốn sách này những lời khuyên đầy minh triết về thuật đối nhân xử thế, có thể dựa vào cuốn sách này để hiểu hơn về động cơ ẩn sau những động thái của các chính trị gia hiện đại - tức là, dẫu ta chỉ là một thường dân “hèn mọn”, ta vẫn có tầm nhìn thấu suốt của một đấng quân vương.', 68000, 'Quân Vương (Tái Bản 2018)', 18, 57800, 0, 15),
	(42, 'Đàm huy Đông', 2.5, 'Tủ Sách Tuổi Mới Lớn - Thời Hoa Đỏ\n\nGiá như Chúa cho mỗi người khốn khổ hẳn hai trái tim thì nó sẽ có bầu có bạn. Đằng này, Chúa làm có độc một trái tim, đã thế lại còn tỉ mẩn chia ra thành bao nhiêu ngăn tí tẹo, ngăn nào cũng rỗng, cũng đòi được lấp đầy…\n\nThế là các cô cậu học trò trong Thời hoa đỏ nỗ lực hết sức để… lấp đầy trái tim. Thế nhưng, khác với dạ dày chỉ cần mua đồ ăn vặt bỏ vào là đầy, trái tim lại cần nhiều công sức quá thể. Nhất là ở lứa tuổi học trò ngây ngô, công tác này có vẻ hơi “quá sức” và dẫn đến đủ tình huống oái ăm.\n\nGiọng văn hài hước và các câu chuyện gần gũi, đậm chất học trò của nhà văn Đàm Huy Đông sẽ khiến bạn đọc cười ra nước mắt. Nhưng sau những giây phút giải trí ấy, những kỉ niệm vui tươi thời áo trắng sẽ ùa về, lấp đầy trái tim bạn. Các các độc giả may mắn đang trải qua những ngày hoa đỏ, như các nhân vật, hẳn sẽ cảm thấy trân quí hơn những gì đang có…\n\nMã hàng	8935244873252\nTên Nhà Cung Cấp	Nhà Xuất Bản Kim Đồng\nTác giả	Đàm huy Đông\nNXB	NXB Kim Đồng\nNăm XB	2022\nTrọng lượng (gr)	100\nKích Thước Bao Bì	19 x 14 x 0.5 cm\nSố trang	120\nHình thức	Bìa Mềm\nSản phẩm bán chạy nhất	Top 100 sản phẩm Tuổi Teen bán chạy của tháng\nGiá sản phẩm trên Fahasa.com đã bao gồm thuế theo luật hiện hành. Bên cạnh đó, tuỳ vào loại sản phẩm, hình thức và địa chỉ giao hàng mà có thể phát sinh thêm chi phí khác như Phụ phí đóng gói, phí vận chuyển, phụ phí hàng cồng kềnh,...\nChính sách khuyến mãi trên Fahasa.com không áp dụng cho Hệ thống Nhà sách Fahasa trên toàn quốc\nTủ Sách Tuổi Mới Lớn - Thời Hoa Đỏ\n\nGiá như Chúa cho mỗi người khốn khổ hẳn hai trái tim thì nó sẽ có bầu có bạn. Đằng này, Chúa làm có độc một trái tim, đã thế lại còn tỉ mẩn chia ra thành bao nhiêu ngăn tí tẹo, ngăn nào cũng rỗng, cũng đòi được lấp đầy…\n\nThế là các cô cậu học trò trong Thời hoa đỏ nỗ lực hết sức để… lấp đầy trái tim. Thế nhưng, khác với dạ dày chỉ cần mua đồ ăn vặt bỏ vào là đầy, trái tim lại cần nhiều công sức quá thể. Nhất là ở lứa tuổi học trò ngây ngô, công tác này có vẻ hơi “quá sức” và dẫn đến đủ tình huống oái ăm.\n\nGiọng văn hài hước và các câu chuyện gần gũi, đậm chất học trò của nhà văn Đàm Huy Đông sẽ khiến bạn đọc cười ra nước mắt. Nhưng sau những giây phút giải trí ấy, những kỉ niệm vui tươi thời áo trắng sẽ ùa về, lấp đầy trái tim bạn. Các các độc giả may mắn đang trải qua những ngày hoa đỏ, như các nhân vật, hẳn sẽ cảm thấy trân quí hơn những gì đang có…', 70000, 'Tủ Sách Tuổi Mới Lớn - Thời Hoa Đỏ', 11, 59500, 3, 15),
	(43, 'Hữu Ước', 0, 'Suối Cọp\n\nVề tác giả: Hữu Ước\n\nHữu Ước là một Anh hùng Lao động, tướng lĩnh Công an nhân dân Việt Nam, cấp bậc Trung tướng. Ông nguyên là Tổng Biên tập Báo Công an nhân dân (2003-2013), Phó Tổng Cục trưởng Tổng cục Chính trị, Bộ Công an (Việt Nam). Ông hiện là Chủ tịch Chi hội nhà văn Công an, Hội viên Hội Nhà văn Việt Nam.\n\nÔng là một người nghệ sĩ tài năng trên rất nhiều lĩnh vực bao gồm cả văn, thơ, kịch hội họa và sáng tác nhạc. Vì vậy khi nhắc đến Hữu Ước, người ta nghĩ ngay đến một con người anh hùng đa tài.\n\nHữu Ước chính là người lính trực tiếp tham chiến trong chiến trường nơi “Hành lang phía Tây” Trường Sơn, vào thời điểm Mỹ đang gắt gao chuẩn bị cho chiến lược Việt Nam hóa chiến tranh. Âm mưu của Mỹ là biến vùng Xê Pôn phía Nam Lào – nối dài từ đường 9 Quảng Trị sang thành “chốt chặn” cứng giữa cổ họng đường Trường Sơn, ngăn chặn tiếp viện, trợ cấp cho chiến trường miền Nam. Hữu Ước cùng những người đồng đội của mình trong hàng ngũ lính bộ binh và lính đặc công Công an Vũ trang cùng sát vai ngăn chặn âm mưu đó của Mỹ.\n\nTác phẩm:\n\n- Phản ánh hiện thực chiến tranh với chất anh hùng ca đậm đặc\n\nSuối Cọp được viết lên bởi hiện thực và hoàn cảnh chiến tranh đạn bom khốc liệt nằm ở “Hành lang phía Tây” Trường Sơn, nên nó phản ánh một hiện thực vô cùng chân thực, là cuộc sống chiến đấu gian nan, là không tránh khỏi những hy sinh mất mát. Nhưng ở đó có những con người giàu nghĩa tình, những anh hùng trong trận chiến. Đó là những người Đại đội trưởng máu lửa, như Đại đội trưởng Tuần “râu”, Đại đội trưởng Quyết “điên”. Hai con người, hai quan niệm chiến đấu khác nhau, nhưng vẫn cùng nhau làm nên chiến thắng trong một trận đánh. Đó còn là cậu học sinh cấp 3, đã nhập ngũ với sự kỳ vọng của cha, trở thành một người lính đặc công Công an vũ trang và vào chiến trường. Nơi đây còn có hai người lính đã cõng cậu bé BaNa và đảo ngũ. Và hình ảnh những nữ y bác sĩ, gan góc, tận tụy, dành hết thanh xuân của người con gái cho chiến trường. Họ là những con người luôn mang trong mình tâm thế sẵn sàng chiến đấu và sẵn sàng hy sinh để bảo vệ Tổ quốc. Tuy không miêu tả những trận đánh “chấn động lịch sử”, nhưng Suối Cọp vẫn toát lên một chất anh hùng ca vô cùng đậm đặc.\n\n- Tình yêu người lính – chủ đề không mới, nhưng cách tiếp cận và khai thác trong Suối Cọp lại vô cùng mới mẻ và nhân văn.\n\nĐiều đặc biệt hơn ở Suối Cọp đó là việc đây là tiểu thuyết đầu tiên mô tả một cách “trần trụi” nhất về tình yêu. Những câu chuyện tình yêu, tình dục có thể nói là một phần linh hồn của câu chuyện. Tại nơi đây những chiến sĩ, họ yêu nhau cũng nhiệt huyết như khi ra trận, yêu nhau từ cái bản chất con người nhất. Họ cũng khát khao được nếm trải những vị đời, vị tình ái. Trong hoàn cảnh chiến tranh những tình yêu ấy có lẽ sẽ không bao giờ được trọn vẹn nhưng mãi là điệp khúc ngân nga, là những gì lãng mạn nhất trong đạn bom, khói lửa. Tuần vô tình đã cướp đi sự trinh trắng nhất của Liên, cái mà cô nâng niu dành dụm cho người mà cô yêu nhất. Khác với Liên, Lan đến với Hoàn khi cô đã tự nguyện dâng hiến mình cho một người lính thuộc đội cảm tử. Song tình yêu của họ đã chiến thắng nỗi mặc cảm đó. Nhưng cuối cùng họ cũng không thể có được cái kết trọn vẹn. Còn tiểu đội trưởng Thế cương lại phải lâm vào cảnh Mai Nhung, người yêu của mình hy sinh khi đang làm nhiệm vụ. Ngoài ra tác giả còn khéo léo đưa vào câu chuyện của mình chuyện tình giữa voi đực và voi cái. Bi kịch trong chuyện tình này chính là sự ra đi của voi đực sau khi dung vòi để vớt xác Quyết bị chìm trong mộ vũng nước chứa đầy xác chết.\n\nTrước đây có nhiều người cho rằng bản năng tình dục hay những chi tiết dung tục mô tả về người lính sẽ làm mất đi cái gọi là hình tượng anh hùng. Nhưng Suối Cọp không hề minh chứng cho điều đó, trái lại chính những chi tiết “đời” một cách trần trụi đó đã góp phần khắc họa nội tâm sâu sắc của những người lính trận mạc. Những chi tiết ấy không hề thô thiển mà toát lên một cái nhìn vô cùng nhân văn của tác giả. Vì suy cho cùng trước khi trở thành anh hùng, họ - những người chiến sĩ cũng cần phải là một “con người”.\n\n“Có người lính vồ vập bấu chặt hai bầu vú non trẻ trinh nguyên của o như một thằng say. Rồi hai bàn tay của người lính cứ lỏng dần, lỏng dần, buông xuôi… Khi o cúi xuống nhìn thì thấy người lính ấy đã chết nhưng khóe môi vẫn tươi rói một nụ cười mãn nguyện. O khóc và hiểu người lính ấy đã hoàn thiện xong cái chức phận của một con người…” (Trích Suối Cọp – Hữu Ước)\n\nMã hàng	9786044737300\nTên Nhà Cung Cấp	Cty Văn Hóa & Truyền Thông Trí Việt.\nTác giả	Hữu Ước\nNXB	Hội Nhà Văn\nNăm XB	2023\nNgôn Ngữ	Tiếng Việt\nTrọng lượng (gr)	430\nKích Thước Bao Bì	25.5 x 13.5 x 2 cm\nSố trang	416\nHình thức	Bìa Mềm\nSản phẩm bán chạy nhất	Top 100 sản phẩm Tiểu thuyết bán chạy của tháng\nGiá sản phẩm trên Fahasa.com đã bao gồm thuế theo luật hiện hành. Bên cạnh đó, tuỳ vào loại sản phẩm, hình thức và địa chỉ giao hàng mà có thể phát sinh thêm chi phí khác như Phụ phí đóng gói, phí vận chuyển, phụ phí hàng cồng kềnh,...\nChính sách khuyến mãi trên Fahasa.com không áp dụng cho Hệ thống Nhà sách Fahasa trên toàn quốc\nSuối Cọp\n\nVề tác giả: Hữu Ước\n\nHữu Ước là một Anh hùng Lao động, tướng lĩnh Công an nhân dân Việt Nam, cấp bậc Trung tướng. Ông nguyên là Tổng Biên tập Báo Công an nhân dân (2003-2013), Phó Tổng Cục trưởng Tổng cục Chính trị, Bộ Công an (Việt Nam). Ông hiện là Chủ tịch Chi hội nhà văn Công an, Hội viên Hội Nhà văn Việt Nam.\n\nÔng là một người nghệ sĩ tài năng trên rất nhiều lĩnh vực bao gồm cả văn, thơ, kịch hội họa và sáng tác nhạc. Vì vậy khi nhắc đến Hữu Ước, người ta nghĩ ngay đến một con người anh hùng đa tài.\n\nHữu Ước chính là người lính trực tiếp tham chiến trong chiến trường nơi “Hành lang phía Tây” Trường Sơn, vào thời điểm Mỹ đang gắt gao chuẩn bị cho chiến lược Việt Nam hóa chiến tranh. Âm mưu của Mỹ là biến vùng Xê Pôn phía Nam Lào – nối dài từ đường 9 Quảng Trị sang thành “chốt chặn” cứng giữa cổ họng đường Trường Sơn, ngăn chặn tiếp viện, trợ cấp cho chiến trường miền Nam. Hữu Ước cùng những người đồng đội của mình trong hàng ngũ lính bộ binh và lính đặc công Công an Vũ trang cùng sát vai ngăn chặn âm mưu đó của Mỹ.\n\nTác phẩm:\n\n- Phản ánh hiện thực chiến tranh với chất anh hùng ca đậm đặc\n\nSuối Cọp được viết lên bởi hiện thực và hoàn cảnh chiến tranh đạn bom khốc liệt nằm ở “Hành lang phía Tây” Trường Sơn, nên nó phản ánh một hiện thực vô cùng chân thực, là cuộc sống chiến đấu gian nan, là không tránh khỏi những hy sinh mất mát. Nhưng ở đó có những con người giàu nghĩa tình, những anh hùng trong trận chiến. Đó là những người Đại đội trưởng máu lửa, như Đại đội trưởng Tuần “râu”, Đại đội trưởng Quyết “điên”. Hai con người, hai quan niệm chiến đấu khác nhau, nhưng vẫn cùng nhau làm nên chiến thắng trong một trận đánh. Đó còn là cậu học sinh cấp 3, đã nhập ngũ với sự kỳ vọng của cha, trở thành một người lính đặc công Công an vũ trang và vào chiến trường. Nơi đây còn có hai người lính đã cõng cậu bé BaNa và đảo ngũ. Và hình ảnh những nữ y bác sĩ, gan góc, tận tụy, dành hết thanh xuân của người con gái cho chiến trường. Họ là những con người luôn mang trong mình tâm thế sẵn sàng chiến đấu và sẵn sàng hy sinh để bảo vệ Tổ quốc. Tuy không miêu tả những trận đánh “chấn động lịch sử”, nhưng Suối Cọp vẫn toát lên một chất anh hùng ca vô cùng đậm đặc.\n\n- Tình yêu người lính – chủ đề không mới, nhưng cách tiếp cận và khai thác trong Suối Cọp lại vô cùng mới mẻ và nhân văn.\n\nĐiều đặc biệt hơn ở Suối Cọp đó là việc đây là tiểu thuyết đầu tiên mô tả một cách “trần trụi” nhất về tình yêu. Những câu chuyện tình yêu, tình dục có thể nói là một phần linh hồn của câu chuyện. Tại nơi đây những chiến sĩ, họ yêu nhau cũng nhiệt huyết như khi ra trận, yêu nhau từ cái bản chất con người nhất. Họ cũng khát khao được nếm trải những vị đời, vị tình ái. Trong hoàn cảnh chiến tranh những tình yêu ấy có lẽ sẽ không bao giờ được trọn vẹn nhưng mãi là điệp khúc ngân nga, là những gì lãng mạn nhất trong đạn bom, khói lửa. Tuần vô tình đã cướp đi sự trinh trắng nhất của Liên, cái mà cô nâng niu dành dụm cho người mà cô yêu nhất. Khác với Liên, Lan đến với Hoàn khi cô đã tự nguyện dâng hiến mình cho một người lính thuộc đội cảm tử. Song tình yêu của họ đã chiến thắng nỗi mặc cảm đó. Nhưng cuối cùng họ cũng không thể có được cái kết trọn vẹn. Còn tiểu đội trưởng Thế cương lại phải lâm vào cảnh Mai Nhung, người yêu của mình hy sinh khi đang làm nhiệm vụ. Ngoài ra tác giả còn khéo léo đưa vào câu chuyện của mình chuyện tình giữa voi đực và voi cái. Bi kịch trong chuyện tình này chính là sự ra đi của voi đực sau khi dung vòi để vớt xác Quyết bị chìm trong mộ vũng nước chứa đầy xác chết.\n\nTrước đây có nhiều người cho rằng bản năng tình dục hay những chi tiết dung tục mô tả về người lính sẽ làm mất đi cái gọi là hình tượng anh hùng. Nhưng Suối Cọp không hề minh chứng cho điều đó, trái lại chính những chi tiết “đời” một cách trần trụi đó đã góp phần khắc họa nội tâm sâu sắc của những người lính trận mạc. Những chi tiết ấy không hề thô thiển mà toát lên một cái nhìn vô cùng nhân văn của tác giả. Vì suy cho cùng trước khi trở thành anh hùng, họ - những người chiến sĩ cũng cần phải là một “con người”.\n\n“Có người lính vồ vập bấu chặt hai bầu vú non trẻ trinh nguyên của o như một thằng say. Rồi hai bàn tay của người lính cứ lỏng dần, lỏng dần, buông xuôi… Khi o cúi xuống nhìn thì thấy người lính ấy đã chết nhưng khóe môi vẫn tươi rói một nụ cười mãn nguyện. O khóc và hiểu người lính ấy đã hoàn thiện xong cái chức phận của một con người…” (Trích Suối Cọp – Hữu Ước)', 246000, 'Suối Cọp', 36, 172200, 0, 30),
	(44, 'David Gordon', 0, 'Về tác giả:\n\nDavid Gordon sinh năm 1967 và hiện tại đang sinh sống ở New York, Mỹ. Ông theo học tại Đại học Sarah Lawrence và nhận được bằng Thạc sĩ tiếng Anh và Văn học So sánh cùng với bằng Thạc sĩ chuyên ngành Sáng tác của Đại học Colombia. Ông từng làm việc trong nhiều lĩnh vực như điện ảnh, thời trang, xuất bản.   \n\nVề tác phẩm:\n\nKẻ viết truyện dài kỳ là tác phẩm đầu tay của ông, giành giải thưởng cho Tiểu thuyết đầu tay của VCU/Cabell năm 2011, lọt vào chung khảo của giải thưởng Edgar dành cho nhà văn trinh thám của nước Mỹ.\n\nHarry Bloch là một tiểu thuyết gia đang chật vật mưu sinh bằng những cuốn sách viết về ma cà rồng dưới nhiều bút danh khác nhau. Thế nhưng cuộc sống của anh như bước sang trang mới khi Darian Clay - một sát thủ khét tiếng ở New York muốn anh viết cho hắn một cuốn hồi ký trước khi chết. Chẳng bao lâu sau, thành phố rúng động khi có ba cô gái lần lượt bị sát hại một cách dã man và đều mang phong cách của tay sát thủ. Kẻ viết truyện dài kỳ trở thành thám tử bất đắc dĩ trong một âm mưu giết chóc ngoài đời thực khi anh phải bắt được kẻ thủ ác trước khi hắn gây thêm án mạng.\n\nMã hàng	9786043687583\nTên Nhà Cung Cấp	Phuc Minh Books\nTác giả	David Gordon\nNgười Dịch	Ngô Thế Vinh\nNXB	Hội Nhà Văn\nNăm XB	2023\nTrọng lượng (gr)	500\nKích Thước Bao Bì	20.5 x 14.5 cm\nSố trang	472\nHình thức	Bìa Mềm\nSản phẩm bán chạy nhất	Top 100 sản phẩm Tiểu thuyết bán chạy của tháng\nGiá sản phẩm trên Fahasa.com đã bao gồm thuế theo luật hiện hành. Bên cạnh đó, tuỳ vào loại sản phẩm, hình thức và địa chỉ giao hàng mà có thể phát sinh thêm chi phí khác như Phụ phí đóng gói, phí vận chuyển, phụ phí hàng cồng kềnh,...\nChính sách khuyến mãi trên Fahasa.com không áp dụng cho Hệ thống Nhà sách Fahasa trên toàn quốc\nVề tác giả:\n\nDavid Gordon sinh năm 1967 và hiện tại đang sinh sống ở New York, Mỹ. Ông theo học tại Đại học Sarah Lawrence và nhận được bằng Thạc sĩ tiếng Anh và Văn học So sánh cùng với bằng Thạc sĩ chuyên ngành Sáng tác của Đại học Colombia. Ông từng làm việc trong nhiều lĩnh vực như điện ảnh, thời trang, xuất bản.   \n\nVề tác phẩm:\n\nKẻ viết truyện dài kỳ là tác phẩm đầu tay của ông, giành giải thưởng cho Tiểu thuyết đầu tay của VCU/Cabell năm 2011, lọt vào chung khảo của giải thưởng Edgar dành cho nhà văn trinh thám của nước Mỹ.\n\nHarry Bloch là một tiểu thuyết gia đang chật vật mưu sinh bằng những cuốn sách viết về ma cà rồng dưới nhiều bút danh khác nhau. Thế nhưng cuộc sống của anh như bước sang trang mới khi Darian Clay - một sát thủ khét tiếng ở New York muốn anh viết cho hắn một cuốn hồi ký trước khi chết. Chẳng bao lâu sau, thành phố rúng động khi có ba cô gái lần lượt bị sát hại một cách dã man và đều mang phong cách của tay sát thủ. Kẻ viết truyện dài kỳ trở thành thám tử bất đắc dĩ trong một âm mưu giết chóc ngoài đời thực khi anh phải bắt được kẻ thủ ác trước khi hắn gây thêm án mạng.', 230000, 'Kẻ Viết Truyện Dài Kỳ', 26, 195500, 1, 15),
	(45, 'Hae Min', 0, 'Bước Chậm Lại Giữa Thế Gian Vội Vã (Tái Bản 2018)\n\nChen vai thích cánh để có một chỗ bám trên xe buýt giờ đi làm, nhích từng xentimét bánh xe trên đường lúc tan sở, quay cuồng với thi cử và tiến độ công việc, lu bù vướng mắc trong những mối quan hệ cả thân lẫn sơ… bạn có luôn cảm thấy thế gian xung quanh mình đang xoay chuyển quá vội vàng?\n\nNếu có thể, hãy tạm dừng một bước.\n\nĐể tự hỏi, là do thế gian này vội vàng hay do chính tâm trí bạn đang quá bận rộn? Để cầm cuốn sách nhỏ dung dị mà lắng đọng này lên, chậm rãi lật giở từng trang, thong thả khám phá những điều mà chỉ khi bước chậm lại mới có thể thấu rõ: về các mối quan hệ, về chính bản thân mình, về những trăn trở trước cuộc đời và nhân thế, về bao điều lý trí rất hiểu nhưng trái tim chưa cách nào nghe theo…\n\nRa mắt lần đầu năm 2012, Bước chậm lại giữa thế gian vội vã của Đại đức Hae Min đã liên tục đứng đầu danh sách best-seller của nhiều trang sách trực tuyến uy tín của Hàn Quốc, trở thành cuốn sách chữa lành cho hàng triệu người trẻ luôn tất bật với nhịp sống hiện đại hối hả.\n\n \n\nMã hàng	8935235217737\nTên Nhà Cung Cấp	Nhã Nam\nTác giả	Hae Min\nNgười Dịch	Nguyễn Việt Tú Anh\nNXB	NXB Hội Nhà Văn\nNăm XB	2018\nTrọng lượng (gr)	280\nKích Thước Bao Bì	14 x 20.5\nSố trang	254\nHình thức	Bìa Mềm\nSản phẩm hiển thị trong	\nNhã Nam\nRƯỚC DEAL LINH ĐÌNH VUI ĐÓN TRUNG THU\nSản phẩm bán chạy nhất	Top 100 sản phẩm Tiểu thuyết bán chạy của tháng\nGiá sản phẩm trên Fahasa.com đã bao gồm thuế theo luật hiện hành. Bên cạnh đó, tuỳ vào loại sản phẩm, hình thức và địa chỉ giao hàng mà có thể phát sinh thêm chi phí khác như Phụ phí đóng gói, phí vận chuyển, phụ phí hàng cồng kềnh,...\nChính sách khuyến mãi trên Fahasa.com không áp dụng cho Hệ thống Nhà sách Fahasa trên toàn quốc\nBước Chậm Lại Giữa Thế Gian Vội Vã (Tái Bản 2018)\n\nChen vai thích cánh để có một chỗ bám trên xe buýt giờ đi làm, nhích từng xentimét bánh xe trên đường lúc tan sở, quay cuồng với thi cử và tiến độ công việc, lu bù vướng mắc trong những mối quan hệ cả thân lẫn sơ… bạn có luôn cảm thấy thế gian xung quanh mình đang xoay chuyển quá vội vàng?\n\nNếu có thể, hãy tạm dừng một bước.\n\nĐể tự hỏi, là do thế gian này vội vàng hay do chính tâm trí bạn đang quá bận rộn? Để cầm cuốn sách nhỏ dung dị mà lắng đọng này lên, chậm rãi lật giở từng trang, thong thả khám phá những điều mà chỉ khi bước chậm lại mới có thể thấu rõ: về các mối quan hệ, về chính bản thân mình, về những trăn trở trước cuộc đời và nhân thế, về bao điều lý trí rất hiểu nhưng trái tim chưa cách nào nghe theo…\n\nRa mắt lần đầu năm 2012, Bước chậm lại giữa thế gian vội vã của Đại đức Hae Min đã liên tục đứng đầu danh sách best-seller của nhiều trang sách trực tuyến uy tín của Hàn Quốc, trở thành cuốn sách chữa lành cho hàng triệu người trẻ luôn tất bật với nhịp sống hiện đại hối hả.', 85000, 'Bước Chậm Lại Giữa Thế Gian Vội Vã (Tái Bản 2018)', 24, 68000, 0, 20),
	(46, 'Fyodor Dostoyevsky', 4.5, 'Đêm Trắng là cuốn truyện tình cảm lãng mạn của nhà văn Fyodor Dostoyevsky - một cây đại thụ trong văn học Nga thế kỷ thứ 19 - viết về mối tình lãng mạn, cao thượng và trong sáng trong những đêm trắng thơ mộng bên bờ sông Neva, thành phố Sankt Peterburg.\n\nĐêm Trắng là khoảng thời gian mặt trời có mặt trên bầu trời lâu nhất trong năm, và đêm chỉ là một ranh giới rất mỏng, rất mơ hồ giữa hai khoảnh khắc hoàng hôn và bình minh đan xen kẽ vào nhau. Những đêm trắng ở Saint Petersburg, luôn luôn được kỷ niệm với những cuộc dạo đêm đầy chất thơ và tràn đầy tiếng hát”. Fyodor Dostoyevsky đã chuyển sự kỳ diệu, lãng mạn của khoảng thời gian này vào Đêm trắng - tác phẩm có sức lôi cuốn nhiều thế hệ bạn đọc trên thế giới.\n\nCuốn tiểu thuyết chỉ có hai nhân vật, một người đàn ông 26 tuổi, tự gọi mình là một người mơ mộng. Nhân vật thứ 2 là cô gái Nachenka, mồ côi từ nhỏ, sống với một người bà mù lòa, thế giới của cô là một thế giới những ước mơ xen lẫn với những câu chuyện cổ tích bà kể. Hai người vô tình gặp nhau trong 5 đêm mùa hè đặc biệt. Cả hai được thoát ra khỏi thế giới cô độc của mỗi người, được chia sẻ, thương yêu và hiểu rằng cuộc đời thật là thú vị và hạnh phúc.\n\nNachenka gặp lại vị hôn phu của mình vào đêm trắng thứ 5. Cô không còn ra bờ sông ngóng chờ và trò chuyện với người mơ mộng nữa. Cô ra đi, chỉ còn người đàn ông và tình yêu ở lại.\n\nMã hàng	9786044781471\nTên Nhà Cung Cấp	Cty Văn Hóa Đông Tây\nTác giả	Fyodor Dostoyevsky\nNXB	Hà Nội\nNăm XB	2023\nTrọng lượng (gr)	145\nKích Thước Bao Bì	20.5 x 12 x 0.8 cm\nSố trang	138\nHình thức	Bìa Mềm\nSản phẩm bán chạy nhất	Top 100 sản phẩm Tiểu thuyết bán chạy của tháng\nGiá sản phẩm trên Fahasa.com đã bao gồm thuế theo luật hiện hành. Bên cạnh đó, tuỳ vào loại sản phẩm, hình thức và địa chỉ giao hàng mà có thể phát sinh thêm chi phí khác như Phụ phí đóng gói, phí vận chuyển, phụ phí hàng cồng kềnh,...\nChính sách khuyến mãi trên Fahasa.com không áp dụng cho Hệ thống Nhà sách Fahasa trên toàn quốc\nĐêm Trắng là cuốn truyện tình cảm lãng mạn của nhà văn Fyodor Dostoyevsky - một cây đại thụ trong văn học Nga thế kỷ thứ 19 - viết về mối tình lãng mạn, cao thượng và trong sáng trong những đêm trắng thơ mộng bên bờ sông Neva, thành phố Sankt Peterburg.\n\nĐêm Trắng là khoảng thời gian mặt trời có mặt trên bầu trời lâu nhất trong năm, và đêm chỉ là một ranh giới rất mỏng, rất mơ hồ giữa hai khoảnh khắc hoàng hôn và bình minh đan xen kẽ vào nhau. Những đêm trắng ở Saint Petersburg, luôn luôn được kỷ niệm với những cuộc dạo đêm đầy chất thơ và tràn đầy tiếng hát”. Fyodor Dostoyevsky đã chuyển sự kỳ diệu, lãng mạn của khoảng thời gian này vào Đêm trắng - tác phẩm có sức lôi cuốn nhiều thế hệ bạn đọc trên thế giới.\n\nCuốn tiểu thuyết chỉ có hai nhân vật, một người đàn ông 26 tuổi, tự gọi mình là một người mơ mộng. Nhân vật thứ 2 là cô gái Nachenka, mồ côi từ nhỏ, sống với một người bà mù lòa, thế giới của cô là một thế giới những ước mơ xen lẫn với những câu chuyện cổ tích bà kể. Hai người vô tình gặp nhau trong 5 đêm mùa hè đặc biệt. Cả hai được thoát ra khỏi thế giới cô độc của mỗi người, được chia sẻ, thương yêu và hiểu rằng cuộc đời thật là thú vị và hạnh phúc.\n\nNachenka gặp lại vị hôn phu của mình vào đêm trắng thứ 5. Cô không còn ra bờ sông ngóng chờ và trò chuyện với người mơ mộng nữa. Cô ra đi, chỉ còn người đàn ông và tình yêu ở lại.', 56000, 'Đêm Trắng', 13, 50400, 1, 10),
	(47, 'Edogawa Ranpo', 0, 'Edogawa Ranpo Tuyển Tập - Những Câu Chuyện Bí Ẩn Và Ly Kỳ Nhất\n\nChuyện tình kỳ lạ giữa một “chiếc ghế” với những người phụ nữ ngồi lên nó - kẻ đã từ bỏ phần người và tận hưởng khoái cảm trần trụi vừa lén lút, vừa công khai. Một căn phòng đỏ dẫn vào thế giới nội tâm đầy điên cuồng của những tên giết người, nhưng căn nguyên tội ác thì lại hoàn toàn trái ngược. Sự tàn bạo và cái đẹp, trinh thám và tâm linh đan xen một cách nhịp nhàng và chặt chẽ, Edogawa Ranpo đã vẽ lên những mảnh đời rất chân thực nhưng lại nhuốm màu ma quái và đầy mộng mị. Một khi bước vào thế giới trong sách, người đọc sẽ không thể nào thoát ra ngay được, kể cả khi đã gấp lại trang giấy cuối cùng.', 99000, 'Edogawa Ranpo Tuyển Tập - Những Câu Chuyện Bí Ẩn Và Ly Kỳ Nhất', 15, 79200, 0, 20),
	(48, 'Châu Sa Đáy Mắt', 2.5, 'Đám Trẻ Ở Đại Dương Đen\n\n“nỗi buồn không rõ hình thù\n\nta cho nó dáng, ta thu vào lòng\n\nta ôm mà chẳng đề phòng\n\nmột ngày nó lớn chất chồng tâm can”\n\n“kẻ sống muốn đời cạn\n\nngười chết muốn hồi sinh\n\ntrần gian bi hài nhỉ?\n\nta còn muốn bỏ mình?”\n\nĐám trẻ ở đại dương đen là lời độc thoại và đối thoại của những đứa trẻ ở đại dương đen, nơi từng lớp sóng của nỗi buồn và tuyệt vọng không ngừng cuộn trào, lúc âm ỉ, khi dữ dội. Những đứa trẻ ấy phải vật lộn trong những góc tối tâm lý, với sự u uất đè nén từ tổn thương khi không được sinh ra trong một gia đình toàn vẹn, ấm êm, khi phải mang trên đôi vai non dại những gánh nặng không tưởng.\n\nSong song đó cũng là quá trình tự chữa lành vô cùng khó khăn của đám trẻ, cố gắng vươn mình ra khỏi đại dương đen, tìm cho mình một ánh sáng. Và chính những sự nỗ lực xoa dịu chính mình đó đã hóa thành những câu từ trong cuốn sách này, bất kể đau đớn thế nào.\n\nCuốn sách được viết bởi Châu Sa Đáy Mắt, một tác giả GenZ mong muốn cùng các bạn trẻ bộc bạch và vỗ về những xúc cảm chân thật về gia đình, xã hội và chính bản thân.\n\nSách được phát hành bởi Wavebooks - thương hiệu sách dành cho người Việt trẻ.\n\nMã hàng	8935325011559\nTên Nhà Cung Cấp	AZ Việt Nam\nTác giả	Châu Sa Đáy Mắt\nNXB	Thế Giới\nNăm XB	2023\nNgôn Ngữ	Tiếng Việt\nTrọng lượng (gr)	300\nKích Thước Bao Bì	19 x 13 x 1.5 cm\nSố trang	280\nHình thức	Bìa Mềm\nSản phẩm bán chạy nhất	Top 100 sản phẩm Truyện ngắn - Tản Văn bán chạy của tháng\nGiá sản phẩm trên Fahasa.com đã bao gồm thuế theo luật hiện hành. Bên cạnh đó, tuỳ vào loại sản phẩm, hình thức và địa chỉ giao hàng mà có thể phát sinh thêm chi phí khác như Phụ phí đóng gói, phí vận chuyển, phụ phí hàng cồng kềnh,...\nChính sách khuyến mãi trên Fahasa.com không áp dụng cho Hệ thống Nhà sách Fahasa trên toàn quốc\nĐám Trẻ Ở Đại Dương Đen\n\n“nỗi buồn không rõ hình thù\n\nta cho nó dáng, ta thu vào lòng\n\nta ôm mà chẳng đề phòng\n\nmột ngày nó lớn chất chồng tâm can”\n\n“kẻ sống muốn đời cạn\n\nngười chết muốn hồi sinh\n\ntrần gian bi hài nhỉ?\n\nta còn muốn bỏ mình?”\n\nĐám trẻ ở đại dương đen là lời độc thoại và đối thoại của những đứa trẻ ở đại dương đen, nơi từng lớp sóng của nỗi buồn và tuyệt vọng không ngừng cuộn trào, lúc âm ỉ, khi dữ dội. Những đứa trẻ ấy phải vật lộn trong những góc tối tâm lý, với sự u uất đè nén từ tổn thương khi không được sinh ra trong một gia đình toàn vẹn, ấm êm, khi phải mang trên đôi vai non dại những gánh nặng không tưởng.\n\nSong song đó cũng là quá trình tự chữa lành vô cùng khó khăn của đám trẻ, cố gắng vươn mình ra khỏi đại dương đen, tìm cho mình một ánh sáng. Và chính những sự nỗ lực xoa dịu chính mình đó đã hóa thành những câu từ trong cuốn sách này, bất kể đau đớn thế nào.\n\nCuốn sách được viết bởi Châu Sa Đáy Mắt, một tác giả GenZ mong muốn cùng các bạn trẻ bộc bạch và vỗ về những xúc cảm chân thật về gia đình, xã hội và chính bản thân.\n\nSách được phát hành bởi Wavebooks - thương hiệu sách dành cho người Việt trẻ.', 99000, 'Đám Trẻ Ở Đại Dương Đen', 32, 69300, 1, 30),
	(49, 'Cường Lê', 1, 'Stars\n\nSTARS là những tản mạn về cuộc sống của tác giả Cường Lê. Sách được viết bằng tiếng Anh, xoay quanh suy nghiệm của tác giả về bản thân mình và những mối quan hệ gần gũi: gia đình, bạn bè, tình cảm, về thời gian và sự thay đổi, thơ bé và trưởng thành, về âm nhạc, phim ảnh và những nguồn cảm hứng trong cuộc sống.\n\nĐọc thử tại:\n\n“There was more to what lay before your eyes, something so intimate that you decided to render it on a blank page. You had seen sunsets for many days, at many places, and found a few exceptionally surreal. Still, none could beat this moment. None could be as beautiful yet shattering.\n\nNight faltered little by little behind the buildings. T. turned the dim lamp on. We were half dipped in blood orange and half in the shadow. So quiet, it was such a breathtaking, laying bare moment that we knew we had to succumb and let it take over.”\n\nTHÔNG TIN TÁC GIẢ:\n\nSinh năm 1996 tại Hà Nội, Cường Lê là một nhà văn trẻ giàu khát vọng và không ngừng viết trong căn phòng của mình. Anh được truyền cảm hứng từ những ca sĩ vĩ đại nhất trên thế giới và có mối liên hệ sâu sắc với âm nhạc. Phong cách viết của anh rất cá nhân và chân thực. Tác giả thích đắm chìm trong suy nghĩ và cảm xúc và thử thách bản thân bằng những điều mang tính trừu tượng.\n\nMã hàng	9786043656565\nTác giả	Cường Lê\nNXB	Thế Giới\nNăm XB	2022\nTrọng lượng (gr)	279\nKích Thước Bao Bì	20.5 x 14.5 x 0.9 cm\nSố trang	172\nHình thức	Bìa Mềm\nSản phẩm bán chạy nhất	Top 100 sản phẩm Truyện ngắn - Tản Văn bán chạy của tháng\nGiá sản phẩm trên Fahasa.com đã bao gồm thuế theo luật hiện hành. Bên cạnh đó, tuỳ vào loại sản phẩm, hình thức và địa chỉ giao hàng mà có thể phát sinh thêm chi phí khác như Phụ phí đóng gói, phí vận chuyển, phụ phí hàng cồng kềnh,...\nChính sách khuyến mãi trên Fahasa.com không áp dụng cho Hệ thống Nhà sách Fahasa trên toàn quốc\nStars\n\nSTARS là những tản mạn về cuộc sống của tác giả Cường Lê. Sách được viết bằng tiếng Anh, xoay quanh suy nghiệm của tác giả về bản thân mình và những mối quan hệ gần gũi: gia đình, bạn bè, tình cảm, về thời gian và sự thay đổi, thơ bé và trưởng thành, về âm nhạc, phim ảnh và những nguồn cảm hứng trong cuộc sống.\n\nĐọc thử tại:\n\n“There was more to what lay before your eyes, something so intimate that you decided to render it on a blank page. You had seen sunsets for many days, at many places, and found a few exceptionally surreal. Still, none could beat this moment. None could be as beautiful yet shattering.\n\nNight faltered little by little behind the buildings. T. turned the dim lamp on. We were half dipped in blood orange and half in the shadow. So quiet, it was such a breathtaking, laying bare moment that we knew we had to succumb and let it take over.”\n\nTHÔNG TIN TÁC GIẢ:\n\nSinh năm 1996 tại Hà Nội, Cường Lê là một nhà văn trẻ giàu khát vọng và không ngừng viết trong căn phòng của mình. Anh được truyền cảm hứng từ những ca sĩ vĩ đại nhất trên thế giới và có mối liên hệ sâu sắc với âm nhạc. Phong cách viết của anh rất cá nhân và chân thực. Tác giả thích đắm chìm trong suy nghĩ và cảm xúc và thử thách bản thân bằng những điều mang tính trừu tượng.', 159000, 'Stars', 18, 111300, 2, 30),
	(50, 'Conan Doyle', 0, ' Những Vụ Kỳ Án Của Sherlock Holmes(TB)\n\nSherlock Holmes là tiểu thuyết của Sir Arthur Conan Doyle lần đầu xuất hiện vào năm 1887 trong cuốn tiểu thuyết trinh thám “A Study in Scarlet”. Từ đó, nhà văn Anh đã viết 4 tiểu thuyết và 55 truyện ngắn về Holmes. Qua hàng thế kỷ, vị thám tử đã trở thành một biểu tượng văn hóa và là nguồn cảm hứng của rất nhiều cây bút khác. Cuốn “Mary Russell” nổi tiếng của Laurie King từng tái hiện cuộc sống của Holmes sau khi “về hưu”.\n\nNhững Vụ Kỳ Án Của Sherlock Holmes đưa chúng ta sống cùng những vụ án ly kỳ, hóc búa, biến hoá vô cùng, và cũng lắm dữ dội, hiểm nguy, mà ở đó ông thể hiện tài ba phá án phi phàm của mình. Cuốn sách cuốn hút các bạn trẻ còn bởi lối kể chuyện nhẹ nhàng, nhưng bí hiểm và vô cùng thông minh. Và hơn thế nữa, còn nhiều THÍ DỤ TRẮC NGHIỆM, vừa giúp hiểu rõ hơn, khám phá lý thú hơn các vụ án lừng lẫy của Sherlock Holmes, vừa tăng cường khả năng phán đoán cho độc giả.\n\nMã hàng	8935212322959\nTên Nhà Cung Cấp	Đinh Tị\nTác giả	Conan Doyle\nNXB	Văn Học\nNăm XB	06/2015\nTrọng lượng (gr)	500\nKích Thước Bao Bì	14.5x20.5 x 2.5\nSố trang	526\nHình thức	Bìa Mềm\nSản phẩm hiển thị trong	\nSách Kinh Điển Chuyển Thể Thành Phim\nSản phẩm bán chạy nhất	Top 100 sản phẩm Truyện Trinh Thám - Kiếm Hiệp bán chạy của tháng\nGiá sản phẩm trên Fahasa.com đã bao gồm thuế theo luật hiện hành. Bên cạnh đó, tuỳ vào loại sản phẩm, hình thức và địa chỉ giao hàng mà có thể phát sinh thêm chi phí khác như Phụ phí đóng gói, phí vận chuyển, phụ phí hàng cồng kềnh,...\nChính sách khuyến mãi trên Fahasa.com không áp dụng cho Hệ thống Nhà sách Fahasa trên toàn quốc\n Những Vụ Kỳ Án Của Sherlock Holmes(TB)\n\nSherlock Holmes là tiểu thuyết của Sir Arthur Conan Doyle lần đầu xuất hiện vào năm 1887 trong cuốn tiểu thuyết trinh thám “A Study in Scarlet”. Từ đó, nhà văn Anh đã viết 4 tiểu thuyết và 55 truyện ngắn về Holmes. Qua hàng thế kỷ, vị thám tử đã trở thành một biểu tượng văn hóa và là nguồn cảm hứng của rất nhiều cây bút khác. Cuốn “Mary Russell” nổi tiếng của Laurie King từng tái hiện cuộc sống của Holmes sau khi “về hưu”.\n\nNhững Vụ Kỳ Án Của Sherlock Holmes đưa chúng ta sống cùng những vụ án ly kỳ, hóc búa, biến hoá vô cùng, và cũng lắm dữ dội, hiểm nguy, mà ở đó ông thể hiện tài ba phá án phi phàm của mình. Cuốn sách cuốn hút các bạn trẻ còn bởi lối kể chuyện nhẹ nhàng, nhưng bí hiểm và vô cùng thông minh. Và hơn thế nữa, còn nhiều THÍ DỤ TRẮC NGHIỆM, vừa giúp hiểu rõ hơn, khám phá lý thú hơn các vụ án lừng lẫy của Sherlock Holmes, vừa tăng cường khả năng phán đoán cho độc giả.', 118000, 'Những Vụ Kỳ Án Của Sherlock Holmes(TB)', 17, 79000, 0, 33),
	(51, 'Nguyễn Ngọc Tư', 0, 'Trôi - Nguyễn Ngọc Tư\n\n“Em thà trôi một mình. Nhưng những gì còn sót lại của một cù lao phân rã chẳng là bao. Vài ba mái nhà lấp ló trên mặt nước, một vài cái lu, những rẻo đất đủ rộng cho một người ngồi thì cũng có, lại trôi đờ đẫn đằng xa. Mãi mới có mảnh đất trôi gần, đúng lúc nó rùng mình nứt làm hai.\n\nTrong mê lộ của nước, mình chẳng biết trôi được đến đâu. Không bãi bờ gì để định vị. Ngó đâu cũng chỉ thấy nước và bọt nước, cùng những vật chất nổi nênh.\n\nGiờ thì mạnh ai nấy trôi.” - Trích tác phẩm.\n---\nHọ nổi trôi, nhưng mắc kẹt lại đâu đó, cùng lúc. Họ tháo nhưng cũng là buộc. Họ tìm kiếm tự do, buông mình khỏi những nơi chốn, khỏi hiện thực nghiệt ngã, khỏi những vui buồn, nhưng làm sao mà thoát khỏi vòng vây của chân trời.  \n\nVới “Trôi”, Nguyễn Ngọc Tư, bằng tài năng kể chuyện hiếm có, đã mở ra một thế giới bất định với những con người cố níu lấy thứ gì đó, đồng thời cũng muốn thoát khỏi nó, trong hành trình trôi nổi dường như vô tận của mình. Độc giả dễ dàng tìm thấy sự đồng cảm nơi mỗi nhân vật, như thể họ là từng phần trong mỗi con người chúng ta - và con người ấy, được mô tả như vật thể lang thang vô định - luôn ở trong trạng thái loay hoay lý giải, làm sáng tỏ về điều mà họ đã mất đi. Và trong hành trình dạt trôi theo quỹ đạo của riêng mình, những vật thể này sượt qua nhau bất giác làm vẩn lên hơi ấm con người, gợi cảm giác cái đẹp được cầm trên tay, thường trực sẵn một nguy cơ tan rã. Sau rốt, liệu rằng các nối kết giữa người với người có đủ bền chặt để mỗi tâm hồn thôi là sự nổi trôi vĩnh viễn?    \n\nMã hàng	8934974190554\nTên Nhà Cung Cấp	NXB Trẻ\nTác giả	Nguyễn Ngọc Tư\nNXB	Trẻ\nNăm XB	2023\nTrọng lượng (gr)	175\nKích Thước Bao Bì	20 x 13 x 0.7 cm\nSố trang	152\nHình thức	Bìa Mềm\nSản phẩm bán chạy nhất	Top 100 sản phẩm Truyện ngắn - Tản Văn bán chạy của tháng\nGiá sản phẩm trên Fahasa.com đã bao gồm thuế theo luật hiện hành. Bên cạnh đó, tuỳ vào loại sản phẩm, hình thức và địa chỉ giao hàng mà có thể phát sinh thêm chi phí khác như Phụ phí đóng gói, phí vận chuyển, phụ phí hàng cồng kềnh,...\nChính sách khuyến mãi trên Fahasa.com không áp dụng cho Hệ thống Nhà sách Fahasa trên toàn quốc\nTrôi - Nguyễn Ngọc Tư\n\n“Em thà trôi một mình. Nhưng những gì còn sót lại của một cù lao phân rã chẳng là bao. Vài ba mái nhà lấp ló trên mặt nước, một vài cái lu, những rẻo đất đủ rộng cho một người ngồi thì cũng có, lại trôi đờ đẫn đằng xa. Mãi mới có mảnh đất trôi gần, đúng lúc nó rùng mình nứt làm hai.\n\nTrong mê lộ của nước, mình chẳng biết trôi được đến đâu. Không bãi bờ gì để định vị. Ngó đâu cũng chỉ thấy nước và bọt nước, cùng những vật chất nổi nênh.\n\nGiờ thì mạnh ai nấy trôi.” - Trích tác phẩm.\n---\nHọ nổi trôi, nhưng mắc kẹt lại đâu đó, cùng lúc. Họ tháo nhưng cũng là buộc. Họ tìm kiếm tự do, buông mình khỏi những nơi chốn, khỏi hiện thực nghiệt ngã, khỏi những vui buồn, nhưng làm sao mà thoát khỏi vòng vây của chân trời.  \n\nVới “Trôi”, Nguyễn Ngọc Tư, bằng tài năng kể chuyện hiếm có, đã mở ra một thế giới bất định với những con người cố níu lấy thứ gì đó, đồng thời cũng muốn thoát khỏi nó, trong hành trình trôi nổi dường như vô tận của mình. Độc giả dễ dàng tìm thấy sự đồng cảm nơi mỗi nhân vật, như thể họ là từng phần trong mỗi con người chúng ta - và con người ấy, được mô tả như vật thể lang thang vô định - luôn ở trong trạng thái loay hoay lý giải, làm sáng tỏ về điều mà họ đã mất đi. Và trong hành trình dạt trôi theo quỹ đạo của riêng mình, những vật thể này sượt qua nhau bất giác làm vẩn lên hơi ấm con người, gợi cảm giác cái đẹp được cầm trên tay, thường trực sẵn một nguy cơ tan rã. Sau rốt, liệu rằng các nối kết giữa người với người có đủ bền chặt để mỗi tâm hồn thôi là sự nổi trôi vĩnh viễn?    ', 95000, 'Trôi - Nguyễn Ngọc Tư', 26, 85500, 0, 10),
	(52, 'Richard Shepherd', 2, 'Người Chết Không Nói Dối\n\nBạn nghĩ sao nếu những phân cảnh mô phỏng quá trình khám nghiệm tử thi hoặc các bài báo mô tả về công việc pháp y chỉ đúng một nửa so với thực tế đầy lạnh gáy? Bạn đã được nghe đến việc, sau hàng tháng trời lọc rây xương thịt con người, chuyên viên pháp y đã bị chấn thương tâm lý tới nỗi đi máy bay phải ghi tên mình lên các bộ phận cơ thể phòng trường hợp phải chịu cảnh thịt nát xương tan.\n\n“Người chết không nói dối” sẽ hé mở nhiều câu chuyện thú vị về cái nghề “phát ngôn viên của người chết” được kể bởi một trong các bác sĩ pháp y hàng đầu tại Anh - Richard Shepherd.\n\nVà công việc của anh ấy trả lời cho câu hỏi: Người này chết như thế nào?\n\nRichard Shepherd đã thực hiện hơn 23.000 cuộc khám nghiệm tử thi, đối mặt với những kẻ giết người hàng loạt, những vụ án hoàn hảo, thảm họa thiên nhiên. Trong đó có vụ điều tra về cái chết bí ẩn của Công nương Diana và Sự kiện 11 tháng 9 tại New York. Tất cả sẽ được anh ấy thuật lại một cách chân thực đến rùng mình.\n\nTự sát hay bị hại,\n\ntai nạn hay giết người,\n\nvô ý hay cố tình?\n\n“Lời khai của người sống có thể gian dối.\n\nVật chứng có thể ngụy tạo.\n\nNhưng người chết sẽ không nói dối.”\n\nMã hàng	8935325015267\nTên Nhà Cung Cấp	AZ Việt Nam\nTác giả	Richard Shepherd\nNgười Dịch	Bạch Lý\nNXB	Thế Giới\nNăm XB	2023\nNgôn Ngữ	Tiếng Việt\nTrọng lượng (gr)	420\nKích Thước Bao Bì	24 x 16 x 2 cm\nSố trang	400\nHình thức	Bìa Mềm\nSản phẩm bán chạy nhất	Top 100 sản phẩm Truyện Trinh Thám - Kiếm Hiệp bán chạy của tháng\nGiá sản phẩm trên Fahasa.com đã bao gồm thuế theo luật hiện hành. Bên cạnh đó, tuỳ vào loại sản phẩm, hình thức và địa chỉ giao hàng mà có thể phát sinh thêm chi phí khác như Phụ phí đóng gói, phí vận chuyển, phụ phí hàng cồng kềnh,...\nChính sách khuyến mãi trên Fahasa.com không áp dụng cho Hệ thống Nhà sách Fahasa trên toàn quốc\nNgười Chết Không Nói Dối\n\nBạn nghĩ sao nếu những phân cảnh mô phỏng quá trình khám nghiệm tử thi hoặc các bài báo mô tả về công việc pháp y chỉ đúng một nửa so với thực tế đầy lạnh gáy? Bạn đã được nghe đến việc, sau hàng tháng trời lọc rây xương thịt con người, chuyên viên pháp y đã bị chấn thương tâm lý tới nỗi đi máy bay phải ghi tên mình lên các bộ phận cơ thể phòng trường hợp phải chịu cảnh thịt nát xương tan.\n\n“Người chết không nói dối” sẽ hé mở nhiều câu chuyện thú vị về cái nghề “phát ngôn viên của người chết” được kể bởi một trong các bác sĩ pháp y hàng đầu tại Anh - Richard Shepherd.\n\nVà công việc của anh ấy trả lời cho câu hỏi: Người này chết như thế nào?\n\nRichard Shepherd đã thực hiện hơn 23.000 cuộc khám nghiệm tử thi, đối mặt với những kẻ giết người hàng loạt, những vụ án hoàn hảo, thảm họa thiên nhiên. Trong đó có vụ điều tra về cái chết bí ẩn của Công nương Diana và Sự kiện 11 tháng 9 tại New York. Tất cả sẽ được anh ấy thuật lại một cách chân thực đến rùng mình.\n\nTự sát hay bị hại,\n\ntai nạn hay giết người,\n\nvô ý hay cố tình?\n\n“Lời khai của người sống có thể gian dối.\n\nVật chứng có thể ngụy tạo.\n\nNhưng người chết sẽ không nói dối.”', 199000, ' Người Chết Không Nói Dối', 5, 179100, 1, 10),
	(53, 'Higashino Keigo', 0, 'Xoắn Ốc Vô Hình\n\nCÂU CHUYỆN HÉ LỘ BÍ MẬT CỦA VỊ "THÁM TỬ GALILEO" YUKAWA MANABU!\n\nXác của Uetsuji Ryota, một kẻ vô công rồi nghề được tìm thấy ngoài khơi Minamiboso. Shimauchi Sonoka, cô người yêu sống cùng Uetsuji đã bỏ trốn sau khi nộp đơn trình báo người yêu mất tích. Kỳ lạ thay, manh mối mỏng manh duy nhất để cảnh sát có thể lần ra tung tích của Sonoka lại nằm ở chỗ Yukawa Manabu, vị giáo sư thiên tài từng không ít lần giúp cảnh sát phá án. Yukawa liên quan thế nào tới vụ án? Và bí mật nào đang ẩn đằng sau đó?\n\nXoắn ốc vô hình lần đầu tiên hé lộ những bí mật riêng tư, những khía cạnh vô cùng “con người” của vị giáo sư nổi tiếng lạnh lùng Yukawa Manabu.\n\nMã hàng	8935235239760\nDự Kiến Có Hàng	30/11/2023\nTên Nhà Cung Cấp	Nhã Nam\nTác giả	Higashino Keigo\nNgười Dịch	Mai Khanh\nNXB	Hà Nội\nNăm XB	2023\nTrọng lượng (gr)	450\nKích Thước Bao Bì	20.5 x 14 x 1.5 cm\nSố trang	308\nHình thức	Bìa Mềm\nSản phẩm bán chạy nhất	Top 100 sản phẩm Truyện Trinh Thám - Kiếm Hiệp bán chạy của tháng\nGiá sản phẩm trên Fahasa.com đã bao gồm thuế theo luật hiện hành. Bên cạnh đó, tuỳ vào loại sản phẩm, hình thức và địa chỉ giao hàng mà có thể phát sinh thêm chi phí khác như Phụ phí đóng gói, phí vận chuyển, phụ phí hàng cồng kềnh,...\nChính sách khuyến mãi trên Fahasa.com không áp dụng cho Hệ thống Nhà sách Fahasa trên toàn quốc\nXoắn Ốc Vô Hình\n\nCÂU CHUYỆN HÉ LỘ BÍ MẬT CỦA VỊ "THÁM TỬ GALILEO" YUKAWA MANABU!\n\nXác của Uetsuji Ryota, một kẻ vô công rồi nghề được tìm thấy ngoài khơi Minamiboso. Shimauchi Sonoka, cô người yêu sống cùng Uetsuji đã bỏ trốn sau khi nộp đơn trình báo người yêu mất tích. Kỳ lạ thay, manh mối mỏng manh duy nhất để cảnh sát có thể lần ra tung tích của Sonoka lại nằm ở chỗ Yukawa Manabu, vị giáo sư thiên tài từng không ít lần giúp cảnh sát phá án. Yukawa liên quan thế nào tới vụ án? Và bí mật nào đang ẩn đằng sau đó?\n\nXoắn ốc vô hình lần đầu tiên hé lộ những bí mật riêng tư, những khía cạnh vô cùng “con người” của vị giáo sư nổi tiếng lạnh lùng Yukawa Manabu.', 140000, ' Xoắn Ốc Vô Hình', 5, 126000, 0, 10),
	(54, 'Nhiều Tác Giả', 4.5, 'Có Một Ngày, Bố Mẹ Sẽ Già Đi\n\nCàng lớn lên, những quyến luyến của chúng ta đối với bố mẹ càng ít. Khi đại bàng non có thể giương cánh, nó luôn hướng tới không trung, chứ không phải rúc vào đôi cánh bố mẹ.\n\nBạn khát vọng cuộc sống khởi sắc, không còn quẫn bách giật gấu vá vai. Bạn khát vọng sự nghiệp tiến triển, như thế mới không uổng bao năm vất vả tăng ca bất kể gió mưa. Bạn khát vọng con cái của mình về sau có thể lớn lên vui vẻ khỏe mạnh, đạt được thành tích đáng tự hào, vươn lên trong môi trường cạnh tranh quyết liệt… Nhưng bạn lại vô tình đặt một khát vọng khác nằm sâu trong tâm hồn xuống vị trí dưới cùng, khát vọng này chính là hy vọng bố mẹ đừng vội già đi.\n\nGiống như mỗi ngày đều có thể nhìn thấy mặt trời, vào những ngày trời quang nắng đẹp, bạn cảm thấy ấm áp và dễ chịu, nó như một thứ đương nhiên nên có, hưởng thụ sự tốt đẹp nó mang lại đã trở thành thói quen của bạn. Nhưng nếu một ngày, có người nói với bạn mặt trời sẽ không mọc nữa, bạn cảm thấy thế nào? Có lẽ phần lớn mọi người đều cảm thấy sợ hãi và luống cuống. Bố mẹ cũng giống như mặt trời, luôn lặng lẽ ở sau lưng, cho bạn chỗ dựa và sự ấm áp, nhưng nếu một ngày bố mẹ không còn ở đấy nữa, cảm giác an toàn quen thuộc cũng lập tức biến mất, bấy giờ muốn tìm lại, sợ rằng đã quá muộn.\n\nBởi vì năm tháng vẫn mãi trôi, thời gian không trở lại, tên siêu trộm thời gian đang dần dần lấy đi tuổi xuân của bố mẹ, rồi có một ngày, bố mẹ sẽ già đi.\n\nMã hàng	8936186544576\nTên Nhà Cung Cấp	AZ Việt Nam\nTác giả	Nhiều Tác Giả\nNgười Dịch	Losedow\nNXB	NXB Thế Giới\nNăm XB	2020\nNgôn Ngữ	Tiếng Việt\nTrọng lượng (gr)	300\nKích Thước Bao Bì	18 x 13 x 0.5 cm\nSố trang	296\nHình thức	Bìa Mềm\nSản phẩm hiển thị trong	\nAZ Việt Nam\nSản phẩm bán chạy nhất	Top 100 sản phẩm Truyện ngắn - Tản Văn bán chạy của tháng\nGiá sản phẩm trên Fahasa.com đã bao gồm thuế theo luật hiện hành. Bên cạnh đó, tuỳ vào loại sản phẩm, hình thức và địa chỉ giao hàng mà có thể phát sinh thêm chi phí khác như Phụ phí đóng gói, phí vận chuyển, phụ phí hàng cồng kềnh,...\nChính sách khuyến mãi trên Fahasa.com không áp dụng cho Hệ thống Nhà sách Fahasa trên toàn quốc\nCó Một Ngày, Bố Mẹ Sẽ Già Đi\n\nCàng lớn lên, những quyến luyến của chúng ta đối với bố mẹ càng ít. Khi đại bàng non có thể giương cánh, nó luôn hướng tới không trung, chứ không phải rúc vào đôi cánh bố mẹ.\n\nBạn khát vọng cuộc sống khởi sắc, không còn quẫn bách giật gấu vá vai. Bạn khát vọng sự nghiệp tiến triển, như thế mới không uổng bao năm vất vả tăng ca bất kể gió mưa. Bạn khát vọng con cái của mình về sau có thể lớn lên vui vẻ khỏe mạnh, đạt được thành tích đáng tự hào, vươn lên trong môi trường cạnh tranh quyết liệt… Nhưng bạn lại vô tình đặt một khát vọng khác nằm sâu trong tâm hồn xuống vị trí dưới cùng, khát vọng này chính là hy vọng bố mẹ đừng vội già đi.\n\nGiống như mỗi ngày đều có thể nhìn thấy mặt trời, vào những ngày trời quang nắng đẹp, bạn cảm thấy ấm áp và dễ chịu, nó như một thứ đương nhiên nên có, hưởng thụ sự tốt đẹp nó mang lại đã trở thành thói quen của bạn. Nhưng nếu một ngày, có người nói với bạn mặt trời sẽ không mọc nữa, bạn cảm thấy thế nào? Có lẽ phần lớn mọi người đều cảm thấy sợ hãi và luống cuống. Bố mẹ cũng giống như mặt trời, luôn lặng lẽ ở sau lưng, cho bạn chỗ dựa và sự ấm áp, nhưng nếu một ngày bố mẹ không còn ở đấy nữa, cảm giác an toàn quen thuộc cũng lập tức biến mất, bấy giờ muốn tìm lại, sợ rằng đã quá muộn.\n\nBởi vì năm tháng vẫn mãi trôi, thời gian không trở lại, tên siêu trộm thời gian đang dần dần lấy đi tuổi xuân của bố mẹ, rồi có một ngày, bố mẹ sẽ già đi.', 96000, 'Có Một Ngày, Bố Mẹ Sẽ Già Đi', 34, 81600, 0, 15),
	(55, 'Khotudien', 0, 'TỪ ĐIỂN TIẾNG “EM” – Định nghĩa về thế giới mới!\n\nBạn sẽ bất ngờ, khi cầm cuốn “từ điển” xinh xinh này trên tay.\n\nVà sẽ còn ngạc nhiên hơn nữa, khi bắt đầu đọc từng trang sách…\n\nDĩ nhiên là vì “Từ điển tiếng “Em” không phải là một cuốn từ điển thông thường rồi!\n\nNói đến “từ điển”, xưa nay chúng ta đều nghĩ về một bộ sách đồ sộ, giải thích ý nghĩa, cách dùng, dịch, cách phát âm, và thường kèm theo các ví dụ về cách sử dụng từ đó.\n\nTuy nhiên, với cuốn sách “Từ điển tiếng “em”, các bạn sẽ hết sức bất ngờ với những định nghĩa mới, bắt trend, sáng tạo, thông minh và vô cùng hài hước.\n\nTiếng “em” [danh từ] ở đây là tiếng lòng của những người yêu sự thật, ghét sự giả dối\n\nCô đơn [ tính từ ] không phải là không có ai bên cạnh, mà là người mình muốn ở cạnh lại không hề ở bên\n\nSống lỗi [ động từ ] là cách sống của mấy bạn có người yêu cái là bỏ bê bạn bè liền hà...\n\nNhưng đây không chỉ là cuốn sách chỉ biết nói dăm ba câu chuyện về tình yêu.\nCòn nhiều hơn thế!\n\nLà những câu cửa miệng của giới trẻ thời nay; là hoạt động tưởng vô bổ nhưng cần thiết cho sự sống: ăn, ngủ, tắm, gội cũng được định nghĩa hết sức dí dỏm... Và cũng không thiếu những “tật xấu, thói hư” nghĩ đến đã thấy “tức cái lồng ngực”...\n\nVà bạn yên tâm, “tập đoàn” Kho Từ Điển điều hành bởi Thịt Kho – Hiệp Thị - 2 chủ xị cho ra đời cuốn sách nhỏ bé xíu xiu nhưng mới mẻ và mặn mà vô cùng này sẽ khiến bạn thoát mác “người tối cổ” cười cả ngày không chán, nhìn bạn bè quanh mình bằng ánh mắt dễ thương, tận hưởng cuộc đời với những định nghĩa hoàn toàn!!!\n\nCuốn sách này giống như một chiếc hộp Pandora thú vị và hấp dẫn người đọc, vì bạn không thể đoán trước được tác giả sẽ “định nghĩa” câu nói đó theo nghĩa nào, cho ta thêm thích thú với những ngôn từ đáng yêu sử dụng mỗi ngày.\nVậy nên, ngay bây giờ, bạn đã sẵn sàng để mở ra những điều thú vị trong cuốn sách này chưa!!!\n\nMã hàng	8935325000980\nTên Nhà Cung Cấp	Skybooks\nTác giả	Khotudien\nNXB	NXB Phụ Nữ Việt Nam\nNăm XB	2021\nNgôn Ngữ	Tiếng Việt\nTrọng lượng (gr)	300\nKích Thước Bao Bì	12 x 10 cm\nSố trang	280\nHình thức	Bìa Mềm\nSản phẩm hiển thị trong	\nĐồ Chơi Cho Bé - Giá Cực Tốt\nRƯỚC DEAL LINH ĐÌNH VUI ĐÓN TRUNG THU\nSản phẩm bán chạy nhất	Top 100 sản phẩm Truyện ngắn - Tản Văn bán chạy của tháng\nGiá sản phẩm trên Fahasa.com đã bao gồm thuế theo luật hiện hành. Bên cạnh đó, tuỳ vào loại sản phẩm, hình thức và địa chỉ giao hàng mà có thể phát sinh thêm chi phí khác như Phụ phí đóng gói, phí vận chuyển, phụ phí hàng cồng kềnh,...\nChính sách khuyến mãi trên Fahasa.com không áp dụng cho Hệ thống Nhà sách Fahasa trên toàn quốc\nTỪ ĐIỂN TIẾNG “EM” – Định nghĩa về thế giới mới!\n\nBạn sẽ bất ngờ, khi cầm cuốn “từ điển” xinh xinh này trên tay.\n\nVà sẽ còn ngạc nhiên hơn nữa, khi bắt đầu đọc từng trang sách…\n\nDĩ nhiên là vì “Từ điển tiếng “Em” không phải là một cuốn từ điển thông thường rồi!\n\nNói đến “từ điển”, xưa nay chúng ta đều nghĩ về một bộ sách đồ sộ, giải thích ý nghĩa, cách dùng, dịch, cách phát âm, và thường kèm theo các ví dụ về cách sử dụng từ đó.\n\nTuy nhiên, với cuốn sách “Từ điển tiếng “em”, các bạn sẽ hết sức bất ngờ với những định nghĩa mới, bắt trend, sáng tạo, thông minh và vô cùng hài hước.\n\nTiếng “em” [danh từ] ở đây là tiếng lòng của những người yêu sự thật, ghét sự giả dối\n\nCô đơn [ tính từ ] không phải là không có ai bên cạnh, mà là người mình muốn ở cạnh lại không hề ở bên\n\nSống lỗi [ động từ ] là cách sống của mấy bạn có người yêu cái là bỏ bê bạn bè liền hà...\n\nNhưng đây không chỉ là cuốn sách chỉ biết nói dăm ba câu chuyện về tình yêu.\nCòn nhiều hơn thế!\n\nLà những câu cửa miệng của giới trẻ thời nay; là hoạt động tưởng vô bổ nhưng cần thiết cho sự sống: ăn, ngủ, tắm, gội cũng được định nghĩa hết sức dí dỏm... Và cũng không thiếu những “tật xấu, thói hư” nghĩ đến đã thấy “tức cái lồng ngực”...\n\nVà bạn yên tâm, “tập đoàn” Kho Từ Điển điều hành bởi Thịt Kho – Hiệp Thị - 2 chủ xị cho ra đời cuốn sách nhỏ bé xíu xiu nhưng mới mẻ và mặn mà vô cùng này sẽ khiến bạn thoát mác “người tối cổ” cười cả ngày không chán, nhìn bạn bè quanh mình bằng ánh mắt dễ thương, tận hưởng cuộc đời với những định nghĩa hoàn toàn!!!\n\nCuốn sách này giống như một chiếc hộp Pandora thú vị và hấp dẫn người đọc, vì bạn không thể đoán trước được tác giả sẽ “định nghĩa” câu nói đó theo nghĩa nào, cho ta thêm thích thú với những ngôn từ đáng yêu sử dụng mỗi ngày.\nVậy nên, ngay bây giờ, bạn đã sẵn sàng để mở ra những điều thú vị trong cuốn sách này chưa!!!', 69000, 'Từ Điển Tiếng “Em” - Tái Bản 2021', 20, 58650, 0, 15),
	(56, 'Dan Brown', 0, '"Robert Langdon, giáo sư biểu tượng và biểu tượng tôn giáo đến từ trường đại học Harvard, đã tới Bảo tàng Guggenheim Bilbao để tham dự một sự kiện quan trọng - công bố một phát hiện "sẽ thay đổi bộ mặt khoa học mãi mãi".\n\nEdmond Kirsch là một tỷ phú bốn mươi tuổi, một nhà tiên tri. Những phát minh kỹ thuật cao và những dự đoán táo bạo đã làm cho anh trở thành một nhân vật nổi tiếng toàn cầu. Kirsch - cũng chính là một trong những sinh viên đầu tiên của Langdon tại đại học Harvard cách đây hai thập kỷ - sẽ tiết lộ một bước đột phá đáng kinh ngạc...\n\nNó sẽ trả lời hai câu hỏi cơ bản về sự tồn tại của con người:\n"Chúng ta đến từ đâu?" và "Chúng ta đang đi về đâu?"\n\nKhi sự kiện bắt đầu, Langdon và vài trăm quan khách bị cuốn hút bởi một bài thuyết trình độc đáo mà chính Langdon cũng nhận thấy rằng sẽ gây ra nhiều tranh cãi hơn những gì ông tưởng tượng. Nhưng sự kiện này đột nhiên biến thành cuộc hỗn loạn, và khám phá quý giá của Kirsch đang dần biến mất vĩnh viễn. Trước nguy cơ phải đối mặt với một mối đe doạ sắp xảy ra, Langdon bị buộc phải bỏ trốn để thoát khỏi Bilbao cùng Ambra Vidal - Hoàng hậu tương lai của Tây Ban Nha để tìm ra mật khẩu bí ẩn sẽ mở ra bí mật của Kirsch.\n\nĐể chiến thắng những bí mật được giấu kín của lịch sử và tôn giáo cực đoan, Langdon và Ambra phải trốn tránh một thế lực với sức mạnh dường như xuất phát từ chính Hoàng gia Tây Ban Nha... và đang cố tìm cách để giữ Edmond Kirsch im lặng. Trên một hành trình được đánh dấu bởi các tác phẩm nghệ thuật hiện đại và các ký hiệu bí ẩn, Langdon và Vidal đã tìm ra những manh mối cuối cùng đưa họ đối mặt với khám phá gây sốc của Kirsch... và sự thật mà từ lâu chúng ta đã tìm kiếm."\n\nTHÔNG TIN TÁC GIẢ:\n\nDan Brown (s. ngày 22 tháng 6 năm 1964) là một nhà văn Mỹ chuyên viết tiểu thuyết hư cấu, bao gồm loạt truyện về nhân vật Robert Langdon: Thiên thần và ác quỷ (2000), Mật mã Da Vinci (2003), Biểu tượng thất truyền (2009), Hỏa ngục (2013) và Nguồn cội (2017). Nội dung các tiểu thuyết là đi tìm các báu vật trong vòng 24 giờ. Chúng thường chứa các chủ đề lặp lại về mật mã, nghệ thuật và các thuyết âm mưu. Ba trong số những tiểu thuyết của ông đã được chuyển thể thành phim.\n\nMã hàng	9786043607048\nTên Nhà Cung Cấp	Bách Việt\nTác giả	Dan Brown\nNgười Dịch	Nguyễn Xuân Hồng, Orkid\nNXB	Lao Động\nNăm XB	2022\nTrọng lượng (gr)	1165\nKích Thước Bao Bì	24 x 16 x 4.5 cm\nSố trang	776\nHình thức	Bìa Mềm\nSản phẩm bán chạy nhất	Top 100 sản phẩm Truyện Trinh Thám - Kiếm Hiệp bán chạy của tháng\nGiá sản phẩm trên Fahasa.com đã bao gồm thuế theo luật hiện hành. Bên cạnh đó, tuỳ vào loại sản phẩm, hình thức và địa chỉ giao hàng mà có thể phát sinh thêm chi phí khác như Phụ phí đóng gói, phí vận chuyển, phụ phí hàng cồng kềnh,...\nChính sách khuyến mãi trên Fahasa.com không áp dụng cho Hệ thống Nhà sách Fahasa trên toàn quốc\n"Robert Langdon, giáo sư biểu tượng và biểu tượng tôn giáo đến từ trường đại học Harvard, đã tới Bảo tàng Guggenheim Bilbao để tham dự một sự kiện quan trọng - công bố một phát hiện "sẽ thay đổi bộ mặt khoa học mãi mãi".\n\nEdmond Kirsch là một tỷ phú bốn mươi tuổi, một nhà tiên tri. Những phát minh kỹ thuật cao và những dự đoán táo bạo đã làm cho anh trở thành một nhân vật nổi tiếng toàn cầu. Kirsch - cũng chính là một trong những sinh viên đầu tiên của Langdon tại đại học Harvard cách đây hai thập kỷ - sẽ tiết lộ một bước đột phá đáng kinh ngạc...\n\nNó sẽ trả lời hai câu hỏi cơ bản về sự tồn tại của con người:\n"Chúng ta đến từ đâu?" và "Chúng ta đang đi về đâu?"\n\nKhi sự kiện bắt đầu, Langdon và vài trăm quan khách bị cuốn hút bởi một bài thuyết trình độc đáo mà chính Langdon cũng nhận thấy rằng sẽ gây ra nhiều tranh cãi hơn những gì ông tưởng tượng. Nhưng sự kiện này đột nhiên biến thành cuộc hỗn loạn, và khám phá quý giá của Kirsch đang dần biến mất vĩnh viễn. Trước nguy cơ phải đối mặt với một mối đe doạ sắp xảy ra, Langdon bị buộc phải bỏ trốn để thoát khỏi Bilbao cùng Ambra Vidal - Hoàng hậu tương lai của Tây Ban Nha để tìm ra mật khẩu bí ẩn sẽ mở ra bí mật của Kirsch.\n\nĐể chiến thắng những bí mật được giấu kín của lịch sử và tôn giáo cực đoan, Langdon và Ambra phải trốn tránh một thế lực với sức mạnh dường như xuất phát từ chính Hoàng gia Tây Ban Nha... và đang cố tìm cách để giữ Edmond Kirsch im lặng. Trên một hành trình được đánh dấu bởi các tác phẩm nghệ thuật hiện đại và các ký hiệu bí ẩn, Langdon và Vidal đã tìm ra những manh mối cuối cùng đưa họ đối mặt với khám phá gây sốc của Kirsch... và sự thật mà từ lâu chúng ta đã tìm kiếm."\n\nTHÔNG TIN TÁC GIẢ:\n\nDan Brown (s. ngày 22 tháng 6 năm 1964) là một nhà văn Mỹ chuyên viết tiểu thuyết hư cấu, bao gồm loạt truyện về nhân vật Robert Langdon: Thiên thần và ác quỷ (2000), Mật mã Da Vinci (2003), Biểu tượng thất truyền (2009), Hỏa ngục (2013) và Nguồn cội (2017). Nội dung các tiểu thuyết là đi tìm các báu vật trong vòng 24 giờ. Chúng thường chứa các chủ đề lặp lại về mật mã, nghệ thuật và các thuyết âm mưu. Ba trong số những tiểu thuyết của ông đã được chuyển thể thành phim.', 299000, 'Nguồn Cội (Tái Bản)', 16, 185380, 0, 38),
	(57, 'Higashino Keigo', 0, 'Thiên Nga Và Dơi\n\nXác của ông Shiraishi Kensuke, một luật sư sống tại Tokyo được tìm thấy trong một chiếc xe bị bỏ lại trên đường. Không lâu sau đó, ông Kuraki Tatsuro, hơn sáu mươi tuổi, ngụ tại tỉnh Aichi đứng ra nhận mọi tội lỗi, bao gồm cả tội giết người trong một vụ án khác đã xảy ra cách đấy hơn ba mươi năm. Dù không thể xác minh được lời khai của ông Tatsuro, cảnh sát vẫn khép lại vụ án.\n\nVậy nhưng, Shiraishi Mirei, con gái của nạn nhân và Kuraki Kazuma, con trai của hung thủ lại không sao chấp nhận được sự thật đó. Và, sau một lần tình cờ chạm mặt tại chính hiện trường vụ án, hai con người lẽ ra phải không đội trời chung ấy lại quyết định sẽ hợp tác hòng điều tra ra chân tướng sự việc. Để rồi họ nhận ra, có quá nhiều mâu thuẫn trong lời khai của ông Tatsuro, và ẩn sau đó là một bí mật động trời…\n\nHigashino Keigo sinh năm 1958 tại Osaka, là nhà văn trinh thám hàng đầu hiện nay tại Nhật. Năm 1985, Higashino Keigo giành Giải Edogawa Rampo lần thứ 31 cho tác phẩm trinh thám hay nhất với tiểu thuyết Giờ tan học.\n\nCác năm sau đó, Higashino Keigo liên tục được đề cử vô số các giải thưởng văn học lớn. Năm 1999, ông đoạt giải Mystery Writers of Japan Inc với tiểu thuyết Bí mật của Naoko, và năm 2006, là giải Naoki lần thứ 134 cho Phía sau nghi can X.\n\nThiên nga và dơi là tác phẩm kỷ niệm 35 năm hoạt động sáng tác của Higashino Keigo, được phát hành vào tháng Bốn, năm 2021.\n\nMã hàng	8935235237384\nTên Nhà Cung Cấp	Nhã Nam\nTác giả	Higashino Keigo\nNgười Dịch	Mai Khanh\nNXB	Hà Nội\nNăm XB	2023\nNgôn Ngữ	Tiếng Việt\nTrọng lượng (gr)	560\nKích Thước Bao Bì	20.5 x 14 x 3 cm\nSố trang	641\nHình thức	Bìa Mềm\nSản phẩm bán chạy nhất	Top 100 sản phẩm Truyện Trinh Thám - Kiếm Hiệp bán chạy của tháng\nGiá sản phẩm trên Fahasa.com đã bao gồm thuế theo luật hiện hành. Bên cạnh đó, tuỳ vào loại sản phẩm, hình thức và địa chỉ giao hàng mà có thể phát sinh thêm chi phí khác như Phụ phí đóng gói, phí vận chuyển, phụ phí hàng cồng kềnh,...\nChính sách khuyến mãi trên Fahasa.com không áp dụng cho Hệ thống Nhà sách Fahasa trên toàn quốc\nThiên Nga Và Dơi\n\nXác của ông Shiraishi Kensuke, một luật sư sống tại Tokyo được tìm thấy trong một chiếc xe bị bỏ lại trên đường. Không lâu sau đó, ông Kuraki Tatsuro, hơn sáu mươi tuổi, ngụ tại tỉnh Aichi đứng ra nhận mọi tội lỗi, bao gồm cả tội giết người trong một vụ án khác đã xảy ra cách đấy hơn ba mươi năm. Dù không thể xác minh được lời khai của ông Tatsuro, cảnh sát vẫn khép lại vụ án.\n\nVậy nhưng, Shiraishi Mirei, con gái của nạn nhân và Kuraki Kazuma, con trai của hung thủ lại không sao chấp nhận được sự thật đó. Và, sau một lần tình cờ chạm mặt tại chính hiện trường vụ án, hai con người lẽ ra phải không đội trời chung ấy lại quyết định sẽ hợp tác hòng điều tra ra chân tướng sự việc. Để rồi họ nhận ra, có quá nhiều mâu thuẫn trong lời khai của ông Tatsuro, và ẩn sau đó là một bí mật động trời…\n\nHigashino Keigo sinh năm 1958 tại Osaka, là nhà văn trinh thám hàng đầu hiện nay tại Nhật. Năm 1985, Higashino Keigo giành Giải Edogawa Rampo lần thứ 31 cho tác phẩm trinh thám hay nhất với tiểu thuyết Giờ tan học.\n\nCác năm sau đó, Higashino Keigo liên tục được đề cử vô số các giải thưởng văn học lớn. Năm 1999, ông đoạt giải Mystery Writers of Japan Inc với tiểu thuyết Bí mật của Naoko, và năm 2006, là giải Naoki lần thứ 134 cho Phía sau nghi can X.\n\nThiên nga và dơi là tác phẩm kỷ niệm 35 năm hoạt động sáng tác của Higashino Keigo, được phát hành vào tháng Bốn, năm 2021.\n\n', 269000, 'Thiên Nga Và Dơi', 19, 215200, 0, 20),
	(58, 'Hạ Mer', 4.5, '“Ước mơ của mẹ là gì?”\n\n“Thì cho chúng mày ăn học đàng hoàng, đầy đủ để mai sau đỡ khổ.”\n\n“Không, ước mơ khác cơ.”\n\n“Mai sau chúng mày lập gia đình, chọn được đúng người, vợ chồng yêu thương nhau.”\n\n“Ước mơ dành riêng cho bản thân mẹ cơ mà.”\n\n“MẸ THÌ LÀM GÌ CÓ ƯỚC MƠ.”\n\nBạn có bao giờ hỏi ước mơ của bố mẹ là gì? Hoặc dù có hỏi bố mẹ cũng chỉ trả lời qua loa như “Làm gì có…”. Nhưng bạn biết không, làm gì có ai trên thế giới này không có ước mơ cơ chứ, chỉ là ước mơ của bố mẹ chúng ta được cất giấu rất sâu trong tim và đánh đổi bằng nụ cười của những đứa con mà thôi.\n\nTại sao mẹ lại chẳng có nổi một ước mơ cho riêng mình? Phải chăng gánh vai mẹ đã quá mỏi mệt với cơm áo gạo tiền, với những bữa ăn và học phí của con.\n\nÀ không, mẹ có ước mơ đấy chứ. Mẹ ước mơ có một người bố, rồi mẹ cho nó cả một gia đình. Mẹ ước mơ được tới trường, nên mẹ cho nó học con chữ. Mẹ ước mơ được một bữa no, nên dẫu có phải đi làm vất vả khổ cực đến đâu mẹ cũng cho nó được bữa cơm ngon. Chỉ khác một điều, ước mơ của mẹ là các con mất rồi.\n\nĐó là hình ảnh của MẸ mà bạn sẽ bắt gặp trong “Mẹ làm gì có ước mơ”. Tựa một thước phim quay chậm đưa bạn trở lại những ngày bé thơ, dưới vòng tay chai sạn nhưng đầy ấm áp của mẹ. Khi tạm cất ước mơ của mình sang một bên, ước mơ của mẹ “hóa ra con từ bao giờ” và “thế giới của mẹ chính là con”. Bố mẹ đã dồn hết khả năng của mình, dành cho con những gì tốt nhất để con được thực hiện ước mơ.\n\nChúng ta đừng chỉ mải chạy theo ước mơ của mình mà quên mất những người đã hy sinh cả cuộc đời để mình có cơ hội thực hiện ước mơ ấy. Có thể gọi điện về nhà thường xuyên hơn, hoặc nếu có thể, hãy trở về nhà nếu đã đi đủ lâu. Đó là những điều mà Hạ Mer muốn gửi gắm đến bạn qua “Mẹ làm gì có ước mơ”.\n\nHy vọng cuốn sách sẽ giúp bạn thêm trân quý từng khoảnh khắc bên cạnh những người mà mình yêu thương.\n\nMã hàng	8935325011047\nTên Nhà Cung Cấp	AZ Việt Nam\nTác giả	Hạ Mer\nNXB	Văn Học\nNăm XB	2023\nNgôn Ngữ	Tiếng Việt\nTrọng lượng (gr)	190\nKích Thước Bao Bì	20.5 x 13 cm x 1.5\nSố trang	208\nHình thức	Bìa Mềm\nSản phẩm bán chạy nhất	Top 100 sản phẩm Truyện ngắn - Tản Văn bán chạy của tháng\nGiá sản phẩm trên Fahasa.com đã bao gồm thuế theo luật hiện hành. Bên cạnh đó, tuỳ vào loại sản phẩm, hình thức và địa chỉ giao hàng mà có thể phát sinh thêm chi phí khác như Phụ phí đóng gói, phí vận chuyển, phụ phí hàng cồng kềnh,...\nChính sách khuyến mãi trên Fahasa.com không áp dụng cho Hệ thống Nhà sách Fahasa trên toàn quốc\n“Ước mơ của mẹ là gì?”\n\n“Thì cho chúng mày ăn học đàng hoàng, đầy đủ để mai sau đỡ khổ.”\n\n“Không, ước mơ khác cơ.”\n\n“Mai sau chúng mày lập gia đình, chọn được đúng người, vợ chồng yêu thương nhau.”\n\n“Ước mơ dành riêng cho bản thân mẹ cơ mà.”\n\n“MẸ THÌ LÀM GÌ CÓ ƯỚC MƠ.”\n\nBạn có bao giờ hỏi ước mơ của bố mẹ là gì? Hoặc dù có hỏi bố mẹ cũng chỉ trả lời qua loa như “Làm gì có…”. Nhưng bạn biết không, làm gì có ai trên thế giới này không có ước mơ cơ chứ, chỉ là ước mơ của bố mẹ chúng ta được cất giấu rất sâu trong tim và đánh đổi bằng nụ cười của những đứa con mà thôi.\n\nTại sao mẹ lại chẳng có nổi một ước mơ cho riêng mình? Phải chăng gánh vai mẹ đã quá mỏi mệt với cơm áo gạo tiền, với những bữa ăn và học phí của con.\n\nÀ không, mẹ có ước mơ đấy chứ. Mẹ ước mơ có một người bố, rồi mẹ cho nó cả một gia đình. Mẹ ước mơ được tới trường, nên mẹ cho nó học con chữ. Mẹ ước mơ được một bữa no, nên dẫu có phải đi làm vất vả khổ cực đến đâu mẹ cũng cho nó được bữa cơm ngon. Chỉ khác một điều, ước mơ của mẹ là các con mất rồi.\n\nĐó là hình ảnh của MẸ mà bạn sẽ bắt gặp trong “Mẹ làm gì có ước mơ”. Tựa một thước phim quay chậm đưa bạn trở lại những ngày bé thơ, dưới vòng tay chai sạn nhưng đầy ấm áp của mẹ. Khi tạm cất ước mơ của mình sang một bên, ước mơ của mẹ “hóa ra con từ bao giờ” và “thế giới của mẹ chính là con”. Bố mẹ đã dồn hết khả năng của mình, dành cho con những gì tốt nhất để con được thực hiện ước mơ.\n\nChúng ta đừng chỉ mải chạy theo ước mơ của mình mà quên mất những người đã hy sinh cả cuộc đời để mình có cơ hội thực hiện ước mơ ấy. Có thể gọi điện về nhà thường xuyên hơn, hoặc nếu có thể, hãy trở về nhà nếu đã đi đủ lâu. Đó là những điều mà Hạ Mer muốn gửi gắm đến bạn qua “Mẹ làm gì có ước mơ”.\n\nHy vọng cuốn sách sẽ giúp bạn thêm trân quý từng khoảnh khắc bên cạnh những người mà mình yêu thương.', 89000, 'Mẹ Làm Gì Có Ước Mơ', 37, 75650, 1, 15),
	(59, 'Peter James', 0, 'Marcus Valentine là một bác sĩ giỏi giang, thành đạt và dường như có tất cả trong tay. Anh ta vừa thông minh, quyến rũ lại có một gia đình hạnh phúc với người vợ và ba đứa con. Nhưng anh luôn thấy cuộc sống của mình thiếu mất điều gì đó, đúng hơn là thiếu một ai đó.\nMột buổi sáng đang lái xe đi làm, anh suýt tông phải một cô gái đang chạy bộ băng qua đường. Marcus đã không thể rời mắt khỏi cô gái đó và anh thấy cô ấy giống hệt người anh đã say mê từ tuổi niên thiếu - Lynette.\nTrong quá khứ, Lynette đã vứt bỏ Marcus một cách phũ phàng còn anh thì không ngừng mơ về việc gặp lại cô trong nhiều năm qua. Liệu cô gái ấy có phải là Lynette hay chỉ là một sự trùng hợp? Marcus phải chăng đã say mê và đắm chìm vào những suy nghĩ về người phụ nữ này? Nhưng khi một loạt các sự kiện diễn ra một cách bi thảm và bất ngờ, nỗi ám ảnh và suy nghĩ của anh có nguy cơ phá hủy cuộc đời của cả hai người.\nMặc dù vậy, anh vẫn không thể dừng lại…\n\nTHÔNG TIN TÁC GIẢ:\n\nPeter James là tác giả có những đầu sách bán chạy nhất toàn cầu, nổi tiếng với việc viết tiểu thuyết tội phạm và kinh dị. Số sách bán toàn cầu của ông đến nay là hơn 20 triệu và được dịch ra 37 thứ tiếng.\n\nÔng đã giành hơn 40 giải thưởng cho tác phẩm của mình, trong đó có giải Tác giả viết về tội phạm xuất sắc nhất mọi thời đại của WHSmith.\n\nMã hàng	9786043710830\nTên Nhà Cung Cấp	Bách Việt\nTác giả	Peter James\nNgười Dịch	Trần Phương Thảo\nNXB	Thanh Niên\nNăm XB	2022\nTrọng lượng (gr)	600\nKích Thước Bao Bì	24 x 16 cm\nSố trang	560\nHình thức	Bìa Mềm\nSản phẩm bán chạy nhất	Top 100 sản phẩm Truyện Trinh Thám - Kiếm Hiệp bán chạy của tháng\nGiá sản phẩm trên Fahasa.com đã bao gồm thuế theo luật hiện hành. Bên cạnh đó, tuỳ vào loại sản phẩm, hình thức và địa chỉ giao hàng mà có thể phát sinh thêm chi phí khác như Phụ phí đóng gói, phí vận chuyển, phụ phí hàng cồng kềnh,...\nChính sách khuyến mãi trên Fahasa.com không áp dụng cho Hệ thống Nhà sách Fahasa trên toàn quốc\nMarcus Valentine là một bác sĩ giỏi giang, thành đạt và dường như có tất cả trong tay. Anh ta vừa thông minh, quyến rũ lại có một gia đình hạnh phúc với người vợ và ba đứa con. Nhưng anh luôn thấy cuộc sống của mình thiếu mất điều gì đó, đúng hơn là thiếu một ai đó.\nMột buổi sáng đang lái xe đi làm, anh suýt tông phải một cô gái đang chạy bộ băng qua đường. Marcus đã không thể rời mắt khỏi cô gái đó và anh thấy cô ấy giống hệt người anh đã say mê từ tuổi niên thiếu - Lynette.\nTrong quá khứ, Lynette đã vứt bỏ Marcus một cách phũ phàng còn anh thì không ngừng mơ về việc gặp lại cô trong nhiều năm qua. Liệu cô gái ấy có phải là Lynette hay chỉ là một sự trùng hợp? Marcus phải chăng đã say mê và đắm chìm vào những suy nghĩ về người phụ nữ này? Nhưng khi một loạt các sự kiện diễn ra một cách bi thảm và bất ngờ, nỗi ám ảnh và suy nghĩ của anh có nguy cơ phá hủy cuộc đời của cả hai người.\nMặc dù vậy, anh vẫn không thể dừng lại…\n\nTHÔNG TIN TÁC GIẢ:\n\nPeter James là tác giả có những đầu sách bán chạy nhất toàn cầu, nổi tiếng với việc viết tiểu thuyết tội phạm và kinh dị. Số sách bán toàn cầu của ông đến nay là hơn 20 triệu và được dịch ra 37 thứ tiếng.\n\nÔng đã giành hơn 40 giải thưởng cho tác phẩm của mình, trong đó có giải Tác giả viết về tội phạm xuất sắc nhất mọi thời đại của WHSmith.', 175000, 'Kẻ Bám Đuổi', 3, 100000, 0, 43),
	(60, 'Thomas Harris', 3.5, 'Rồng Đỏ\n\nNhững vụ giết người khủng khiếp vào những đêm trăng tròn. Những hiện trường được sắp đặt với rất nhiều ý đồ nhưng rất ít dấu vết. Một sát thủ thích phô trương, thách thức cảnh sát bằng những lời nhắn trêu ngươi. Một con quái vật khốn khổ chỉ tìm thấy niềm vui trong việc sát hại các gia đình hạnh phúc. Một kẻ thái nhân cách chìm trong những logic quái gở và những hoang tưởng bất khả hình dung. Hắn tự gọi mình là Rồng Đỏ.\n\nTrước khi có Hannibal Lecter đã có Rồng Đỏ. Rồng Đỏ không có được vẻ sắc lạnh rợn người mà thu hút khó cưỡng của Hannibal, nhưng ở hắn có thứ nhân tính méo mó vừa gây sợ hãi vừa gợi nên những trắc ẩn đau lòng. Là một sự pha trộn khôn ngoan của thuật loại suy, tính hồi hộp, của hành động và nỗi kinh hoàng. lại được viết chặt chẽ hơn nhiều tiểu thuyết ly kỳ khác, Rồng Đỏ hoàn toàn xứng đáng với lời khen tặng của Stephen King:\' Tiểu thuyết đại chúng xuất sắc nhất kể từ sau Bố Già "\n\nMã hàng	8935235234130\nTên Nhà Cung Cấp	Nhã Nam\nTác giả	Thomas Harris\nNgười Dịch	Miel G\nNXB	NXB Hội Nhà Văn\nNăm XB	2022\nTrọng lượng (gr)	400\nKích Thước Bao Bì	24 x 16 x 1.1 cm\nSố trang	404\nHình thức	Bìa Mềm\nSản phẩm bán chạy nhất	Top 100 sản phẩm Truyện Trinh Thám - Kiếm Hiệp bán chạy của tháng\nGiá sản phẩm trên Fahasa.com đã bao gồm thuế theo luật hiện hành. Bên cạnh đó, tuỳ vào loại sản phẩm, hình thức và địa chỉ giao hàng mà có thể phát sinh thêm chi phí khác như Phụ phí đóng gói, phí vận chuyển, phụ phí hàng cồng kềnh,...\nChính sách khuyến mãi trên Fahasa.com không áp dụng cho Hệ thống Nhà sách Fahasa trên toàn quốc\nRồng Đỏ\n\nNhững vụ giết người khủng khiếp vào những đêm trăng tròn. Những hiện trường được sắp đặt với rất nhiều ý đồ nhưng rất ít dấu vết. Một sát thủ thích phô trương, thách thức cảnh sát bằng những lời nhắn trêu ngươi. Một con quái vật khốn khổ chỉ tìm thấy niềm vui trong việc sát hại các gia đình hạnh phúc. Một kẻ thái nhân cách chìm trong những logic quái gở và những hoang tưởng bất khả hình dung. Hắn tự gọi mình là Rồng Đỏ.\n\nTrước khi có Hannibal Lecter đã có Rồng Đỏ. Rồng Đỏ không có được vẻ sắc lạnh rợn người mà thu hút khó cưỡng của Hannibal, nhưng ở hắn có thứ nhân tính méo mó vừa gây sợ hãi vừa gợi nên những trắc ẩn đau lòng. Là một sự pha trộn khôn ngoan của thuật loại suy, tính hồi hộp, của hành động và nỗi kinh hoàng. lại được viết chặt chẽ hơn nhiều tiểu thuyết ly kỳ khác, Rồng Đỏ hoàn toàn xứng đáng với lời khen tặng của Stephen King:\' Tiểu thuyết đại chúng xuất sắc nhất kể từ sau Bố Già "', 135000, 'Rồng Đỏ', 11, 114750, 1, 15),
	(61, 'Thảo Thảo', 0, 'Chúng Ta Rồi Sẽ Hạnh Phúc, Theo Những Cách Khác Nhau\n\n- Bạn có từng đắm chìm trong vô vọng và không tìm ra lối thoát cho chuỗi ngày vụng dại tuổi trẻ của mình?\n\n- Bạn có từng muốn ngủ một giấc thật dài, sau khi tỉnh dậy sẽ chỉ còn những niềm vui ở lại?\n\n- Bạn có từng nghĩ rằng mình là người bất hạnh nhất trên thế gian này, khi những chuyện chẳng lành cứ dồn dập tới lui?\n\nTrên đời này có vô vàn định nghĩa về hạnh phúc, nhưng bằng cách này hay cách khác, rồi sau này chúng ta sẽ hạnh hạnh phúc, cho dù chúng ta có gặp nhầm bao người đi nữa.\n\nCHÚNG TA RỒI SẼ HẠNH PHÚC, THEO NHỮNG CÁCH KHÁC NHAU là một lời nhắn nhủ của tác giả Thảo Thảo đến tất cả mọi người rằng mỗi chúng ta đều là một cá thể duy nhất trong vũ trụ bao la rộng lớn, đừng bao giờ cho người khác quyền mang lại niềm vui hay nỗi buồn cho bạn. Hãy sống với những gì bạn muốn, làm nhũng gì bạn cho là đúng, bởi nếu cứ sống vì người khác, bạn sẽ đánh mất những-gì-đặc-biệt-nhất của bản thân mình.\n\n“Những nụ cười tươi tắn nhất sẽ giấu đi những bí mật đau thương nhất.\nNgày lãng phí nhất trong cuộc đời là ngày thiếu vắng những nụ cười”.\n\nSẽ có một ngày bạn tỉnh dậy thật sớm, ngắm bình minh lên thật đẹp, đón ánh sáng thật lung linh rực rỡ và mỉm cười an nhiên khi từng nghĩ mình là kẻ cô đơn nhất thế giới nay đã có một người ở cạnh bên, cùng nhau hạnh phúc.\n\nCho dù ngày hôm nay bạn có căm ghét cuộc sống này đi chăng nữa thì cũng đừng buông bỏ, bởi chúng ta sinh ra trên đời này là để được hạnh phúc. Hãy trân trọng một lần được sống để sống trọn vẹn.\n\nCHÚNG TA RỒI SẼ HẠNH PHÚC, THEO NHỮNG CÁCH KHÁC NHAU!\n\nMã hàng	8936186548826\nTên Nhà Cung Cấp	AZ Việt Nam\nTác giả	Thảo Thảo\nNXB	NXB Văn Học\nNăm XB	2021\nNgôn Ngữ	Tiếng Việt\nTrọng lượng (gr)	220\nKích Thước Bao Bì	20.5 x 13 cm\nSố trang	208\nHình thức	Bìa Mềm\nSản phẩm hiển thị trong	\nAZ Việt Nam\nSản phẩm bán chạy nhất	Top 100 sản phẩm Truyện ngắn - Tản Văn bán chạy của tháng\nGiá sản phẩm trên Fahasa.com đã bao gồm thuế theo luật hiện hành. Bên cạnh đó, tuỳ vào loại sản phẩm, hình thức và địa chỉ giao hàng mà có thể phát sinh thêm chi phí khác như Phụ phí đóng gói, phí vận chuyển, phụ phí hàng cồng kềnh,...\nChính sách khuyến mãi trên Fahasa.com không áp dụng cho Hệ thống Nhà sách Fahasa trên toàn quốc\nChúng Ta Rồi Sẽ Hạnh Phúc, Theo Những Cách Khác Nhau\n\n- Bạn có từng đắm chìm trong vô vọng và không tìm ra lối thoát cho chuỗi ngày vụng dại tuổi trẻ của mình?\n\n- Bạn có từng muốn ngủ một giấc thật dài, sau khi tỉnh dậy sẽ chỉ còn những niềm vui ở lại?\n\n- Bạn có từng nghĩ rằng mình là người bất hạnh nhất trên thế gian này, khi những chuyện chẳng lành cứ dồn dập tới lui?\n\nTrên đời này có vô vàn định nghĩa về hạnh phúc, nhưng bằng cách này hay cách khác, rồi sau này chúng ta sẽ hạnh hạnh phúc, cho dù chúng ta có gặp nhầm bao người đi nữa.\n\nCHÚNG TA RỒI SẼ HẠNH PHÚC, THEO NHỮNG CÁCH KHÁC NHAU là một lời nhắn nhủ của tác giả Thảo Thảo đến tất cả mọi người rằng mỗi chúng ta đều là một cá thể duy nhất trong vũ trụ bao la rộng lớn, đừng bao giờ cho người khác quyền mang lại niềm vui hay nỗi buồn cho bạn. Hãy sống với những gì bạn muốn, làm nhũng gì bạn cho là đúng, bởi nếu cứ sống vì người khác, bạn sẽ đánh mất những-gì-đặc-biệt-nhất của bản thân mình.\n\n“Những nụ cười tươi tắn nhất sẽ giấu đi những bí mật đau thương nhất.\nNgày lãng phí nhất trong cuộc đời là ngày thiếu vắng những nụ cười”.\n\nSẽ có một ngày bạn tỉnh dậy thật sớm, ngắm bình minh lên thật đẹp, đón ánh sáng thật lung linh rực rỡ và mỉm cười an nhiên khi từng nghĩ mình là kẻ cô đơn nhất thế giới nay đã có một người ở cạnh bên, cùng nhau hạnh phúc.\n\nCho dù ngày hôm nay bạn có căm ghét cuộc sống này đi chăng nữa thì cũng đừng buông bỏ, bởi chúng ta sinh ra trên đời này là để được hạnh phúc. Hãy trân trọng một lần được sống để sống trọn vẹn.\n\nCHÚNG TA RỒI SẼ HẠNH PHÚC, THEO NHỮNG CÁCH KHÁC NHAU!', 86000, 'Chúng Ta Rồi Sẽ Hạnh Phúc, Theo Những Cách Khác Nhau', 15, 73100, 0, 15),
	(62, 'Yugo Aosaki', 3.5, 'Án Mạng Trong Phòng Thể Chất: Bí Ẩn Chiếc Ô Đen\n\n"Khung cảnh sân khấu dần hé lộ. Bục phát biểu đặt ở chính giữa.\n\nCạnh chiếc bệ luôn được dùng trong các bài phát biểu lê thê ngán ngẩm có bóng lưng của một người.\n\nMột nam sinh mặc áo gi-lê xanh dương đậm, đồng phục của trường.\n\nĐầu người đó gục sang một bên, vai mềm oặt không chút sức lực. Nhìn qua trông như đang ngủ. Ngủ trưa ở chỗ này? Không đúng, đợi đã, có gì đó đang cắm vào ngực cậu ta.\n\nĐó, chẳng lẽ đó là…"\n\nSau giờ học, tại phòng thể chất của trường cấp ba Kazegaoka, một nam sinh thuộc câu lạc bộ Phát thanh bị sát hại.\n\nHiện trường án mạng như một căn phòng kín, nhân vật duy nhất có mặt tại phòng thể chất vào thời điểm đó – đội trưởng câu lạc bộ Bóng bàn nữ bị cảnh sát nhận định là hung thủ. Để cứu đội trưởng, Yuno – thành viên câu lạc bộ Bóng bàn nữ, đã nhờ cậy Urazome Tenma – học sinh được gọi là thiên tài của trường. Tuy nhiên Urazome Tenma lại là một tên otaku mê anime vô dụng…\n\n" Án Mạng Trong Phòng Thể Chất: Bí Ẩn Chiếc Ô Đen" là tác phẩm đầu tay của tác giả Yugo Aosaki - một trong những cái tên nổi bật và đang được chú ý trong giới văn học trinh thám Nhật Bản hiện nay.\n\nNgay từ khi mới ra mắt, cuốn sách đã nhanh chóng tạo được tiếng vang vô cùng lớn khi:\n\n- Đoạt giải Ayukawa Tetsuya Award lần thứ 22.\n\n- Top 5 Honkaku Mystery Best 10 lần thứ 13.\n\n- Trở thành cuốn sách được yêu thích của đông đảo độc giả Nhật.\n\n- Góp mặt trong hàng loạt "wishlist" được chia sẻ rộng rãi trên các trang mạng xã hội.\n\nMã hàng	8936186548758\nTên Nhà Cung Cấp	AZ Việt Nam\nTác giả	Yugo Aosaki\nNgười Dịch	Mai\nNXB	NXB Thế Giới\nNăm XB	2021\nNgôn Ngữ	Tiếng Việt\nTrọng lượng (gr)	500\nKích Thước Bao Bì	18 x 13 cm\nSố trang	480\nHình thức	Bìa Mềm\nSản phẩm bán chạy nhất	Top 100 sản phẩm Truyện Trinh Thám - Kiếm Hiệp bán chạy của tháng\nGiá sản phẩm trên Fahasa.com đã bao gồm thuế theo luật hiện hành. Bên cạnh đó, tuỳ vào loại sản phẩm, hình thức và địa chỉ giao hàng mà có thể phát sinh thêm chi phí khác như Phụ phí đóng gói, phí vận chuyển, phụ phí hàng cồng kềnh,...\nChính sách khuyến mãi trên Fahasa.com không áp dụng cho Hệ thống Nhà sách Fahasa trên toàn quốc\nÁn Mạng Trong Phòng Thể Chất: Bí Ẩn Chiếc Ô Đen\n\n"Khung cảnh sân khấu dần hé lộ. Bục phát biểu đặt ở chính giữa.\n\nCạnh chiếc bệ luôn được dùng trong các bài phát biểu lê thê ngán ngẩm có bóng lưng của một người.\n\nMột nam sinh mặc áo gi-lê xanh dương đậm, đồng phục của trường.\n\nĐầu người đó gục sang một bên, vai mềm oặt không chút sức lực. Nhìn qua trông như đang ngủ. Ngủ trưa ở chỗ này? Không đúng, đợi đã, có gì đó đang cắm vào ngực cậu ta.\n\nĐó, chẳng lẽ đó là…"\n\nSau giờ học, tại phòng thể chất của trường cấp ba Kazegaoka, một nam sinh thuộc câu lạc bộ Phát thanh bị sát hại.\n\nHiện trường án mạng như một căn phòng kín, nhân vật duy nhất có mặt tại phòng thể chất vào thời điểm đó – đội trưởng câu lạc bộ Bóng bàn nữ bị cảnh sát nhận định là hung thủ. Để cứu đội trưởng, Yuno – thành viên câu lạc bộ Bóng bàn nữ, đã nhờ cậy Urazome Tenma – học sinh được gọi là thiên tài của trường. Tuy nhiên Urazome Tenma lại là một tên otaku mê anime vô dụng…\n\n" Án Mạng Trong Phòng Thể Chất: Bí Ẩn Chiếc Ô Đen" là tác phẩm đầu tay của tác giả Yugo Aosaki - một trong những cái tên nổi bật và đang được chú ý trong giới văn học trinh thám Nhật Bản hiện nay.\n\nNgay từ khi mới ra mắt, cuốn sách đã nhanh chóng tạo được tiếng vang vô cùng lớn khi:\n\n- Đoạt giải Ayukawa Tetsuya Award lần thứ 22.\n\n- Top 5 Honkaku Mystery Best 10 lần thứ 13.\n\n- Trở thành cuốn sách được yêu thích của đông đảo độc giả Nhật.\n\n- Góp mặt trong hàng loạt "wishlist" được chia sẻ rộng rãi trên các trang mạng xã hội.', 136000, 'Án Mạng Trong Phòng Thể Chất: Bí Ẩn Chiếc Ô Đen', 3, 115600, 1, 15),
	(63, 'Nhiều Tác Giả', 0, 'Chuyện Kể Rằng Có Nàng Và Tôi\n\nĐối với những người trẻ được sống như ý không phải lúc nào cũng dễ dàng, đặc biệt với những người đã phải trải qua một quãng thời gian khó khăn rồi mới có thể tìm được con người thật của mình, là chính mình. Những câu chuyện tình của họ có nhiều dang dở vì những mặc cảm, rào cản, khao khát được làm điều mình muốn, gắn bó với người mình yêu thương cả đời là các mong ước nhỏ trong lòng. Để rồi khi không thể giãi bày cùng ai, họ mang những điều thầm kín thổi vào những vần thơ nơi chỉ có những “câu chuyện về nàng và tôi”.\n\n“Chuyện kể rằng có nàng và tôi” là cuốn sách nhỏ với những áng thơ nhẹ nhàng, lãng mạn thể hiện mối giao hòa đẹp đẽ trong tâm hồn những người con gái. Tình yêu của họ vượt trên tất thảy mọi định kiến, chỉ còn lại là những cảm xúc dạt dào, vô tận. Trong những câu thơ đôi khi họ là những người lãng du cô đơn bước chân qua đám đông tranh cãi ồn ào và luôn khao khát tìm kiếm hạnh phúc.\n\n“em chỉ là kiến nhỏ\n\ncòn nàng lại là mây\n\nngẩng đầu lên sẽ thấy\n\nmà sao với được đây”\n\nRồi đôi khi lại đưa ta vào những cung bậc hân hoan, hạnh phúc của tình yêu, sự bao dung của những trái tim ngập tràn nắng ấm, vượt qua mọi ánh nhìn xa lạ của xã hội, mãi khiến ta muốn đắm chìm trong đó.\n\n“Ta yêu nhau từ những điều nhỏ nhặt\n\nChút vụn vặt ta góp lại yêu thương\n\nTa yêu nhau giữa cuộc sống vô thường\n\nNắm tay nhau qua một đời nghiêng ngả”\n\nDưới ngòi bút uyển chuyển, sắc sảo của nhiều tác giả, “Chuyện kể rằng có nàng và tôi” không chỉ là một cuốn sách về tình yêu dang dở, bao cảm xúc mật ngọt tán tỉnh của những nàng đồng tính nữ mà còn là những bản ngã, niềm tin và hy vọng, đủ ngọt ngào để quyến rũ tâm hồn độc giả.\n\nCuốn sách giúp bạn gỡ bỏ những bức tường thành định kiến để đắm mình trong tình yêu nhiệm màu, vì ai rồi cũng có quyền hạnh phúc trong thế giới nhỏ của họ dù là giới tính nào đi chăng nữa.\n\nMã hàng	8935325004025\nTên Nhà Cung Cấp	Skybooks\nTác giả	Nhiều Tác Giả\nNXB	NXB Phụ Nữ Việt Nam\nNăm XB	2022\nNgôn Ngữ	Tiếng Việt\nTrọng lượng (gr)	200\nKích Thước Bao Bì	17 x 11 cm x 0.8\nSố trang	152\nHình thức	Bìa Mềm\nSản phẩm bán chạy nhất	Top 100 sản phẩm Truyện ngắn - Tản Văn bán chạy của tháng\nGiá sản phẩm trên Fahasa.com đã bao gồm thuế theo luật hiện hành. Bên cạnh đó, tuỳ vào loại sản phẩm, hình thức và địa chỉ giao hàng mà có thể phát sinh thêm chi phí khác như Phụ phí đóng gói, phí vận chuyển, phụ phí hàng cồng kềnh,...\nChính sách khuyến mãi trên Fahasa.com không áp dụng cho Hệ thống Nhà sách Fahasa trên toàn quốc\nChuyện Kể Rằng Có Nàng Và Tôi\n\nĐối với những người trẻ được sống như ý không phải lúc nào cũng dễ dàng, đặc biệt với những người đã phải trải qua một quãng thời gian khó khăn rồi mới có thể tìm được con người thật của mình, là chính mình. Những câu chuyện tình của họ có nhiều dang dở vì những mặc cảm, rào cản, khao khát được làm điều mình muốn, gắn bó với người mình yêu thương cả đời là các mong ước nhỏ trong lòng. Để rồi khi không thể giãi bày cùng ai, họ mang những điều thầm kín thổi vào những vần thơ nơi chỉ có những “câu chuyện về nàng và tôi”.\n\n“Chuyện kể rằng có nàng và tôi” là cuốn sách nhỏ với những áng thơ nhẹ nhàng, lãng mạn thể hiện mối giao hòa đẹp đẽ trong tâm hồn những người con gái. Tình yêu của họ vượt trên tất thảy mọi định kiến, chỉ còn lại là những cảm xúc dạt dào, vô tận. Trong những câu thơ đôi khi họ là những người lãng du cô đơn bước chân qua đám đông tranh cãi ồn ào và luôn khao khát tìm kiếm hạnh phúc.\n\n“em chỉ là kiến nhỏ\n\ncòn nàng lại là mây\n\nngẩng đầu lên sẽ thấy\n\nmà sao với được đây”\n\nRồi đôi khi lại đưa ta vào những cung bậc hân hoan, hạnh phúc của tình yêu, sự bao dung của những trái tim ngập tràn nắng ấm, vượt qua mọi ánh nhìn xa lạ của xã hội, mãi khiến ta muốn đắm chìm trong đó.\n\n“Ta yêu nhau từ những điều nhỏ nhặt\n\nChút vụn vặt ta góp lại yêu thương\n\nTa yêu nhau giữa cuộc sống vô thường\n\nNắm tay nhau qua một đời nghiêng ngả”\n\nDưới ngòi bút uyển chuyển, sắc sảo của nhiều tác giả, “Chuyện kể rằng có nàng và tôi” không chỉ là một cuốn sách về tình yêu dang dở, bao cảm xúc mật ngọt tán tỉnh của những nàng đồng tính nữ mà còn là những bản ngã, niềm tin và hy vọng, đủ ngọt ngào để quyến rũ tâm hồn độc giả.\n\nCuốn sách giúp bạn gỡ bỏ những bức tường thành định kiến để đắm mình trong tình yêu nhiệm màu, vì ai rồi cũng có quyền hạnh phúc trong thế giới nhỏ của họ dù là giới tính nào đi chăng nữa.', 72000, 'Chuyện Kể Rằng Có Nàng Và Tôi', 28, 61200, 0, 15),
	(64, 'Emma Hạ My', 0, 'Sĩ Số Lớp Vắng 0\n\n“Tiếng gọi bí ẩn trong căn phòng đó dường như chỉ có mình tôi nghe thấy.”\n\n“Lớp học này từng có người c.h.ế.t.”\n\n“Người ta đồn rằng, vào buổi tối, trường này có ma.”\n\nSau khi bóng đêm nuốt trọn ngôi trường, những điều quỷ dị đã xảy ra…Nơi chiếc bàn học cuối lớp thỉnh thoảng lại vang lên tiếng gọi, chẳng nghe rõ tiếng nhưng như một loại thuốc mê khiến con người ta không thể điều khiển nổi tâm trí mà đi theo… một thứ quỷ dị đanglen lỏi trong từng ngóc ngách của lớp học này.\n\n“SĨ SỐ LỚP VẮNG 0” là cuốn sách được chắp bút bởi EMMA HẠ MY - chủ sở hữu kênh Youtube “Truyện của Emma” đăng tải những câu chuyện kinh dị tự sáng tác bằng hình ảnh hoạt họa do chính tác giả thực hiện. Cuốn sách bao gồm “Vệt Phấn Trên Bảng Đen” và 9 truyện ngắn khác CHƯA TỪNG xuất hiện trên kênh của Emma Hạ My.\n\nTrải qua 10 câu chuyện, cuốn sách sẽ đưa bạn bước vào một thế giới đầy ám ảnh rùng mình khi nhắc đến như: hồn ma của nữ sinh bị g….iết và hã…m hi…ếp rồi ngụy tạo thành tr.eo c.ổ t..ự t..ử; nam sinh đang tr.eo c.ổ lắc lư trên thanh xà ngang học thể dục dựng ở giữa sân trường; là hồn ma của một nữ sinh, thường lang thang khắp nơi trong trường để dọa dẫm học sinh…\n\nTưởng chừng những sự việc hãi hùng kia dường như chỉ là cơn á.c m.ộng mà họ trải qua trong một đêm say giấc nồng. Nhưng rồi hiện thực phải đối diện tát cho họ một cú đau điếng. Những gì xảy ra đêm qua đều có thật.\n\nMã hàng	8935325013942\nTên Nhà Cung Cấp	AZ Việt Nam\nTác giả	Emma Hạ My\nNXB	Dân Trí\nNăm XB	2023\nNgôn Ngữ	Tiếng Việt\nTrọng lượng (gr)	280\nKích Thước Bao Bì	20.5 x 13 x 1.3 cm\nSố trang	264\nHình thức	Bìa Mềm\nSản phẩm bán chạy nhất	Top 100 sản phẩm Huyền Bí - Giả Tưởng - Kinh Dị bán chạy của tháng\nGiá sản phẩm trên Fahasa.com đã bao gồm thuế theo luật hiện hành. Bên cạnh đó, tuỳ vào loại sản phẩm, hình thức và địa chỉ giao hàng mà có thể phát sinh thêm chi phí khác như Phụ phí đóng gói, phí vận chuyển, phụ phí hàng cồng kềnh,...\nChính sách khuyến mãi trên Fahasa.com không áp dụng cho Hệ thống Nhà sách Fahasa trên toàn quốc\nSĩ Số Lớp Vắng 0\n\n“Tiếng gọi bí ẩn trong căn phòng đó dường như chỉ có mình tôi nghe thấy.”\n\n“Lớp học này từng có người c.h.ế.t.”\n\n“Người ta đồn rằng, vào buổi tối, trường này có ma.”\n\nSau khi bóng đêm nuốt trọn ngôi trường, những điều quỷ dị đã xảy ra…Nơi chiếc bàn học cuối lớp thỉnh thoảng lại vang lên tiếng gọi, chẳng nghe rõ tiếng nhưng như một loại thuốc mê khiến con người ta không thể điều khiển nổi tâm trí mà đi theo… một thứ quỷ dị đanglen lỏi trong từng ngóc ngách của lớp học này.\n\n“SĨ SỐ LỚP VẮNG 0” là cuốn sách được chắp bút bởi EMMA HẠ MY - chủ sở hữu kênh Youtube “Truyện của Emma” đăng tải những câu chuyện kinh dị tự sáng tác bằng hình ảnh hoạt họa do chính tác giả thực hiện. Cuốn sách bao gồm “Vệt Phấn Trên Bảng Đen” và 9 truyện ngắn khác CHƯA TỪNG xuất hiện trên kênh của Emma Hạ My.\n\nTrải qua 10 câu chuyện, cuốn sách sẽ đưa bạn bước vào một thế giới đầy ám ảnh rùng mình khi nhắc đến như: hồn ma của nữ sinh bị g….iết và hã…m hi…ếp rồi ngụy tạo thành tr.eo c.ổ t..ự t..ử; nam sinh đang tr.eo c.ổ lắc lư trên thanh xà ngang học thể dục dựng ở giữa sân trường; là hồn ma của một nữ sinh, thường lang thang khắp nơi trong trường để dọa dẫm học sinh…\n\nTưởng chừng những sự việc hãi hùng kia dường như chỉ là cơn á.c m.ộng mà họ trải qua trong một đêm say giấc nồng. Nhưng rồi hiện thực phải đối diện tát cho họ một cú đau điếng. Những gì xảy ra đêm qua đều có thật.', 102000, 'Sĩ Số Lớp Vắng 0', 9, 71400, 0, 30),
	(65, 'Minh Dự', 0, 'Mình Ngồi Xuống Kể Tổn Thương Trong Lòng\n\n“Mình Ngồi Xuống Kể Tổn Thương Trong Lòng” là cuốn sách thứ hai của Minh Dự, một nghệ sĩ trẻ đa tài trong showbiz Việt. Dù phần lớn độc giả vẫn biết đến Minh Dự như là một diễn viên trẻ đầy tài năng, nhưng chàng nghệ sĩ này ngoài việc nhập tâm các loại vai bi hài một cách đầy cảm xúc thì còn có biệt tài tung hứng câu chữ vô cùng điệu nghệ.\n\n“Mình Ngồi Xuống Kể Tổn Thương Trong Lòng” là những dòng văn, câu thơ trải lòng về cuộc đời, tình yêu, cách chúng ta đối diện với người và với chính bản thân mình, cách một người cô đơn ngồi xuống giữa thế gian tấp nập, trải lòng mình ra, cẩn trọng ghép nối từng mảnh vỡ để tự chữa lành.\n\nCuốn sách thơ – tản văn ra mắt vào dịp cuối năm 2021 chắc chắn sẽ đem lại cho bạn đọc những chiêm nghiệm đa chiều, những góc nhìn mới mẻ, những sự bất ngờ thú vị tới từ một Minh Dự rất khác, không ồn ào mà đầy suy tư, không chọc cười mà lẳng lặng lau đi những giọt nước mắt bấy lâu nay cất giấu thật sâu trong lòng. Cuốn sách hứa hẹn sẽ được độc giả trẻ khắp nơi đón nhận và trở thành hiện tượng xuất bản mới của năm nay.\n\nNhư nhà thơ Nguyễn Phong Việt đã dành lời đề tặng cho “Mình Ngồi Xuống Kể Tổn Thương Trong Lòng”: “Thôi thì cứ nhớ, cứ thương, cứ phải sống một cuộc đời bình thường với hỉ nôj ái ố đi. Rồi sẽ đến một ngày, sẽ tự hiểu rằng, con người mình, thật ra là được trưởng thành lên phần nhiều là nhờ - những cuộc chia ly…”\n\nMã hàng	8938536458113\nNhà Cung Cấp	CÔNG TY TNHH VĂN HÓA VÀ TRUYỀN THÔNG THẢO NGUYÊN\nTác giả	Minh Dự\nNXB	Hà Nội\nNăm XB	2022\nNgôn Ngữ	Tiếng Việt\nTrọng lượng (gr)	150\nKích Thước Bao Bì	18 x 13 cm\nSố trang	128\nHình thức	Bìa Cứng\nSản phẩm bán chạy nhất	Top 100 sản phẩm Truyện ngắn - Tản Văn bán chạy của tháng\nGiá sản phẩm trên Fahasa.com đã bao gồm thuế theo luật hiện hành. Bên cạnh đó, tuỳ vào loại sản phẩm, hình thức và địa chỉ giao hàng mà có thể phát sinh thêm chi phí khác như Phụ phí đóng gói, phí vận chuyển, phụ phí hàng cồng kềnh,...\nChính sách khuyến mãi trên Fahasa.com không áp dụng cho Hệ thống Nhà sách Fahasa trên toàn quốc\nMình Ngồi Xuống Kể Tổn Thương Trong Lòng\n\n“Mình Ngồi Xuống Kể Tổn Thương Trong Lòng” là cuốn sách thứ hai của Minh Dự, một nghệ sĩ trẻ đa tài trong showbiz Việt. Dù phần lớn độc giả vẫn biết đến Minh Dự như là một diễn viên trẻ đầy tài năng, nhưng chàng nghệ sĩ này ngoài việc nhập tâm các loại vai bi hài một cách đầy cảm xúc thì còn có biệt tài tung hứng câu chữ vô cùng điệu nghệ.\n\n“Mình Ngồi Xuống Kể Tổn Thương Trong Lòng” là những dòng văn, câu thơ trải lòng về cuộc đời, tình yêu, cách chúng ta đối diện với người và với chính bản thân mình, cách một người cô đơn ngồi xuống giữa thế gian tấp nập, trải lòng mình ra, cẩn trọng ghép nối từng mảnh vỡ để tự chữa lành.\n\nCuốn sách thơ – tản văn ra mắt vào dịp cuối năm 2021 chắc chắn sẽ đem lại cho bạn đọc những chiêm nghiệm đa chiều, những góc nhìn mới mẻ, những sự bất ngờ thú vị tới từ một Minh Dự rất khác, không ồn ào mà đầy suy tư, không chọc cười mà lẳng lặng lau đi những giọt nước mắt bấy lâu nay cất giấu thật sâu trong lòng. Cuốn sách hứa hẹn sẽ được độc giả trẻ khắp nơi đón nhận và trở thành hiện tượng xuất bản mới của năm nay.\n\nNhư nhà thơ Nguyễn Phong Việt đã dành lời đề tặng cho “Mình Ngồi Xuống Kể Tổn Thương Trong Lòng”: “Thôi thì cứ nhớ, cứ thương, cứ phải sống một cuộc đời bình thường với hỉ nôj ái ố đi. Rồi sẽ đến một ngày, sẽ tự hiểu rằng, con người mình, thật ra là được trưởng thành lên phần nhiều là nhờ - những cuộc chia ly…”', 99000, 'Mình Ngồi Xuống Kể Tổn Thương Trong Lòng (Tái Bản)', 40, 92070, 0, 7),
	(66, 'Tuệ Mẫn', 4.5, 'Anh Không Bận, Chỉ Là Không Nhớ Em\n\nTuệ Mẫn – một nhà văn được nhiều bạn trẻ yêu thích nhờ lối viết giản dị, nhẹ nhàng và rất đỗi cảm xúc. Bắt đầu cầm bút từ những ngày đầu của tuổi đôi mươi, Tuệ Mẫn bén duyên với nghề viết với cuốn sách đầu tay “Anh đã quên em chưa?”. Những câu chuyện của Tuệ Mẫn như cái ôm vỗ về dịu dàng đến những trái tim biết yêu ngoài kia, để gửi đi hi vọng sau này ai cũng sẽ có được hạnh phúc xứng đáng.\n\nANH KHÔNG BẬN, CHỈ LÀ KHÔNG NHỚ EM - TUỆ MẪN\n\n- Dành cho những năm tháng cô đơn đợi một người\n\n- Dành cho bạn, người quên yêu bản thân lúc vụn vỡ nhất\n\n“Một chuyện, cho dù đẹp đẽ tới đâu, nếu như không có kết quả thì cũng đừng bận tâm. Bởi vì lâu dần bạn sẽ thấy mệt.\n\nMột người, cho dù lưu luyến thế nào, nếu như không nắm giữ được thì cũng đừng cố chấp. Bởi vì lâu dần bạn sẽ thấy đau lòng.”\n\nMã hàng	9786043925593\nTên Nhà Cung Cấp	Công Ty Cổ Phần Time Books\nTác giả	Tuệ Mẫn\nNXB	Thế Giới\nNăm XB	2023\nNgôn Ngữ	Tiếng Việt\nTrọng lượng (gr)	180\nKích Thước Bao Bì	17 x 11.5 x 1.2 cm\nSố trang	238\nHình thức	Bìa Mềm\nSản phẩm bán chạy nhất	Top 100 sản phẩm Truyện ngắn - Tản Văn bán chạy của tháng\nGiá sản phẩm trên Fahasa.com đã bao gồm thuế theo luật hiện hành. Bên cạnh đó, tuỳ vào loại sản phẩm, hình thức và địa chỉ giao hàng mà có thể phát sinh thêm chi phí khác như Phụ phí đóng gói, phí vận chuyển, phụ phí hàng cồng kềnh,...\nChính sách khuyến mãi trên Fahasa.com không áp dụng cho Hệ thống Nhà sách Fahasa trên toàn quốc\nAnh Không Bận, Chỉ Là Không Nhớ Em\n\nTuệ Mẫn – một nhà văn được nhiều bạn trẻ yêu thích nhờ lối viết giản dị, nhẹ nhàng và rất đỗi cảm xúc. Bắt đầu cầm bút từ những ngày đầu của tuổi đôi mươi, Tuệ Mẫn bén duyên với nghề viết với cuốn sách đầu tay “Anh đã quên em chưa?”. Những câu chuyện của Tuệ Mẫn như cái ôm vỗ về dịu dàng đến những trái tim biết yêu ngoài kia, để gửi đi hi vọng sau này ai cũng sẽ có được hạnh phúc xứng đáng.\n\nANH KHÔNG BẬN, CHỈ LÀ KHÔNG NHỚ EM - TUỆ MẪN\n\n- Dành cho những năm tháng cô đơn đợi một người\n\n- Dành cho bạn, người quên yêu bản thân lúc vụn vỡ nhất\n\n“Một chuyện, cho dù đẹp đẽ tới đâu, nếu như không có kết quả thì cũng đừng bận tâm. Bởi vì lâu dần bạn sẽ thấy mệt.\n\nMột người, cho dù lưu luyến thế nào, nếu như không nắm giữ được thì cũng đừng cố chấp. Bởi vì lâu dần bạn sẽ thấy đau lòng.”', 89000, 'Anh Không Bận, Chỉ Là Không Nhớ Em (Tái Bản 2023)', 29, 75650, 1, 15),
	(67, 'Thảo Trang', 0, 'Sau một đêm mưa gió, cô bé sáu tuổi Phương Linh bỗng mất hết tất cả, bất đắc chí trở thành một đứa trẻ mồ côi.\n\nSau mười năm tận mắt chứng kiến cái chết bi thảm của cha mẹ, Phương Linh giờ đã trở thành một thiếu nữ kiên cường, và luôn đau đáu trong lòng vụ án mạng năm nào chưa có lời giải đáp. Trong một dịp tình cờ quay về căn nhà cũ, Phương Linh phát hiện bấy lâu nay vẫn luôn có một hồn ma dõi theo mình. Hồn ma đó gợi nhắc cho cô nhớ tới một người từng xuất hiện trong đêm mưa gió năm ấ Mụn nốt ruồi giữa sống mũi, đôi mắt thường trực nét u sầu, trong giấc mơ đưa cô rong ruổi khắp chốn rừng sâu, kéo theo sau là hàng loạt những biến cố liên tục ập đến, có lúc tưởng chừng đã đập tan cả ranh giới cuối cùng của sự can trường nơi cô.\n\nRốt cuộc hồn ma đó là ai, có liên quan gì tới cái chết của bố mẹ cô? Tại sao hết lần này tới lần khác đều xuất hiện trước lưỡi hái tử thần, dang đôi tay đổi cho cô một mạng?\n\nRốt cuộc đằng sau cái chết của cha mẹ cô còn ẩn giấu bí mật động trời nào mà chính cô cũng không thể mường tượng nổi?\n\nLiệu rằng cô có thể thoát khỏi cơn ác mộng kinh hoàng này để quay trở về với cuộc sống bình yên như điều cô từng mong cầu trong lúc gần như rơi vào cảnh tuyệt vọng:\n\n“Nhất định phải trốn thoát khỏi đây, nhất định không thể chết một cách vô nghĩa.”\n\nNgủ Cùng Người Chết là tác phẩm thứ hai của tác giả Thảo Trang - một trong những nhà văn trẻ nổi bật về dòng truyện kinh dị thuần Việt, tiên phong bằng tác phẩm "Tết ở làng địa ngục".\n\nMã hàng	9786043751871\nTên Nhà Cung Cấp	CÔNG TY CỔ PHẦN VĂN HÓA VÀ TRUYỀN THÔNG LINH LAN\nTác giả	Thảo Trang\nNXB	Phụ Nữ Việt Nam\nNăm XB	2022\nTrọng lượng (gr)	420\nKích Thước Bao Bì	20.5 x 14 cm x 2\nSố trang	400\nHình thức	Bìa Mềm\nSản phẩm bán chạy nhất	Top 100 sản phẩm Huyền Bí - Giả Tưởng - Kinh Dị bán chạy của tháng\nGiá sản phẩm trên Fahasa.com đã bao gồm thuế theo luật hiện hành. Bên cạnh đó, tuỳ vào loại sản phẩm, hình thức và địa chỉ giao hàng mà có thể phát sinh thêm chi phí khác như Phụ phí đóng gói, phí vận chuyển, phụ phí hàng cồng kềnh,...\nChính sách khuyến mãi trên Fahasa.com không áp dụng cho Hệ thống Nhà sách Fahasa trên toàn quốc\nSau một đêm mưa gió, cô bé sáu tuổi Phương Linh bỗng mất hết tất cả, bất đắc chí trở thành một đứa trẻ mồ côi.\n\nSau mười năm tận mắt chứng kiến cái chết bi thảm của cha mẹ, Phương Linh giờ đã trở thành một thiếu nữ kiên cường, và luôn đau đáu trong lòng vụ án mạng năm nào chưa có lời giải đáp. Trong một dịp tình cờ quay về căn nhà cũ, Phương Linh phát hiện bấy lâu nay vẫn luôn có một hồn ma dõi theo mình. Hồn ma đó gợi nhắc cho cô nhớ tới một người từng xuất hiện trong đêm mưa gió năm ấ Mụn nốt ruồi giữa sống mũi, đôi mắt thường trực nét u sầu, trong giấc mơ đưa cô rong ruổi khắp chốn rừng sâu, kéo theo sau là hàng loạt những biến cố liên tục ập đến, có lúc tưởng chừng đã đập tan cả ranh giới cuối cùng của sự can trường nơi cô.\n\nRốt cuộc hồn ma đó là ai, có liên quan gì tới cái chết của bố mẹ cô? Tại sao hết lần này tới lần khác đều xuất hiện trước lưỡi hái tử thần, dang đôi tay đổi cho cô một mạng?\n\nRốt cuộc đằng sau cái chết của cha mẹ cô còn ẩn giấu bí mật động trời nào mà chính cô cũng không thể mường tượng nổi?\n\nLiệu rằng cô có thể thoát khỏi cơn ác mộng kinh hoàng này để quay trở về với cuộc sống bình yên như điều cô từng mong cầu trong lúc gần như rơi vào cảnh tuyệt vọng:\n\n“Nhất định phải trốn thoát khỏi đây, nhất định không thể chết một cách vô nghĩa.”\n\nNgủ Cùng Người Chết là tác phẩm thứ hai của tác giả Thảo Trang - một trong những nhà văn trẻ nổi bật về dòng truyện kinh dị thuần Việt, tiên phong bằng tác phẩm "Tết ở làng địa ngục".', 185000, 'Ngủ Cùng Người Chết', 16, 157000, 1, 15),
	(68, 'Tô Mạn', 0, 'Trở Thành Người Phụ Nữ Ai Cũng Muốn Lại Gần\n\nTại sao trong cuộc sống lại có những người phụ nữ luôn được thần may mắn mỉm cười như thế nhỉ? Dường như ở họ hội tụ tất thảy những đặc điểm khiến người ta mê mẩn như chân thành, lạc quan, nhiệt tình, người xung quanh đều thích làm bạn với họ. Và dường như cuộc đời họ luôn nhan nhản những “vừa khéo” và “không cẩn thận”. Không cẩn thận được thăng chức, bất ngờ kiếm được tấm chồng tốt, vừa khéo gặp được quý nhân...\n\nNếu bạn thực sự tưởng rằng thành công mà họ có được chỉ là điều bất ngờ, vậy thì thứ lỗi cho tôi nói thẳng là bạn đang trốn chạy hiện thực, hoặc bạn đích thị là kẻ khờ khạo. Những người phụ nữ may mắn ấy đều là kẻ mạnh giỏi rèn giũa bản thân.\n\nHọ đã nỗ lực nâng cấp bản thân vào khoảng thời gian và địa điểm người khác không trông thấy, mới tạo nên sức cuốn hút khiến ai cũng muốn lại gần như thế.\n\nVậy thì, phải làm thế nào mới có thể sở hữu sức cuốn hút khiến ai cũng muốn lại gần? Phải làm thế nào mới có thể bắt lấy may mắn của mình một cách suôn sẻ nhỉ?\n\nNgười phụ nữ giàu sức cuốn hút đích thực là người có tâm hồn thơm hương. Cô ấy dịu dàng tinh tế, am hiểu lòng người, lại chín chắn lý trí. Sự săn sóc dịu dàng của cô ấy như một ngọn gió mát lành giữa trưa hè nắng gắt, mang đến cho người ta cảm giác sảng khoái thoải mái; sự dịu dàng và lương thiện của cô ấy tựa làn gió xuân tháng Ba mơn man say lòng người, mang đến cho người ta hương vị ấm áp dễ chịu. Sâu thẳm đáy lòng cô ấy đầy ắp những yêu thương và thiện lương. Giao lưu với người phụ nữ có tâm hồn thơm hương, chúng ta sẽ cảm nhận được nét sang trọng, thanh lịch toát ra từ bên trong cô ấy, khiến chúng ta sướng mắt đẹp lòng, chẳng dứt ra nổi.\n\nBa chữ “sức cuốn hút” đủ để phụ nữ nghiền ngẫm một đời, học tập một đời, lặp đi lặp lại một đời. Người phụ nữ như thế này dễ gặt hái được thành công mà người khác cho dù dốc sức phấn đấu nhiều năm, thậm chí là cả đời cũng không thể có được. Người phụ nữ như thế này sao có thể không phải là tiêu điểm của mọi sự chú ý, sao có thể không gặt hái được thành công kia chứ?\n\nTrở thành người phụ nữ ai cũng muốn lại gần - Cuốn cẩm nang viết cho những người phụ nữ có ý thức nâng cấp bản thân.\n\nMã hàng	8935325011870\nTên Nhà Cung Cấp	AZ Việt Nam\nTác giả	Tô Mạn\nNgười Dịch	Thủy An\nNXB	Văn Học\nNăm XB	2023\nNgôn Ngữ	Tiếng Việt\nTrọng lượng (gr)	400\nKích Thước Bao Bì	20.5 x 14.5 x 1.5 cm\nSố trang	348\nHình thức	Bìa Mềm\nSản phẩm bán chạy nhất	Top 100 sản phẩm Truyện ngắn - Tản Văn bán chạy của tháng\nGiá sản phẩm trên Fahasa.com đã bao gồm thuế theo luật hiện hành. Bên cạnh đó, tuỳ vào loại sản phẩm, hình thức và địa chỉ giao hàng mà có thể phát sinh thêm chi phí khác như Phụ phí đóng gói, phí vận chuyển, phụ phí hàng cồng kềnh,...\nChính sách khuyến mãi trên Fahasa.com không áp dụng cho Hệ thống Nhà sách Fahasa trên toàn quốc\nTrở Thành Người Phụ Nữ Ai Cũng Muốn Lại Gần\n\nTại sao trong cuộc sống lại có những người phụ nữ luôn được thần may mắn mỉm cười như thế nhỉ? Dường như ở họ hội tụ tất thảy những đặc điểm khiến người ta mê mẩn như chân thành, lạc quan, nhiệt tình, người xung quanh đều thích làm bạn với họ. Và dường như cuộc đời họ luôn nhan nhản những “vừa khéo” và “không cẩn thận”. Không cẩn thận được thăng chức, bất ngờ kiếm được tấm chồng tốt, vừa khéo gặp được quý nhân...\n\nNếu bạn thực sự tưởng rằng thành công mà họ có được chỉ là điều bất ngờ, vậy thì thứ lỗi cho tôi nói thẳng là bạn đang trốn chạy hiện thực, hoặc bạn đích thị là kẻ khờ khạo. Những người phụ nữ may mắn ấy đều là kẻ mạnh giỏi rèn giũa bản thân.\n\nHọ đã nỗ lực nâng cấp bản thân vào khoảng thời gian và địa điểm người khác không trông thấy, mới tạo nên sức cuốn hút khiến ai cũng muốn lại gần như thế.\n\nVậy thì, phải làm thế nào mới có thể sở hữu sức cuốn hút khiến ai cũng muốn lại gần? Phải làm thế nào mới có thể bắt lấy may mắn của mình một cách suôn sẻ nhỉ?\n\nNgười phụ nữ giàu sức cuốn hút đích thực là người có tâm hồn thơm hương. Cô ấy dịu dàng tinh tế, am hiểu lòng người, lại chín chắn lý trí. Sự săn sóc dịu dàng của cô ấy như một ngọn gió mát lành giữa trưa hè nắng gắt, mang đến cho người ta cảm giác sảng khoái thoải mái; sự dịu dàng và lương thiện của cô ấy tựa làn gió xuân tháng Ba mơn man say lòng người, mang đến cho người ta hương vị ấm áp dễ chịu. Sâu thẳm đáy lòng cô ấy đầy ắp những yêu thương và thiện lương. Giao lưu với người phụ nữ có tâm hồn thơm hương, chúng ta sẽ cảm nhận được nét sang trọng, thanh lịch toát ra từ bên trong cô ấy, khiến chúng ta sướng mắt đẹp lòng, chẳng dứt ra nổi.\n\nBa chữ “sức cuốn hút” đủ để phụ nữ nghiền ngẫm một đời, học tập một đời, lặp đi lặp lại một đời. Người phụ nữ như thế này dễ gặt hái được thành công mà người khác cho dù dốc sức phấn đấu nhiều năm, thậm chí là cả đời cũng không thể có được. Người phụ nữ như thế này sao có thể không phải là tiêu điểm của mọi sự chú ý, sao có thể không gặt hái được thành công kia chứ?\n\nTrở thành người phụ nữ ai cũng muốn lại gần - Cuốn cẩm nang viết cho những người phụ nữ có ý thức nâng cấp bản thân.', 138000, 'Trở Thành Người Phụ Nữ Ai Cũng Muốn Lại Gần', 30, 124200, 0, 10),
	(69, 'Otsuichi', 0, 'Lời Nguyền Shiraisan\n\nNgày đầu mùa xuân, trong quán cà phê trang nhã tĩnh lặng, một cô gái đang nhâm nhi đồ uống và chuyện vãn với bạn thì bạn cô đột tử một cách thê thảm. Nhãn cầu nổ tung thành nhiều mảnh vụn, bắn la liệt ra sàn.\n\nCảnh sát đến khám nghiệm hiện trường, kết luận không có dấu hiệu hình sự. Pháp y đưa thi thể đi giám định, kết luận tử vong do suy tim.\n\nNghe xong, cô gái không sao chấp nhận được.\n\nBuổi tối mùa xuân, vừa ra khỏi cửa hàng tiện lợi, một chàng trai nhận được điện thoại của người em đã lâu không liên lạc. Nghe em nói năng rất gở, cậu lo lắng chạy đến tận nơi xem sao thì thấy em đã đột tử, nhãn cầu nổ tung thành nhiều mảnh vụn, bắn la liệt ra sàn.\n\nCảnh sát đến khám nghiệm hiện trường, kết luận không có dấu hiệu hình sự. Pháp y đưa thi thể đi giám định, kết luận tử vong do suy tim.\n\nNghe xong, chàng trai không sao chấp nhận được.\n\nĐi sâu tìm hiểu, họ nhận ra nguyên nhân tử vong vô cùng phi lý. Trước khi qua đời, những người này đều từng nghe một truyện kinh dị, tên là Lời nguyền Shiraisan. Trong truyện có lồng lời nguyền đoạt hồn. Dù cố ý tìm kiếm hay vô tình lướt mạng đọc phải, đã biết nội dung câu chuyện và nhân vật, người ta ắt sẽ nổ nhãn cầu mà chết, rồi được kết luận là do suy tim.\n\nHành vi gây họa diện rộng như thế thường gắn liền với tâm lý trả thù xã hội, bắt nguồn từ quá khứ bất hạnh của thủ phạm. Tuy nhiên quá khứ ở đây lại thuộc loại khó xác minh, nhân chứng đứng ra kể thì bất khả tín, chỉ biết cuộc sống của mỗi người sau khi đọc/nghe truyện sẽ là chuỗi ngày bị cầm tù bởi kinh hoàng, hoang tưởng và kết thúc trong thảm thương.\n\nCâu chuyện thế nào mà ghê gớm như vậy?\n\nCụ thể có trong Lời nguyền Shiraisan, tiểu thuyết kinh dị mới nhất được chuyển thể thành phim cùng tên của Otsuichi.\n\nMã hàng	8935250708968\nTên Nhà Cung Cấp	IPM\nTác giả	Otsuichi\nNgười Dịch	Thu Hà\nNXB	Hồng Đức\nNăm XB	2022\nNgôn Ngữ	Tiếng Việt\nTrọng lượng (gr)	277\nKích Thước Bao Bì	20.5 x 13.5 x 1.3 cm\nSố trang	248\nHình thức	Bìa Mềm\nSản phẩm bán chạy nhất	Top 100 sản phẩm Huyền Bí - Giả Tưởng - Kinh Dị bán chạy của tháng\nGiá sản phẩm trên Fahasa.com đã bao gồm thuế theo luật hiện hành. Bên cạnh đó, tuỳ vào loại sản phẩm, hình thức và địa chỉ giao hàng mà có thể phát sinh thêm chi phí khác như Phụ phí đóng gói, phí vận chuyển, phụ phí hàng cồng kềnh,...\nChính sách khuyến mãi trên Fahasa.com không áp dụng cho Hệ thống Nhà sách Fahasa trên toàn quốc\nLời Nguyền Shiraisan\n\nNgày đầu mùa xuân, trong quán cà phê trang nhã tĩnh lặng, một cô gái đang nhâm nhi đồ uống và chuyện vãn với bạn thì bạn cô đột tử một cách thê thảm. Nhãn cầu nổ tung thành nhiều mảnh vụn, bắn la liệt ra sàn.\n\nCảnh sát đến khám nghiệm hiện trường, kết luận không có dấu hiệu hình sự. Pháp y đưa thi thể đi giám định, kết luận tử vong do suy tim.\n\nNghe xong, cô gái không sao chấp nhận được.\n\nBuổi tối mùa xuân, vừa ra khỏi cửa hàng tiện lợi, một chàng trai nhận được điện thoại của người em đã lâu không liên lạc. Nghe em nói năng rất gở, cậu lo lắng chạy đến tận nơi xem sao thì thấy em đã đột tử, nhãn cầu nổ tung thành nhiều mảnh vụn, bắn la liệt ra sàn.\n\nCảnh sát đến khám nghiệm hiện trường, kết luận không có dấu hiệu hình sự. Pháp y đưa thi thể đi giám định, kết luận tử vong do suy tim.\n\nNghe xong, chàng trai không sao chấp nhận được.\n\nĐi sâu tìm hiểu, họ nhận ra nguyên nhân tử vong vô cùng phi lý. Trước khi qua đời, những người này đều từng nghe một truyện kinh dị, tên là Lời nguyền Shiraisan. Trong truyện có lồng lời nguyền đoạt hồn. Dù cố ý tìm kiếm hay vô tình lướt mạng đọc phải, đã biết nội dung câu chuyện và nhân vật, người ta ắt sẽ nổ nhãn cầu mà chết, rồi được kết luận là do suy tim.\n\nHành vi gây họa diện rộng như thế thường gắn liền với tâm lý trả thù xã hội, bắt nguồn từ quá khứ bất hạnh của thủ phạm. Tuy nhiên quá khứ ở đây lại thuộc loại khó xác minh, nhân chứng đứng ra kể thì bất khả tín, chỉ biết cuộc sống của mỗi người sau khi đọc/nghe truyện sẽ là chuỗi ngày bị cầm tù bởi kinh hoàng, hoang tưởng và kết thúc trong thảm thương.\n\nCâu chuyện thế nào mà ghê gớm như vậy?\n\nCụ thể có trong Lời nguyền Shiraisan, tiểu thuyết kinh dị mới nhất được chuyển thể thành phim cùng tên của Otsuichi.', 95000, 'Lời Nguyền Shiraisan', 19, 80750, 1, 15),
	(70, 'Tống Ngọc', 0, 'ĐỒNG LINH DỊ TRUYỆN - QUỶ TRIỀN THÂN - Thế giới trong con mắt một nạn nhân của bạo lực học đường.\n\n“Thầy chẳng hiểu gì cả. Chúng mới chính là quỷ dữ, em chỉ đối xử với chúng như cách chúng đã làm với em thôi.” - Liệu đó có phải là một trò đùa dai như lời của những kẻ bắt nạn vẫn nói?\n\nQuỷ Triền Thân dùng yếu tố kinh dị để làm nền cho vấn nạn bạo lực học đường, bối cảnh của truyện là một trường cấp ba, Thanh Vân là một học sinh bị bạo hành cả về thể xác lẫn tinh thần đến chết. Dòng thời gian trong truyện đan xen giữa quá khứ và thực tại, tạo thành mối tương quan với cái gọi là nhân quả.\n\nKhông ai đứng ngoài cuộc, từ nhà trường, giáo viên, phụ huynh cho tới tất cả học sinh đều có vai trò trong vấn nạn này. Thanh Vân từng bước phơi bày tội ác của từng người, ngay cả khi họ nghĩ mình vô tội, nhưng chính sự im lặng và bàng quan trước vấn nạn đã âm thầm tiếp tay cho bạo lực phát triển. Xuyên suốt câu chuyện không chỉ là quá trình trả thù mà còn là sự tìm kiếm một tia hy vọng, tìm kiếm một người bênh vực mình, bảo vệ mình, hay chỉ đơn giản là đối xử với mình một cách công bằng.\n\nNhưng càng hy vọng, thì thất vọng lại càng nhiều, đó giống như một mồi lửa châm vào đám dầu vốn dĩ đã loang rộng tới mức không thể ngăn lại trong lòng cô.\n\nLà một tác phẩm thuộc thể loại kinh dị được kết hợp với những đề tài gần gũi trong cuộc sống, Đồng Linh dị truyện – Quỷ Triền Thân đã đem đến cho độc giả cái nhìn chân thực đến trần trụi về một vấn nạn rất nhức nhối trong xã hội – bạo lực học đường. Tại đây người đọc không chỉ sợ hãi ma quỷ, mà còn phải rùng mình bởi cách đối xử giữa người với người trong câu chuyện. Và chỉ khi đứng trong vai trò của một nạn nhân của bạo lực học đường, độc giả mới thấy thế giới của họ giống như một địa ngục thu nhỏ.\n\nĐối với những kẻ bắt nạt thì khi nhắc lại sẽ chỉ nghĩ những điều mình làm giống như một trò đùa dễ dàng quên đi. Nhưng đối với nạn nhân của những trò đùa đó thì sẽ mang theo ám ảnh suốt cuộc đời, thậm trí còn trở thành một căn bệnh tâm lý khiến họ không thể hòa nhập với xã hội.\n\n“Vẻ đẹp từ tâm sinh ra, hơn cả thù hận chính là tha thứ.”\n\nĐiều cuối cùng mà tác phẩm muốn gửi tới những nạn nhân của bạo lực học đường là, hãy mạnh mẽ bước qua thù hận, khép lại quá khứ và sống một cuộc đời tốt đẹp xứng đáng với chính bạn. Nếu đã từng yêu thích Giải Ngải Ký và Bùa Yêu của Tống Ngọc, vậy đừng bỏ qua Đồng Linh dị truyện – Quỷ Triền Thân, một tác phẩm sẽ đem đến cho bạn những trải nghiệm kinh dị mới lạ, rùng rợn nhưng vô cùng chân thực!\n\nMã hàng	8935325010200\nTên Nhà Cung Cấp	AZ Việt Nam\nTác giả	Tống Ngọc\nNXB	Thanh Niên\nNăm XB	2023\nNgôn Ngữ	Tiếng Việt\nTrọng lượng (gr)	350\nKích Thước Bao Bì	24 x 15.7 cm x 2\nSố trang	320\nHình thức	Bìa Mềm\nSản phẩm bán chạy nhất	Top 100 sản phẩm Huyền Bí - Giả Tưởng - Kinh Dị bán chạy của tháng\nGiá sản phẩm trên Fahasa.com đã bao gồm thuế theo luật hiện hành. Bên cạnh đó, tuỳ vào loại sản phẩm, hình thức và địa chỉ giao hàng mà có thể phát sinh thêm chi phí khác như Phụ phí đóng gói, phí vận chuyển, phụ phí hàng cồng kềnh,...\nChính sách khuyến mãi trên Fahasa.com không áp dụng cho Hệ thống Nhà sách Fahasa trên toàn quốc\nĐỒNG LINH DỊ TRUYỆN - QUỶ TRIỀN THÂN - Thế giới trong con mắt một nạn nhân của bạo lực học đường.\n\n“Thầy chẳng hiểu gì cả. Chúng mới chính là quỷ dữ, em chỉ đối xử với chúng như cách chúng đã làm với em thôi.” - Liệu đó có phải là một trò đùa dai như lời của những kẻ bắt nạn vẫn nói?\n\nQuỷ Triền Thân dùng yếu tố kinh dị để làm nền cho vấn nạn bạo lực học đường, bối cảnh của truyện là một trường cấp ba, Thanh Vân là một học sinh bị bạo hành cả về thể xác lẫn tinh thần đến chết. Dòng thời gian trong truyện đan xen giữa quá khứ và thực tại, tạo thành mối tương quan với cái gọi là nhân quả.\n\nKhông ai đứng ngoài cuộc, từ nhà trường, giáo viên, phụ huynh cho tới tất cả học sinh đều có vai trò trong vấn nạn này. Thanh Vân từng bước phơi bày tội ác của từng người, ngay cả khi họ nghĩ mình vô tội, nhưng chính sự im lặng và bàng quan trước vấn nạn đã âm thầm tiếp tay cho bạo lực phát triển. Xuyên suốt câu chuyện không chỉ là quá trình trả thù mà còn là sự tìm kiếm một tia hy vọng, tìm kiếm một người bênh vực mình, bảo vệ mình, hay chỉ đơn giản là đối xử với mình một cách công bằng.\n\nNhưng càng hy vọng, thì thất vọng lại càng nhiều, đó giống như một mồi lửa châm vào đám dầu vốn dĩ đã loang rộng tới mức không thể ngăn lại trong lòng cô.\n\nLà một tác phẩm thuộc thể loại kinh dị được kết hợp với những đề tài gần gũi trong cuộc sống, Đồng Linh dị truyện – Quỷ Triền Thân đã đem đến cho độc giả cái nhìn chân thực đến trần trụi về một vấn nạn rất nhức nhối trong xã hội – bạo lực học đường. Tại đây người đọc không chỉ sợ hãi ma quỷ, mà còn phải rùng mình bởi cách đối xử giữa người với người trong câu chuyện. Và chỉ khi đứng trong vai trò của một nạn nhân của bạo lực học đường, độc giả mới thấy thế giới của họ giống như một địa ngục thu nhỏ.\n\nĐối với những kẻ bắt nạt thì khi nhắc lại sẽ chỉ nghĩ những điều mình làm giống như một trò đùa dễ dàng quên đi. Nhưng đối với nạn nhân của những trò đùa đó thì sẽ mang theo ám ảnh suốt cuộc đời, thậm trí còn trở thành một căn bệnh tâm lý khiến họ không thể hòa nhập với xã hội.\n\n“Vẻ đẹp từ tâm sinh ra, hơn cả thù hận chính là tha thứ.”\n\nĐiều cuối cùng mà tác phẩm muốn gửi tới những nạn nhân của bạo lực học đường là, hãy mạnh mẽ bước qua thù hận, khép lại quá khứ và sống một cuộc đời tốt đẹp xứng đáng với chính bạn. Nếu đã từng yêu thích Giải Ngải Ký và Bùa Yêu của Tống Ngọc, vậy đừng bỏ qua Đồng Linh dị truyện – Quỷ Triền Thân, một tác phẩm sẽ đem đến cho bạn những trải nghiệm kinh dị mới lạ, rùng rợn nhưng vô cùng chân thực!', 145000, 'Đồng Linh Dị Truyện - Quỷ Triền Thân', 4, 123250, 2, 15),
	(71, 'Nhiều Tác Giả', 0, 'Tôi Có Triệu Chứng Cứ Yêu Em\n\nTÔI CÓ TRIỆU CHỨNG CỨ YÊU EM\n\n“Vũ trụ mà anh khám phá\n\nCó hai tinh tú đáng xem:\n\nVì sao nằm trong ánh mắt\n\nVì sao cứ mãi yêu em.”\n\nNhững bài thơ, câu văn trong “Tôi có triệu chứng cứ yêu em” như rót mật vào tai người đọc. Không chỉ có những bài thơ đầy trữ tình, điểm đặc biệt trong cuốn sách này là những câu văn như đang chơi đùa, nhảy múa với từ ngữ.\n\n“Đừng hỏi anh tình yêu màu gì\n\nRồi em sẽ thấy nó trong suốt cả cuộc đời.”\n\nNếu bạn đang thương thầm một ai đó.\n\nNếu bạn muốn hâm nóng tình cảm với người yêu.\n\nNếu bạn muốn người yêu cũ phải hối hận vì đã rời bỏ mình.\n\nHãy đến với “Tôi có triệu chứng cứ yêu em” - một cuốn sách sinh ra để giúp bạn chinh phục trái tim của người mình thầm thương, trộm nhớ. Một cuốn bí kíp khiến bạn đắm mình vào trong biển muối, để khi trở ra bạn sẽ trở thành một con người khác, mặn mòi hơn, ngọt ngào hơn và đặc biệt là tinh tế hơn.\n\nKhi bước vào từng trang sách “Tôi có triệu chứng cứ yêu em”, bạn sẽ phải thốt lên ngạc nhiên trước sự kỳ diệu của tiếng Việt với những câu chơi chữ, cách các tác giả sử dụng từ đồng âm, đồng nghĩa để nói lên tiếng yêu trong lòng. Một cuốn sách siêu cuốn, hứa hẹn nhiều bất ngờ mà không kém phần căng não.\n\nCuốn bí kíp nhỏ này được viết bởi các bạn tác giả trẻ đến từ group Văn Vở. Tình yêu dưới góc nhìn của tuổi trẻ được diễn tả một cách vô cùng mới mẻ nhưng đầy lãng mạn và tinh tế.\n\n“Tôi có triệu chứng cứ yêu em” như một thứ độc dược ngọt ngào mà khi bạn nếm thử sẽ bị cuốn vào trong đó không thể nào thoát ra được. Trong quá trình pha chế, nhóm tác giả trẻ đã cho vào cuốn sách những tâm huyết và sáng tạo không ngừng nghỉ.\n\nMột cuốn sách mua một lời hai nghĩa dành tặng bạn. Mong rằng bạn có thể bỏ lại phiền muộn ở sau lưng để thả mình đắm say cùng những con chữ đượm tình ý.\n\nMã hàng	8935325011931\nTên Nhà Cung Cấp	Skybooks\nTác giả	Nhiều Tác Giả\nNXB	Phụ Nữ Việt Nam\nNăm XB	2023\nNgôn Ngữ	Tiếng Việt\nTrọng lượng (gr)	200\nKích Thước Bao Bì	17 x 11 x 1 cm\nSố trang	200\nHình thức	Bìa Mềm\nSản phẩm bán chạy nhất	Top 100 sản phẩm Truyện ngắn - Tản Văn bán chạy của tháng\nGiá sản phẩm trên Fahasa.com đã bao gồm thuế theo luật hiện hành. Bên cạnh đó, tuỳ vào loại sản phẩm, hình thức và địa chỉ giao hàng mà có thể phát sinh thêm chi phí khác như Phụ phí đóng gói, phí vận chuyển, phụ phí hàng cồng kềnh,...\nChính sách khuyến mãi trên Fahasa.com không áp dụng cho Hệ thống Nhà sách Fahasa trên toàn quốc\nTôi Có Triệu Chứng Cứ Yêu Em\n\nTÔI CÓ TRIỆU CHỨNG CỨ YÊU EM\n\n“Vũ trụ mà anh khám phá\n\nCó hai tinh tú đáng xem:\n\nVì sao nằm trong ánh mắt\n\nVì sao cứ mãi yêu em.”\n\nNhững bài thơ, câu văn trong “Tôi có triệu chứng cứ yêu em” như rót mật vào tai người đọc. Không chỉ có những bài thơ đầy trữ tình, điểm đặc biệt trong cuốn sách này là những câu văn như đang chơi đùa, nhảy múa với từ ngữ.\n\n“Đừng hỏi anh tình yêu màu gì\n\nRồi em sẽ thấy nó trong suốt cả cuộc đời.”\n\nNếu bạn đang thương thầm một ai đó.\n\nNếu bạn muốn hâm nóng tình cảm với người yêu.\n\nNếu bạn muốn người yêu cũ phải hối hận vì đã rời bỏ mình.\n\nHãy đến với “Tôi có triệu chứng cứ yêu em” - một cuốn sách sinh ra để giúp bạn chinh phục trái tim của người mình thầm thương, trộm nhớ. Một cuốn bí kíp khiến bạn đắm mình vào trong biển muối, để khi trở ra bạn sẽ trở thành một con người khác, mặn mòi hơn, ngọt ngào hơn và đặc biệt là tinh tế hơn.\n\nKhi bước vào từng trang sách “Tôi có triệu chứng cứ yêu em”, bạn sẽ phải thốt lên ngạc nhiên trước sự kỳ diệu của tiếng Việt với những câu chơi chữ, cách các tác giả sử dụng từ đồng âm, đồng nghĩa để nói lên tiếng yêu trong lòng. Một cuốn sách siêu cuốn, hứa hẹn nhiều bất ngờ mà không kém phần căng não.\n\nCuốn bí kíp nhỏ này được viết bởi các bạn tác giả trẻ đến từ group Văn Vở. Tình yêu dưới góc nhìn của tuổi trẻ được diễn tả một cách vô cùng mới mẻ nhưng đầy lãng mạn và tinh tế.\n\n“Tôi có triệu chứng cứ yêu em” như một thứ độc dược ngọt ngào mà khi bạn nếm thử sẽ bị cuốn vào trong đó không thể nào thoát ra được. Trong quá trình pha chế, nhóm tác giả trẻ đã cho vào cuốn sách những tâm huyết và sáng tạo không ngừng nghỉ.\n\nMột cuốn sách mua một lời hai nghĩa dành tặng bạn. Mong rằng bạn có thể bỏ lại phiền muộn ở sau lưng để thả mình đắm say cùng những con chữ đượm tình ý.', 84000, 'Tôi Có Triệu Chứng Cứ Yêu Em', 15, 75600, 1, 10),
	(72, 'Kevin Chen', 0, 'Vùng Đất Quỷ Tha Ma Bắt\n\nQuê hương là một vùng đất nhỏ...\n\nVùng đất nhỏ, chính là vùng đất quỷ tha ma bắt của gã.\n\nCâu chuyện bắt đầu vào một ngày rằm tháng Bảy, tại một cùng quê nghèo miền Trung đảo Đài Loan. Sau khi mãn hạn tù vì tội giết người bạn đời đồng tính ở Đức, Trần Thiên Hoành trở về quê cũ. Cha mẹ chị cả chị hai chị ba chị tư chị năm anh trai và chính gã - thanh niên nhà họ Trần lần lượt sắm vai người kể chuyện xuyên không - thời gian, dệt nên một mạng lưới đầy mê hoặc về những bí mật gia đình và những tư tưởng mê tín ở nông thôn, phơi bày nỗi bất hạnh vụn vỡ muôn màu muôn vẻ.\n\nKevin Chen đã dung hòa rất nhiều phong cách viết: hiện thực huyền ảo, hài kịch đen và cả bí ẩn giật gân... phác họa ra những phận đời vừa đáng buồn vừa đáng yêu trong hành trình tìm kiếm danh tính của bản thân.\n\nKEVIN CHEN (Trần Tư Hoành) sinh năm 1976 tại ngõ Bát Đức xã Vĩnh Tĩnh huyện Chương Hóa, Đài Loan. Là con thứ chín trong gia đình thuần nông.\n\nTốt nghiệp khoa tiếng Anh Đại học Công giáo Phụ Nhân, Viện Hý kịch Đại học Quốc gia Đài Loan, từng đoạt hạng nhất truyện ngắn giải văn học Lâm Vinh Tam, giải tiểu thuyết của năm Cửu Ca, giải Kim Đỉnh lần thứ 44.\n\nLà nhà văn, có lúc cũng là diễn viên, dịch giả, hiện đang là cư trú tại Berlin, Đức.\n\nVùng đất quỷ tha ma bắt là cuốn tiểu thuyết mở đầu ""bộ ba tác phẩm Mùa hè"" của Kevin Chen, năm 2020 từng vinh dự đoạt hai giải thưởng văn học danh giá của Đài Loan gồm giải Kim Điền (thuộc Viện Văn học quốc gia) và giải Kim Đỉnh (thuộc Bộ Văn hóa)\n\nMã hàng	8935235236912\nTên Nhà Cung Cấp	Nhã Nam\nTác giả	Kevin Chen\nNgười Dịch	Nguyễn Vinh Chi\nNXB	Hà Nội\nNăm XB	2023\nNgôn Ngữ	Tiếng Việt\nTrọng lượng (gr)	452\nKích Thước Bao Bì	20.5 x 14 x 2 cm\nSố trang	413\nHình thức	Bìa Mềm\nSản phẩm bán chạy nhất	Top 100 sản phẩm Huyền Bí - Giả Tưởng - Kinh Dị bán chạy của tháng\nGiá sản phẩm trên Fahasa.com đã bao gồm thuế theo luật hiện hành. Bên cạnh đó, tuỳ vào loại sản phẩm, hình thức và địa chỉ giao hàng mà có thể phát sinh thêm chi phí khác như Phụ phí đóng gói, phí vận chuyển, phụ phí hàng cồng kềnh,...\nChính sách khuyến mãi trên Fahasa.com không áp dụng cho Hệ thống Nhà sách Fahasa trên toàn quốc\nVùng Đất Quỷ Tha Ma Bắt\n\nQuê hương là một vùng đất nhỏ...\n\nVùng đất nhỏ, chính là vùng đất quỷ tha ma bắt của gã.\n\nCâu chuyện bắt đầu vào một ngày rằm tháng Bảy, tại một cùng quê nghèo miền Trung đảo Đài Loan. Sau khi mãn hạn tù vì tội giết người bạn đời đồng tính ở Đức, Trần Thiên Hoành trở về quê cũ. Cha mẹ chị cả chị hai chị ba chị tư chị năm anh trai và chính gã - thanh niên nhà họ Trần lần lượt sắm vai người kể chuyện xuyên không - thời gian, dệt nên một mạng lưới đầy mê hoặc về những bí mật gia đình và những tư tưởng mê tín ở nông thôn, phơi bày nỗi bất hạnh vụn vỡ muôn màu muôn vẻ.\n\nKevin Chen đã dung hòa rất nhiều phong cách viết: hiện thực huyền ảo, hài kịch đen và cả bí ẩn giật gân... phác họa ra những phận đời vừa đáng buồn vừa đáng yêu trong hành trình tìm kiếm danh tính của bản thân.\n\nKEVIN CHEN (Trần Tư Hoành) sinh năm 1976 tại ngõ Bát Đức xã Vĩnh Tĩnh huyện Chương Hóa, Đài Loan. Là con thứ chín trong gia đình thuần nông.\n\nTốt nghiệp khoa tiếng Anh Đại học Công giáo Phụ Nhân, Viện Hý kịch Đại học Quốc gia Đài Loan, từng đoạt hạng nhất truyện ngắn giải văn học Lâm Vinh Tam, giải tiểu thuyết của năm Cửu Ca, giải Kim Đỉnh lần thứ 44.\n\nLà nhà văn, có lúc cũng là diễn viên, dịch giả, hiện đang là cư trú tại Berlin, Đức.\n\nVùng đất quỷ tha ma bắt là cuốn tiểu thuyết mở đầu ""bộ ba tác phẩm Mùa hè"" của Kevin Chen, năm 2020 từng vinh dự đoạt hai giải thưởng văn học danh giá của Đài Loan gồm giải Kim Điền (thuộc Viện Văn học quốc gia) và giải Kim Đỉnh (thuộc Bộ Văn hóa)', 168000, 'Vùng Đất Quỷ Tha Ma Bắt', 21, 151200, 0, 10),
	(73, 'Lafcadio Hearn', 0, 'Quái Đàm\n\nLafcadio Hearn - nhà văn gốc Hy Lạp, đã dành nhiều năm nghiên cứu về những câu chuyện yêu ma vô cùng hấp dẫn của Nhật Bản và cho ra đời tác phẩm Quái đàm. Cuốn sách gồm 20 câu chuyện siêu nhiên rùng rợn, được viết dựa trên những truyền thuyết, thần thoại và tín ngưỡng của người Nhật xưa. Hearn đã mang lại cảm giác ám ảnh về thực tại tâm linh trong những bức phác họa ma quái, trong suốt, tinh tế về một thế giới siêu thực. Quái đàm không chỉ là một bản ghi chép về yêu ma, quỷ quái thông thường mà nó còn chứa đựng những triết lý và giá trị nhân văn trong từng mẩu chuyện. Đây cũng là tác phẩm tiêu biểu cho phong cách văn học của Lafcadio Hearn, thể hiện niềm đam mê bất tận dành cho những truyện cổ hấp dẫn của đất nước “mặt trời mọc” - nơi ông đã sống gần mười lăm năm cuối đời. Cuốn sách được xuất bản lần đầu tiên vào năm 1904 và trở thành một trong những tác phẩm kinh điển về văn hóa Nhật Bản.\n\nMã hàng	8935325012426\nTên Nhà Cung Cấp	AZ Việt Nam\nTác giả	Lafcadio Hearn\nNgười Dịch	Minh Anh\nNXB	Thanh Niên\nNăm XB	2023\nNgôn Ngữ	Tiếng Việt\nTrọng lượng (gr)	220\nKích Thước Bao Bì	19 x 13 x 1 cm\nSố trang	208\nHình thức	Bìa Mềm\nSản phẩm bán chạy nhất	Top 100 sản phẩm Huyền Bí - Giả Tưởng - Kinh Dị bán chạy của tháng\nGiá sản phẩm trên Fahasa.com đã bao gồm thuế theo luật hiện hành. Bên cạnh đó, tuỳ vào loại sản phẩm, hình thức và địa chỉ giao hàng mà có thể phát sinh thêm chi phí khác như Phụ phí đóng gói, phí vận chuyển, phụ phí hàng cồng kềnh,...\nChính sách khuyến mãi trên Fahasa.com không áp dụng cho Hệ thống Nhà sách Fahasa trên toàn quốc\nQuái Đàm\n\nLafcadio Hearn - nhà văn gốc Hy Lạp, đã dành nhiều năm nghiên cứu về những câu chuyện yêu ma vô cùng hấp dẫn của Nhật Bản và cho ra đời tác phẩm Quái đàm. Cuốn sách gồm 20 câu chuyện siêu nhiên rùng rợn, được viết dựa trên những truyền thuyết, thần thoại và tín ngưỡng của người Nhật xưa. Hearn đã mang lại cảm giác ám ảnh về thực tại tâm linh trong những bức phác họa ma quái, trong suốt, tinh tế về một thế giới siêu thực. Quái đàm không chỉ là một bản ghi chép về yêu ma, quỷ quái thông thường mà nó còn chứa đựng những triết lý và giá trị nhân văn trong từng mẩu chuyện. Đây cũng là tác phẩm tiêu biểu cho phong cách văn học của Lafcadio Hearn, thể hiện niềm đam mê bất tận dành cho những truyện cổ hấp dẫn của đất nước “mặt trời mọc” - nơi ông đã sống gần mười lăm năm cuối đời. Cuốn sách được xuất bản lần đầu tiên vào năm 1904 và trở thành một trong những tác phẩm kinh điển về văn hóa Nhật Bản.', 99000, 'Quái Đàm', 0, 89100, 2, 10),
	(74, 'Edogawa Ranpo', 0, 'Chiếc Ghế Người\n\n“Đã mấy tháng nay, tôi hoàn toàn biến mất khỏi thế giới loài người và đang sống một cuộc đời như của ác ma. Đương nhiên, trong thế giới rộng lớn này, không ai hay biết những việc mà tôi đang làm. Nếu như không có chuyện gì xảy ra thì chắc có lẽ tôi sẽ vĩnh viễn sống như thế và đã không quay về với thế giới loài người.”\n\nCuốn sách ẩn chứa những câu chuyện kì lạ bậc nhất về thế giới của những kẻ điên. Xuất phát từ những điều rất đỗi bình thường: một ánh mắt xa xăm của người chồng, một lời buột miệng trong vô thức, một suy nghĩ tuyệt vọng vụt qua trong ngày vô vị hay một cái liếc mắt vô tình, thậm chí từ những sở thích tưởng chừng vô hại, con người phóng đại chúng thành nỗi ám ảnh điên cuồng tới mất trí, và rồi mất mạng. Cứ thế, những kẻ điên trong thế giới văn chương đen tối của Edogawa Ranpo chào đời với tiếng cười ma quái, rùng rợn gây nên nỗi kinh hoàng suốt bao thập kỷ.\n\n“Nỗi sợ hãi mà ông [Ranpo] hứng thú luôn có nguồn gốc từ con người. Không có quái vật như trong Frankenstein hay hiện tượng siêu nhiên như ma quỷ. Đó là một thế giới mà con người là thứ đáng sợ nhất.”\n\n- Ishikawa Takumi, Giáo sư Đại học Rikkyo, Chuyên gia nghiên cứu Văn học và Văn hóa hiện đại -\n\nMã hàng	8936213490517\nTên Nhà Cung Cấp	CÔNG TY CỔ PHẦN VĂN HÓA VÀ TRUYỀN THÔNG LINH LAN\nTác giả	Edogawa Ranpo\nNgười Dịch	Miulan\nNXB	Phụ Nữ Việt Nam\nNăm XB	2023\nTrọng lượng (gr)	334\nKích Thước Bao Bì	20.5 x 14 x 1.6 cm\nSố trang	287\nHình thức	Bìa Mềm\nSản phẩm bán chạy nhất	Top 100 sản phẩm Huyền Bí - Giả Tưởng - Kinh Dị bán chạy của tháng\nGiá sản phẩm trên Fahasa.com đã bao gồm thuế theo luật hiện hành. Bên cạnh đó, tuỳ vào loại sản phẩm, hình thức và địa chỉ giao hàng mà có thể phát sinh thêm chi phí khác như Phụ phí đóng gói, phí vận chuyển, phụ phí hàng cồng kềnh,...\nChính sách khuyến mãi trên Fahasa.com không áp dụng cho Hệ thống Nhà sách Fahasa trên toàn quốc\nChiếc Ghế Người\n\n“Đã mấy tháng nay, tôi hoàn toàn biến mất khỏi thế giới loài người và đang sống một cuộc đời như của ác ma. Đương nhiên, trong thế giới rộng lớn này, không ai hay biết những việc mà tôi đang làm. Nếu như không có chuyện gì xảy ra thì chắc có lẽ tôi sẽ vĩnh viễn sống như thế và đã không quay về với thế giới loài người.”\n\nCuốn sách ẩn chứa những câu chuyện kì lạ bậc nhất về thế giới của những kẻ điên. Xuất phát từ những điều rất đỗi bình thường: một ánh mắt xa xăm của người chồng, một lời buột miệng trong vô thức, một suy nghĩ tuyệt vọng vụt qua trong ngày vô vị hay một cái liếc mắt vô tình, thậm chí từ những sở thích tưởng chừng vô hại, con người phóng đại chúng thành nỗi ám ảnh điên cuồng tới mất trí, và rồi mất mạng. Cứ thế, những kẻ điên trong thế giới văn chương đen tối của Edogawa Ranpo chào đời với tiếng cười ma quái, rùng rợn gây nên nỗi kinh hoàng suốt bao thập kỷ.\n\n“Nỗi sợ hãi mà ông [Ranpo] hứng thú luôn có nguồn gốc từ con người. Không có quái vật như trong Frankenstein hay hiện tượng siêu nhiên như ma quỷ. Đó là một thế giới mà con người là thứ đáng sợ nhất.”\n\n- Ishikawa Takumi, Giáo sư Đại học Rikkyo, Chuyên gia nghiên cứu Văn học và Văn hóa hiện đại -', 155000, 'Chiếc Ghế Người', 13, 139500, 1, 10),
	(75, 'Minette Walters', 0, 'Kẻ Nặn Sáp\n\nMẹ tôi luôn nói, không bao giờ được tin một người đàn ông có dái tai nằm thấp hơn khuôn miệng. Đó là dấu hiệu của bọn tội phạm. Nhìn ông ta xem.\n\nRất nhiều nhận định nghe đáng ngờ và đầy cảm tính như thế lại tồn tại sắt đá khắp câu chuyện này, giăng lên mê lộ khiến không những độc giả mà chính các nhân vật cũng phải bối rối và lạc đường trên hành trình đi tìm thật-giả.\n\nCách đây bốn năm, một cô gái trẻ bị kết án sát nhân, khi người ta tìm thấy thi thể mẹ và em cô giữa thảm máu lênh láng trên sàn bếp, được chặt thành từng mảnh rồi ráp lại, nhưng có lẽ do loạn trí, một số mảnh đã bị ráp nhầm từ người nọ sang người kia.\n\nDù thế nào, sự cố cũng đưa cô gái từ ngôi nhà từng bình yên đẹp đẽ đến thẳng trại giam. Và ở đó năm qua năm, cô dần biến thành một con quỷ cái đáng gờm với biệt danh Kẻ nặn sáp. Những mẩu nến, những vụn đất sét tựu hình người dưới các ngón tay cô như nghiền ngẫm cả hờn oán lẫn cầu nguyện, cho đến một ngày, thiên thần cứu rỗi quả đã xuất hiện trước cửa nhà giam  với mái tóc đỏ rực và niềm tin mong manh rằng có chuyện oan sai ở đây.\n\nBức tranh tàn sát lập thể bốn năm về trước, nay được tái hiện lần nữa, và các chi tiết gớm ghiếc chưa từng hé lộ giờ mới lỉa chỉa bung ra như những cọng rơm bục khỏi vỏ gối cũ.\n\nNhưng trong một ngàn sự thật, chỉ có một điều là thật sự. Thiên thần liệu có đủ sáng suốt và đức tin để trả mọi thứ về đúng chỗ?\n\nMã hàng	8935250701150\nTên Nhà Cung Cấp	IPM\nTác giả	Minette Walters\nNgười Dịch	Sâm Nam\nNXB	NXB Hồng Đức\nNăm XB	11-2017\nTrọng lượng (gr)	380\nKích Thước Bao Bì	15.5 x 24 x 1.7\nSố trang	352\nHình thức	Bìa Mềm\nSản phẩm hiển thị trong	\nIPM\nSản phẩm bán chạy nhất	Top 100 sản phẩm Huyền Bí - Giả Tưởng - Kinh Dị bán chạy của tháng\nGiá sản phẩm trên Fahasa.com đã bao gồm thuế theo luật hiện hành. Bên cạnh đó, tuỳ vào loại sản phẩm, hình thức và địa chỉ giao hàng mà có thể phát sinh thêm chi phí khác như Phụ phí đóng gói, phí vận chuyển, phụ phí hàng cồng kềnh,...\nChính sách khuyến mãi trên Fahasa.com không áp dụng cho Hệ thống Nhà sách Fahasa trên toàn quốc\nKẻ Nặn Sáp\n\nMẹ tôi luôn nói, không bao giờ được tin một người đàn ông có dái tai nằm thấp hơn khuôn miệng. Đó là dấu hiệu của bọn tội phạm. Nhìn ông ta xem.\n\nRất nhiều nhận định nghe đáng ngờ và đầy cảm tính như thế lại tồn tại sắt đá khắp câu chuyện này, giăng lên mê lộ khiến không những độc giả mà chính các nhân vật cũng phải bối rối và lạc đường trên hành trình đi tìm thật-giả.\n\nCách đây bốn năm, một cô gái trẻ bị kết án sát nhân, khi người ta tìm thấy thi thể mẹ và em cô giữa thảm máu lênh láng trên sàn bếp, được chặt thành từng mảnh rồi ráp lại, nhưng có lẽ do loạn trí, một số mảnh đã bị ráp nhầm từ người nọ sang người kia.\n\nDù thế nào, sự cố cũng đưa cô gái từ ngôi nhà từng bình yên đẹp đẽ đến thẳng trại giam. Và ở đó năm qua năm, cô dần biến thành một con quỷ cái đáng gờm với biệt danh Kẻ nặn sáp. Những mẩu nến, những vụn đất sét tựu hình người dưới các ngón tay cô như nghiền ngẫm cả hờn oán lẫn cầu nguyện, cho đến một ngày, thiên thần cứu rỗi quả đã xuất hiện trước cửa nhà giam  với mái tóc đỏ rực và niềm tin mong manh rằng có chuyện oan sai ở đây.\n\nBức tranh tàn sát lập thể bốn năm về trước, nay được tái hiện lần nữa, và các chi tiết gớm ghiếc chưa từng hé lộ giờ mới lỉa chỉa bung ra như những cọng rơm bục khỏi vỏ gối cũ.\n\nNhưng trong một ngàn sự thật, chỉ có một điều là thật sự. Thiên thần liệu có đủ sáng suốt và đức tin để trả mọi thứ về đúng chỗ?', 115000, 'Kẻ Nặn Sáp', 7, 97750, 0, 15),
	(76, 'N Gregory Mankiw', 0, 'Kinh Tế Học Vi Mô\n\n“Kinh tế Vi Mô” và “Kinh tế Vĩ Mô” của NXB Cengage\n\nNXB Cengage Learning là một trong những Nhà xuất bản lớn hàng đầu trên thế giới có trụ sở chính tại Mỹ và tại khu vực Châu Á có 11 trụ sở tại các nước khác nhau, cung cấp các thể loại sách phục vụ cho việc học tập, giảng dạy và nghiên cứu cho các cá nhân, các trường đại học, cao đẳng, viện nghiên cứu, các doanh nghiệp và thư viện trên toàn thế giới.\n\nTheo xu hướng đổi mới cơ bản và toàn diện giáo dục Đại học Việt Nam hiện nay và phục vụ cho đề án quốc tế hóa các chương trình đào tạo kinh tế sang hướng tiên tiến để nhanh chóng ngang bằng trình độ khu vực và tiệm cận với giáo dục đại học trên thế giới, một trong những đổi mới để phù hợp với xu thế này là lựa chọn các giáo trình tốt nhất của các NXB nổi tiếng trên thế giới để chuyển ngữ sang tiếng Việt nhằm phục vụ cho việc học của sinh viên được dể dàng hơn, Công ty Cổ phần phát hành sách Tp.HCM – FAHASA đã phối hợp với NXB NXB Cengage Learning và đội ngũ giảng viên khoa Kinh tế Trường Đại học Kinh tế TP.HCM – một trong 16 trường trọng điểm của Bộ Giáo dục và Đào tạo - tổ chức dịch quyển Kinh tế học của Tác giả N.Gregory Mankiw cho hai phiên bản Kinh tế học vi mô và Kinh tế học vĩ mô ra Tiếng Việt để phục vụ cho việc học tập và nghiên cứu của giảng viên và sinh viên khoa Kinh tế của các Trường Đại học trên cả nước. Sau khi được biên dịch bởi đội ngủ giảng viên Trường ĐH Kinh tế Tp.HCM, NXB Cengage đã tổ chức biên tập và in ấn tại Singapore, bản quyền của 2 quyển sách này thuộc NXB Cengage Learning sách do Công ty FAHASA nhập khẩu và phân phối độc quyền tại Việt Nam.\n\nN.Gregory Mankiw là giáo sư kinh tế Đại học Harvard. Ông có rất nhiều bài viết và thường xuyên tham gia các chương trình tranh luận về học thuật cũng như các chính sách về kinh tế. Là một trong 25 Nhà kinh tế học nổi tiếng trên thế giới và sách Kinh tế học của ông đã và đang được nhiều trường Đại học trên thế giới sử dụng. Ông cũng là tác giả của giáo trình Kinh tế Vĩ mô trình độ trung cấp bán chạy nhất (Nhà xuất bản Worth). Bên cạnh việc giảng dạy, nghiên cứu và viết lách, Giáo sư Mankiw còn là thành viên nghiên cứu của Ban Nghiên cứu Kinh tế Quốc gia, thành viên tư vấn cho Văn phòng Ngân sách Quốc hội, Cục Dự trữ Liên bang khu vực Boston và New York, thành viên Hội đồng phát triển khảo thí ETS - chương trình dự bị đại học nâng cao chuyên ngành kinh tế. Từ 2003 đến 2005 ông là chủ tịch Hội đồng Tư vấn Kinh tế cho Tổng thống Hoa Kỳ.\n\nĐây là lần đầu tiên cuốn sách Kinh tế học của Tác giả N.Gregory Mankiw được dịch sang Tiếng Việt và phát hành tại Việt Nam. Về nội dung 2 cuốn sách, với các khái niệm phổ biến và khái quát nhất về kinh tế vi mô và vĩ mô cũng như những giải thích về các cơ chế hoạt động của nền kinh tế, bộ giáo trình bao gồm 16 phần cung cấp cho người đọc các kiến thức khá toàn diện và chuyên sâu về các nguyên lý kinh tế học như các lý thuyết cổ điển, các lý thuyết về phát triển: nền kinh tế trong dài hạn, các lý thuyết về vòng tròn kinh tế: nền kinh tế trong ngắn hạn, các yếu tố vi mô ẩn sau kinh tế vĩ mô, các tranh luận về chính sách vĩ mô… Tất cả đều được giải thích và đánh giá bởi một vị giáo sư kinh tế hàng đầu trên thế giới. Các khái niệm trong sách được định nghĩa rất rõ ràng, dễ nắm bắt, dễ hiểu, có tóm tắt các chương tạo điều kiện tốt nhất cho việc ôn tập. Các ví dụ sinh động, gắn liền với thực tế, có độ cập nhật phù hợp với đề cương giảng dạy kinh tế học không chỉ của Trường Đại học Kinh tế TP.HCM mà cả các trường đại học khác tại Việt Nam trong khối kinh tế và quản trị. Ngoài ra bộ giáo trình này còn có ngân hàng câu hỏi trắc nghiệm, phần tóm tắt bài giảng và phẩn trình chiếu Power point cho từng chương, phục vụ tốt cho việc thực hành và giảng dạy của sinh viên và giảng viên. Hy vọng bộ giáo trình Kinh tế học vi mô và Kinh tế học vĩ mô của N.Gregory Mankiw bản tiếng Việt sẽ cung cấp cho giảng viên và sinh viên Việt Nam những tài liệu kinh tế hiệu quả và hiện đại nhằm phục vụ cho công tác giảng dạy và học tập được tốt hơn.\n\nBộ sách Kinh tế Vi mô và Kinh tế Vĩ mô sẽ là sự lựa chọn đúng đắn cho khoa Kinh tế của các trường Đại học tại Việt Nam.\n\nMã hàng	9786043989526\nTên Nhà Cung Cấp	Cengage\nTác giả	N Gregory Mankiw\nNgười Dịch	Khoa Kinh Tế Trường ĐHKT TPHCM\nNXB	Hồng Đức\nNăm XB	2023\nNgôn Ngữ	Tiếng Việt\nTrọng lượng (gr)	615\nKích Thước Bao Bì	23.5 x 15.5 x 2.5 cm\nSố trang	555\nHình thức	Bìa Mềm\nSản phẩm bán chạy nhất	Top 100 sản phẩm Giáo trình ĐH, CĐ, THCN bán chạy của tháng\nGiá sản phẩm trên Fahasa.com đã bao gồm thuế theo luật hiện hành. Bên cạnh đó, tuỳ vào loại sản phẩm, hình thức và địa chỉ giao hàng mà có thể phát sinh thêm chi phí khác như Phụ phí đóng gói, phí vận chuyển, phụ phí hàng cồng kềnh,...\nChính sách khuyến mãi trên Fahasa.com không áp dụng cho Hệ thống Nhà sách Fahasa trên toàn quốc\nKinh Tế Học Vi Mô\n\n“Kinh tế Vi Mô” và “Kinh tế Vĩ Mô” của NXB Cengage\n\nNXB Cengage Learning là một trong những Nhà xuất bản lớn hàng đầu trên thế giới có trụ sở chính tại Mỹ và tại khu vực Châu Á có 11 trụ sở tại các nước khác nhau, cung cấp các thể loại sách phục vụ cho việc học tập, giảng dạy và nghiên cứu cho các cá nhân, các trường đại học, cao đẳng, viện nghiên cứu, các doanh nghiệp và thư viện trên toàn thế giới.\n\nTheo xu hướng đổi mới cơ bản và toàn diện giáo dục Đại học Việt Nam hiện nay và phục vụ cho đề án quốc tế hóa các chương trình đào tạo kinh tế sang hướng tiên tiến để nhanh chóng ngang bằng trình độ khu vực và tiệm cận với giáo dục đại học trên thế giới, một trong những đổi mới để phù hợp với xu thế này là lựa chọn các giáo trình tốt nhất của các NXB nổi tiếng trên thế giới để chuyển ngữ sang tiếng Việt nhằm phục vụ cho việc học của sinh viên được dể dàng hơn, Công ty Cổ phần phát hành sách Tp.HCM – FAHASA đã phối hợp với NXB NXB Cengage Learning và đội ngũ giảng viên khoa Kinh tế Trường Đại học Kinh tế TP.HCM – một trong 16 trường trọng điểm của Bộ Giáo dục và Đào tạo - tổ chức dịch quyển Kinh tế học của Tác giả N.Gregory Mankiw cho hai phiên bản Kinh tế học vi mô và Kinh tế học vĩ mô ra Tiếng Việt để phục vụ cho việc học tập và nghiên cứu của giảng viên và sinh viên khoa Kinh tế của các Trường Đại học trên cả nước. Sau khi được biên dịch bởi đội ngủ giảng viên Trường ĐH Kinh tế Tp.HCM, NXB Cengage đã tổ chức biên tập và in ấn tại Singapore, bản quyền của 2 quyển sách này thuộc NXB Cengage Learning sách do Công ty FAHASA nhập khẩu và phân phối độc quyền tại Việt Nam.\n\nN.Gregory Mankiw là giáo sư kinh tế Đại học Harvard. Ông có rất nhiều bài viết và thường xuyên tham gia các chương trình tranh luận về học thuật cũng như các chính sách về kinh tế. Là một trong 25 Nhà kinh tế học nổi tiếng trên thế giới và sách Kinh tế học của ông đã và đang được nhiều trường Đại học trên thế giới sử dụng. Ông cũng là tác giả của giáo trình Kinh tế Vĩ mô trình độ trung cấp bán chạy nhất (Nhà xuất bản Worth). Bên cạnh việc giảng dạy, nghiên cứu và viết lách, Giáo sư Mankiw còn là thành viên nghiên cứu của Ban Nghiên cứu Kinh tế Quốc gia, thành viên tư vấn cho Văn phòng Ngân sách Quốc hội, Cục Dự trữ Liên bang khu vực Boston và New York, thành viên Hội đồng phát triển khảo thí ETS - chương trình dự bị đại học nâng cao chuyên ngành kinh tế. Từ 2003 đến 2005 ông là chủ tịch Hội đồng Tư vấn Kinh tế cho Tổng thống Hoa Kỳ.\n\nĐây là lần đầu tiên cuốn sách Kinh tế học của Tác giả N.Gregory Mankiw được dịch sang Tiếng Việt và phát hành tại Việt Nam. Về nội dung 2 cuốn sách, với các khái niệm phổ biến và khái quát nhất về kinh tế vi mô và vĩ mô cũng như những giải thích về các cơ chế hoạt động của nền kinh tế, bộ giáo trình bao gồm 16 phần cung cấp cho người đọc các kiến thức khá toàn diện và chuyên sâu về các nguyên lý kinh tế học như các lý thuyết cổ điển, các lý thuyết về phát triển: nền kinh tế trong dài hạn, các lý thuyết về vòng tròn kinh tế: nền kinh tế trong ngắn hạn, các yếu tố vi mô ẩn sau kinh tế vĩ mô, các tranh luận về chính sách vĩ mô… Tất cả đều được giải thích và đánh giá bởi một vị giáo sư kinh tế hàng đầu trên thế giới. Các khái niệm trong sách được định nghĩa rất rõ ràng, dễ nắm bắt, dễ hiểu, có tóm tắt các chương tạo điều kiện tốt nhất cho việc ôn tập. Các ví dụ sinh động, gắn liền với thực tế, có độ cập nhật phù hợp với đề cương giảng dạy kinh tế học không chỉ của Trường Đại học Kinh tế TP.HCM mà cả các trường đại học khác tại Việt Nam trong khối kinh tế và quản trị. Ngoài ra bộ giáo trình này còn có ngân hàng câu hỏi trắc nghiệm, phần tóm tắt bài giảng và phẩn trình chiếu Power point cho từng chương, phục vụ tốt cho việc thực hành và giảng dạy của sinh viên và giảng viên. Hy vọng bộ giáo trình Kinh tế học vi mô và Kinh tế học vĩ mô của N.Gregory Mankiw bản tiếng Việt sẽ cung cấp cho giảng viên và sinh viên Việt Nam những tài liệu kinh tế hiệu quả và hiện đại nhằm phục vụ cho công tác giảng dạy và học tập được tốt hơn.\n\nBộ sách Kinh tế Vi mô và Kinh tế Vĩ mô sẽ là sự lựa chọn đúng đắn cho khoa Kinh tế của các trường Đại học tại Việt Nam.', 268000, 'Kinh Tế Học Vi Mô (Tái Bản 2023)', 24, 241200, 0, 10),
	(77, 'Bộ Giáo Dục Và Đào Tạo', 0, 'Giáo trình do PGS.TS. Ngô Tuấn Nghĩa chủ biên, cùng tập thể tác giả là những nhà nghiên cứu, nhà giáo dục có nhiều kinh nghiệm tổ chức biên soạn.\n\nGiáo trình gồm 6 chương:\n\nChương 1 cung cấp những tri thức cơ bản về sự ra đời và phát triển của môn học kinh tế chính trị Mác - Lênin; đối tượng nghiên cứu, phương pháp nghiên cứu và chức năng của khoa học kinh tế chính trị Mác - Lênin trong nhận thức cũng như trong thực tiễn.\n\nChương 2 cung cấp một cách có hệ thống về lý luận giá trị lao động của C. Mác thông qua các phạm trù cơ bản về hàng hóa, tiền tệ, giá cả, quy luật giá trị, tính hai mặt của lao động sản xuất hàng hóa, năng suất lao độ\n\nChương 3 trình bày ba nội dung: 1) Lý luận của C. Mác về giá trị thặng dư, đây cũng chính là nội dung cốt lõi học thuyết giá trị thặng dư của C. Mác, hòn đá tảng trong lý luận kinh tế chính trị của C. Mác; 2) Tích lũy tư bản (cách thức sử dụng giá trị thặng dư); 3) Phân phối giá trị thặng dư trong nền kinh tế thị trường tự do cạnh tranh tư bản chủ nghĩa.\n\nChương 4 cung cấp hệ thống tri thức lý luận của V.I. Lênin về độc quyền và độc quyền nhà nước trong nền kinh tế thị trường tư bản chủ nghĩa.\n\nChương 5 cung cấp tri thức lý luận cơ bản về nền kinh tế thị trường mang đặc thù phát triển của Việt Nam, vấn đề quan hệ lợi ích và bảo đảm hài hòa các quan hệ lợi ích trong phát triển ở Việt Nam.\n\nChương 6 cung cấp hệ thống tri thức về công nghiệp hóa, hiện đại hóa ở Việt Nam trong bối cảnh thích ứng với cuộc Cách mạng công nghiệp lần thứ tư; trong đó đề cập những nội dung cơ bản như: khái quát lịch sử các cuộc cách mạng công nghiệp; khái quát về công nghiệp hóa và các mô hình công nghiệp hóa tiêu biểu; tính tất yếu và nội dung cơ bản của công nghiệp hóa, hiện đại hóa ở Việt Nam. Đặc biệt, Chương 6 nhấn mạnh đến những quan điểm và giải pháp thực hiện công nghiệp hóa, hiện đại hóa ở Việt Nam trong bối cảnh cuộc Cách mạng công nghiệp lần thứ tư.\n\nĐể giúp sinh viên nắm chắc và vận dụng các kiến thức đã học, cuối mỗi chương các tác giả tóm tắt lại nội dung của chương và đưa ra các thuật ngữ cần ghi nhớ, vấn đề thảo luận, câu hỏi ôn tập.\n\nGiáo trình trang bị cho sinh viên hệ thống tri thức lý luận cốt lõi của kinh tế chính trị Mác - Lênin trong bối cảnh phát triển mới của Việt Nam và thế giới. Trên cơ sở đó, sinh viên hình thành tư duy lý luận, kỹ năng phân tích, đánh giá và nhận diện bản chất của các quan hệ lợi ích kinh tế trong phát triển kinh tế - xã hội của đất nước và xây dựng trách nhiệm xã hội phù hợp với bản thân; xây dựng lập trường, ý thức hệ tư tưởng Mác - Lênin, hình thành nền tảng lý luận của chủ nghĩa Mác - Lênin để có thể hoạt động tốt trong lĩnh vực nghiên cứu lý luận cũng như tham gia các hoạt động quản lý kinh tế - xã hội.\n\nMã hàng	8935279133154\nTên Nhà Cung Cấp	NXB Chính Trị Quốc Gia\nTác giả	Bộ Giáo Dục Và Đào Tạo\nNXB	NXB Chính Trị Quốc Gia Sự Thật\nNăm XB	2021\nTrọng lượng (gr)	300\nKích Thước Bao Bì	20.5 x 14.5 cm\nSố trang	292\nHình thức	Bìa Mềm\nSản phẩm bán chạy nhất	Top 100 sản phẩm Giáo trình ĐH, CĐ, THCN bán chạy của tháng\nGiá sản phẩm trên Fahasa.com đã bao gồm thuế theo luật hiện hành. Bên cạnh đó, tuỳ vào loại sản phẩm, hình thức và địa chỉ giao hàng mà có thể phát sinh thêm chi phí khác như Phụ phí đóng gói, phí vận chuyển, phụ phí hàng cồng kềnh,...\nChính sách khuyến mãi trên Fahasa.com không áp dụng cho Hệ thống Nhà sách Fahasa trên toàn quốc\nGiáo trình do PGS.TS. Ngô Tuấn Nghĩa chủ biên, cùng tập thể tác giả là những nhà nghiên cứu, nhà giáo dục có nhiều kinh nghiệm tổ chức biên soạn.\n\nGiáo trình gồm 6 chương:\n\nChương 1 cung cấp những tri thức cơ bản về sự ra đời và phát triển của môn học kinh tế chính trị Mác - Lênin; đối tượng nghiên cứu, phương pháp nghiên cứu và chức năng của khoa học kinh tế chính trị Mác - Lênin trong nhận thức cũng như trong thực tiễn.\n\nChương 2 cung cấp một cách có hệ thống về lý luận giá trị lao động của C. Mác thông qua các phạm trù cơ bản về hàng hóa, tiền tệ, giá cả, quy luật giá trị, tính hai mặt của lao động sản xuất hàng hóa, năng suất lao độ\n\nChương 3 trình bày ba nội dung: 1) Lý luận của C. Mác về giá trị thặng dư, đây cũng chính là nội dung cốt lõi học thuyết giá trị thặng dư của C. Mác, hòn đá tảng trong lý luận kinh tế chính trị của C. Mác; 2) Tích lũy tư bản (cách thức sử dụng giá trị thặng dư); 3) Phân phối giá trị thặng dư trong nền kinh tế thị trường tự do cạnh tranh tư bản chủ nghĩa.\n\nChương 4 cung cấp hệ thống tri thức lý luận của V.I. Lênin về độc quyền và độc quyền nhà nước trong nền kinh tế thị trường tư bản chủ nghĩa.\n\nChương 5 cung cấp tri thức lý luận cơ bản về nền kinh tế thị trường mang đặc thù phát triển của Việt Nam, vấn đề quan hệ lợi ích và bảo đảm hài hòa các quan hệ lợi ích trong phát triển ở Việt Nam.\n\nChương 6 cung cấp hệ thống tri thức về công nghiệp hóa, hiện đại hóa ở Việt Nam trong bối cảnh thích ứng với cuộc Cách mạng công nghiệp lần thứ tư; trong đó đề cập những nội dung cơ bản như: khái quát lịch sử các cuộc cách mạng công nghiệp; khái quát về công nghiệp hóa và các mô hình công nghiệp hóa tiêu biểu; tính tất yếu và nội dung cơ bản của công nghiệp hóa, hiện đại hóa ở Việt Nam. Đặc biệt, Chương 6 nhấn mạnh đến những quan điểm và giải pháp thực hiện công nghiệp hóa, hiện đại hóa ở Việt Nam trong bối cảnh cuộc Cách mạng công nghiệp lần thứ tư.\n\nĐể giúp sinh viên nắm chắc và vận dụng các kiến thức đã học, cuối mỗi chương các tác giả tóm tắt lại nội dung của chương và đưa ra các thuật ngữ cần ghi nhớ, vấn đề thảo luận, câu hỏi ôn tập.\n\nGiáo trình trang bị cho sinh viên hệ thống tri thức lý luận cốt lõi của kinh tế chính trị Mác - Lênin trong bối cảnh phát triển mới của Việt Nam và thế giới. Trên cơ sở đó, sinh viên hình thành tư duy lý luận, kỹ năng phân tích, đánh giá và nhận diện bản chất của các quan hệ lợi ích kinh tế trong phát triển kinh tế - xã hội của đất nước và xây dựng trách nhiệm xã hội phù hợp với bản thân; xây dựng lập trường, ý thức hệ tư tưởng Mác - Lênin, hình thành nền tảng lý luận của chủ nghĩa Mác - Lênin để có thể hoạt động tốt trong lĩnh vực nghiên cứu lý luận cũng như tham gia các hoạt động quản lý kinh tế - xã hội.', 63000, 'Giáo Trình Kinh Tế Chính Trị Mác - Lênin (Dành Cho Bậc Đại Học Hệ Không Chuyên Lý Luận Chính Trị)', 13, 63000, 0, 0),
	(78, 'Abigail Baird', 0, 'Tâm Lý Học - Think Psychology - Text Book\n\nTâm lý học là gì?\n\nTâm lý học là khoa học nghiên cứu hành vi, các phản ứng và hành động công khai, các quá trình tâm thức và hoạt động nội tâm ẩn giấu trong trí não. Trong khi các nhà triết học nghiên cứu tại sao con người lại hành động như những gì họ thể hiện thì các nhà tâm lý học sử dụng các phương pháp khoa học để mô tả, giải thích, dự đoán hoặc kiểm soát hành vi của con người cũng như động vật một cách chính xác. Phương pháp khoa học chỉ mới được áp dụng vào tâm lý học chưa lâu; cho đến khoảng 130 năm trước, tâm lý học vẫn chỉ được coi là một nhánh của triết học.\n\nTại sao cần nghiên cứu tâm lý học?\n\nĐiều gì đã thúc đẩy bạn nghiên cứu tâm lý học?\nCó thể bạn đang hy vọng giải quyết được cuộc tranh luận về “bẩm sinh và nuôi dưỡng”, tìm hiểu xem liệu các yếu tố môi trường có thể thực sự lấn át các yếu tố di truyền hay không.\n\nCó thể bạn đang tìm kiếm những mẹo cải thiện mối quan hệ với bạn bè và các thành viên trong gia đình, hoặc có thể bạn đang quan tâm tìm hiểu cách làm giảm căng thẳng và lo lắng trong cuộc sống hàng ngày.\n\nNghiên cứu tâm lý học giúp giảm những điều không chắc chắn về trải nghiệm của chúng ta bằng cách cung cấp kiến thức về bản thân (Tại sao tôi bị suy giảm trí nhớ ngắn hạn? Làm thế nào để tăng chỉ số IQ?), về người khác (Tại sao có người bị rối loạn tâm thần? Tại sao mọi người lại có nhân cách khác nhau?), và thế giới (Người dân đến từ những quốc gia khác nhau có nhìn nhận thế giới theo cách khác nhau hay không? Văn hóa ảnh hưởng đến nhân cách như thế nào?).\n\nSách Giáo trình tâm lý học đại cương\n\nSách Textbook tâm lý học dễ tiếp cận với mọi đối tượng bởi những chủ đề được giáo sư xây dựng vô cùng gần gũi với đời sống thực tiễn. Đề tài truyền tải trong từng giáo trình gắn liền với những câu chuyện kết nối trạng thái tâm lý học. Những kiến thức khoa học được lồng ghép tinh tế có thể giúp người đọc tiếp nhận dễ dàng hơn những kiến thức trừu tượng.\n\nNếu bạn nào đang là sinh viên ngành tâm lý học, hay bạn thích tìm tòi các kiến thức, các chủ đề học thuật, sách Textbook, giáo trình tâm lý học xã hội, giáo trình tâm lý học phát triển, giáo trình tâm lý học hành vi…thì nên tìm kiếm các giáo trình tâm lý học đại cương nhập môn để dễ đọc và tiếp cận.\n\nBạn có thể tham khảo quyển sách Textbook “Tâm lý học” được viết bởi bà ABIGAIL A. BAIRD – Giáo sư Tâm lý học tại trường Cao đẳng Vassar. ABIGAIL A. BAIRD là Giáo sư Tâm lý học tại trường Cao đẳng Vassar. Bà tốt nghiệp đại học tại trường Cao đẳng Vassar và nhận cả bằng Thạc sĩ và Tiến sĩ từ Đại học Harvard. Sau khi hoàn thành chương trình Tiến sĩ, bà được nhận Học bổng sau Tiến sĩ tại Trung tâm Khoa học Thần kinh Nhận thức tại Đại học Dartmouth. Nhiều bài báo và bài thuyết trình của bà đề cập đến các chủ đề như sự phát triển não bộ ở tuổi vị thành niên, điều chỉnh nhận thức về cảm xúc, tư pháp vị thành niên và các biểu hiện của thiên kiến chủng tộc trong trí não và hành vi.\n\nMã hàng	8935278607564\nTên Nhà Cung Cấp	Saigon Books\nTác giả	Abigail Baird\nNgười Dịch	Hồ Thị Ngọc Hương\nNXB	Công Thương\nNăm XB	2023\nNgôn Ngữ	Tiếng Việt\nTrọng lượng (gr)	460\nKích Thước Bao Bì	27.5 x 20.5 x 2.2 cm\nSố trang	444\nHình thức	Bìa Mềm\nSản phẩm bán chạy nhất	Top 100 sản phẩm Giáo trình ĐH, CĐ, THCN bán chạy của tháng\nGiá sản phẩm trên Fahasa.com đã bao gồm thuế theo luật hiện hành. Bên cạnh đó, tuỳ vào loại sản phẩm, hình thức và địa chỉ giao hàng mà có thể phát sinh thêm chi phí khác như Phụ phí đóng gói, phí vận chuyển, phụ phí hàng cồng kềnh,...\nChính sách khuyến mãi trên Fahasa.com không áp dụng cho Hệ thống Nhà sách Fahasa trên toàn quốc\nTâm Lý Học - Think Psychology - Text Book\n\nTâm lý học là gì?\n\nTâm lý học là khoa học nghiên cứu hành vi, các phản ứng và hành động công khai, các quá trình tâm thức và hoạt động nội tâm ẩn giấu trong trí não. Trong khi các nhà triết học nghiên cứu tại sao con người lại hành động như những gì họ thể hiện thì các nhà tâm lý học sử dụng các phương pháp khoa học để mô tả, giải thích, dự đoán hoặc kiểm soát hành vi của con người cũng như động vật một cách chính xác. Phương pháp khoa học chỉ mới được áp dụng vào tâm lý học chưa lâu; cho đến khoảng 130 năm trước, tâm lý học vẫn chỉ được coi là một nhánh của triết học.\n\nTại sao cần nghiên cứu tâm lý học?\n\nĐiều gì đã thúc đẩy bạn nghiên cứu tâm lý học?\nCó thể bạn đang hy vọng giải quyết được cuộc tranh luận về “bẩm sinh và nuôi dưỡng”, tìm hiểu xem liệu các yếu tố môi trường có thể thực sự lấn át các yếu tố di truyền hay không.\n\nCó thể bạn đang tìm kiếm những mẹo cải thiện mối quan hệ với bạn bè và các thành viên trong gia đình, hoặc có thể bạn đang quan tâm tìm hiểu cách làm giảm căng thẳng và lo lắng trong cuộc sống hàng ngày.\n\nNghiên cứu tâm lý học giúp giảm những điều không chắc chắn về trải nghiệm của chúng ta bằng cách cung cấp kiến thức về bản thân (Tại sao tôi bị suy giảm trí nhớ ngắn hạn? Làm thế nào để tăng chỉ số IQ?), về người khác (Tại sao có người bị rối loạn tâm thần? Tại sao mọi người lại có nhân cách khác nhau?), và thế giới (Người dân đến từ những quốc gia khác nhau có nhìn nhận thế giới theo cách khác nhau hay không? Văn hóa ảnh hưởng đến nhân cách như thế nào?).\n\nSách Giáo trình tâm lý học đại cương\n\nSách Textbook tâm lý học dễ tiếp cận với mọi đối tượng bởi những chủ đề được giáo sư xây dựng vô cùng gần gũi với đời sống thực tiễn. Đề tài truyền tải trong từng giáo trình gắn liền với những câu chuyện kết nối trạng thái tâm lý học. Những kiến thức khoa học được lồng ghép tinh tế có thể giúp người đọc tiếp nhận dễ dàng hơn những kiến thức trừu tượng.\n\nNếu bạn nào đang là sinh viên ngành tâm lý học, hay bạn thích tìm tòi các kiến thức, các chủ đề học thuật, sách Textbook, giáo trình tâm lý học xã hội, giáo trình tâm lý học phát triển, giáo trình tâm lý học hành vi…thì nên tìm kiếm các giáo trình tâm lý học đại cương nhập môn để dễ đọc và tiếp cận.\n\nBạn có thể tham khảo quyển sách Textbook “Tâm lý học” được viết bởi bà ABIGAIL A. BAIRD – Giáo sư Tâm lý học tại trường Cao đẳng Vassar. ABIGAIL A. BAIRD là Giáo sư Tâm lý học tại trường Cao đẳng Vassar. Bà tốt nghiệp đại học tại trường Cao đẳng Vassar và nhận cả bằng Thạc sĩ và Tiến sĩ từ Đại học Harvard. Sau khi hoàn thành chương trình Tiến sĩ, bà được nhận Học bổng sau Tiến sĩ tại Trung tâm Khoa học Thần kinh Nhận thức tại Đại học Dartmouth. Nhiều bài báo và bài thuyết trình của bà đề cập đến các chủ đề như sự phát triển não bộ ở tuổi vị thành niên, điều chỉnh nhận thức về cảm xúc, tư pháp vị thành niên và các biểu hiện của thiên kiến chủng tộc trong trí não và hành vi.', 450000, 'Tâm Lý Học - Think Psychology - Text Book', 22, 301500, 1, 33),
	(79, 'Bộ Giáo Dục Và Đào Tạo', 0, 'Giáo trình do Ban biên soạn gồm các tác giả là nhà nghiên cứu, nhà giáo dục thuộc Viện Triết học - Học viện Chính trị quốc gia Hồ Chí Minh, các học viện, trường đại học, Viện Triết học - Viện Hàn lâm Khoa học xã hội Việt Nam, tổ chức biên soạn trên cơ sở kế thừa những kết quả nghiên cứu trước đây, đồng thời bổ sung nhiều nội dung, kiến thức, kết quả nghiên cứu mới, gắn với công cuộc đổi mới ở Việt Nam, nhất là những thành tựu trong 35 năm đổi mới đất nước.\n\nGiáo trình gồm 03 chương:\n\nChương 1 trình bày những nét khái quát nhất về triết học, triết học Mác - Lênin và vai trò của triết học Mác - Lênin trong đời sống xã hội.\n\nChương 2 trình bày những nội dung cơ bản của chủ nghĩa duy vật biện chứng, gồm: vấn đề vật chất và ý thức; phép biện chứng duy vật; lý luận nhận thức của chủ nghĩa duy vật biện chứng.\n\nChương 3 trình bày những nội dung cơ bản của chủ nghĩa duy vật lịch sử, gồm: vấn đề hình thái kinh tế - xã hội; giai cấp và dân tộc; nhà nước và cách mạng xã hội; ý thức xã hội; triết học về con người.\n\nGiáo trình được biên soạn theo yêu cầu đổi mới căn bản, toàn diện giáo dục và đào tạo, phù hợp với đối tượng người học, nhằm cung cấp những tri thức hiểu biết có tính nền tảng và hệ thống về triết học Mác - Lênin; xây dựng thế giới quan duy vật và phương pháp luận biện chứng duy vật làm nền tảng lý luận cho việc nhận thức các vấn đề, nội dung của các môn học khác; nhận thức được thực chất giá trị, bản chất khoa học, cách mạng của triết học Mác - Lênin. Đồng thời, giúp cho sinh viên vận dụng tri thức triết học Mác - Lênin, thế giới quan duy vật và phương pháp luận biện chứng duy vật để rèn luyện tư duy, giúp ích trong học tập và cuộc sống.\n\nMã hàng	8935279133284\nTên Nhà Cung Cấp	NXB Chính Trị Quốc Gia\nTác giả	Bộ Giáo Dục Và Đào Tạo\nNXB	NXB Chính Trị Quốc Gia Sự Thật\nNăm XB	2021\nTrọng lượng (gr)	500\nKích Thước Bao Bì	20.5 x 14.5 cm\nSố trang	496\nHình thức	Bìa Mềm\nSản phẩm bán chạy nhất	Top 100 sản phẩm Giáo trình ĐH, CĐ, THCN bán chạy của tháng\nGiá sản phẩm trên Fahasa.com đã bao gồm thuế theo luật hiện hành. Bên cạnh đó, tuỳ vào loại sản phẩm, hình thức và địa chỉ giao hàng mà có thể phát sinh thêm chi phí khác như Phụ phí đóng gói, phí vận chuyển, phụ phí hàng cồng kềnh,...\nChính sách khuyến mãi trên Fahasa.com không áp dụng cho Hệ thống Nhà sách Fahasa trên toàn quốc\nGiáo trình do Ban biên soạn gồm các tác giả là nhà nghiên cứu, nhà giáo dục thuộc Viện Triết học - Học viện Chính trị quốc gia Hồ Chí Minh, các học viện, trường đại học, Viện Triết học - Viện Hàn lâm Khoa học xã hội Việt Nam, tổ chức biên soạn trên cơ sở kế thừa những kết quả nghiên cứu trước đây, đồng thời bổ sung nhiều nội dung, kiến thức, kết quả nghiên cứu mới, gắn với công cuộc đổi mới ở Việt Nam, nhất là những thành tựu trong 35 năm đổi mới đất nước.\n\nGiáo trình gồm 03 chương:\n\nChương 1 trình bày những nét khái quát nhất về triết học, triết học Mác - Lênin và vai trò của triết học Mác - Lênin trong đời sống xã hội.\n\nChương 2 trình bày những nội dung cơ bản của chủ nghĩa duy vật biện chứng, gồm: vấn đề vật chất và ý thức; phép biện chứng duy vật; lý luận nhận thức của chủ nghĩa duy vật biện chứng.\n\nChương 3 trình bày những nội dung cơ bản của chủ nghĩa duy vật lịch sử, gồm: vấn đề hình thái kinh tế - xã hội; giai cấp và dân tộc; nhà nước và cách mạng xã hội; ý thức xã hội; triết học về con người.\n\nGiáo trình được biên soạn theo yêu cầu đổi mới căn bản, toàn diện giáo dục và đào tạo, phù hợp với đối tượng người học, nhằm cung cấp những tri thức hiểu biết có tính nền tảng và hệ thống về triết học Mác - Lênin; xây dựng thế giới quan duy vật và phương pháp luận biện chứng duy vật làm nền tảng lý luận cho việc nhận thức các vấn đề, nội dung của các môn học khác; nhận thức được thực chất giá trị, bản chất khoa học, cách mạng của triết học Mác - Lênin. Đồng thời, giúp cho sinh viên vận dụng tri thức triết học Mác - Lênin, thế giới quan duy vật và phương pháp luận biện chứng duy vật để rèn luyện tư duy, giúp ích trong học tập và cuộc sống.', 100000, 'Giáo Trình Triết Học Mác - Lênin (Dành Cho Bậc Đại Học Hệ Không Chuyên Lý Luận Chính Trị)', 28, 95000, 0, 5),
	(80, 'Lê Quý Phượng', 0, 'Hoạt động tổ chức sự kiện có từ rất sớm trong lịch sử nhân loại và đóng vai trò quan trọng trong đời sống của con người. Trong những năm gần đây, hoạt động này diễn ra ngày càng thường xuyên hơn trên nhiều lĩnh vực, từ quy mô nhỏ đến cực lớn và từ đơn giản đến rất phức tạp. Ở các nước phát triển như Mỹ, Anh, Pháp, Úc và các nước được mệnh danh là "con rồng của châu Á như Nhật Bản, Trung Quốc hay các nước láng Ỗgiếng như Singapore, Thái Lan, tổ chức sự kiện đã trở thành một ngành công nghiệp tăng trưởng nhanh và có tính chuyên nghiệp trong môi trường ngày càng biến đổi phức tạp và đòi hỏi khắt khe.\n\nGiáo trình Tổ chức sự kiện TDTT được biên soạn nhằm phục vụ cho đối tượng là sinh viên ngành Quản lý TDTT. Nội dung giáo trình được trình bày một cách ngắn gọn, dễ hiểu trong phạm vi những kiến thức cơ bản về công tác tổ chức sự kiện TDTT như: quy trình tổ chức, các yếu tố ảnh hưởng đến công tác tổ chức sự kiện; công tác lập kế hoạch, triển khai, giám sát, xử lý tình huống trong quá trình tổ chức một số sự kiện TDTT phổ biến trong chuyên ngành quản lý TDTT và các kỹ năng cần thiết cho quá trình tổ chức sự kiện TDTT.\n\nNội dung giáo trình Tổ chức sự kiện TDTT được sử dụng trong việc giảng dạy môn học này với thời lượng là 3 tín chỉ, tương đương 45 tiết học, bao gồm 6 chương. Chương 1 nói về tổng quan của công tác tổ chức sự kiện TDTT. Chương 2 nêu lên các bước khái quát trong các khâu thiết kế ý tưởng, lập kế hoạch chiến lược cho sự kiện TDTT. Chương 3 hướng dẫn cách dự toán ngân sách sự kiện TDTT. Chương 4 viết về các bước cũng như kinh nghiệm trong khâu chuẩn bị tổ chức sự kiện. Chương 5 đề cập đến chiến lược marketing và truyền thông cho sự kiện. Và cuối cùng là chương 6 đề cập đến vấn đề điều hành các hoạt động của sự kiện.\n\nMã hàng	8935083577465\nNhà Cung Cấp	Cty Văn Hóa Sách Việt\nTác giả	Lê Quý Phượng\nNXB	NXB Đại Học Quốc Gia TP.HCM\nNăm XB	2019\nTrọng lượng (gr)	385\nKích Thước Bao Bì	23.5 x 16 x 1.6 cm\nSố trang	330\nHình thức	Bìa Mềm\nSản phẩm bán chạy nhất	Top 100 sản phẩm Giáo trình ĐH, CĐ, THCN bán chạy của tháng\nGiá sản phẩm trên Fahasa.com đã bao gồm thuế theo luật hiện hành. Bên cạnh đó, tuỳ vào loại sản phẩm, hình thức và địa chỉ giao hàng mà có thể phát sinh thêm chi phí khác như Phụ phí đóng gói, phí vận chuyển, phụ phí hàng cồng kềnh,...\nChính sách khuyến mãi trên Fahasa.com không áp dụng cho Hệ thống Nhà sách Fahasa trên toàn quốc\nHoạt động tổ chức sự kiện có từ rất sớm trong lịch sử nhân loại và đóng vai trò quan trọng trong đời sống của con người. Trong những năm gần đây, hoạt động này diễn ra ngày càng thường xuyên hơn trên nhiều lĩnh vực, từ quy mô nhỏ đến cực lớn và từ đơn giản đến rất phức tạp. Ở các nước phát triển như Mỹ, Anh, Pháp, Úc và các nước được mệnh danh là "con rồng của châu Á như Nhật Bản, Trung Quốc hay các nước láng Ỗgiếng như Singapore, Thái Lan, tổ chức sự kiện đã trở thành một ngành công nghiệp tăng trưởng nhanh và có tính chuyên nghiệp trong môi trường ngày càng biến đổi phức tạp và đòi hỏi khắt khe.\n\nGiáo trình Tổ chức sự kiện TDTT được biên soạn nhằm phục vụ cho đối tượng là sinh viên ngành Quản lý TDTT. Nội dung giáo trình được trình bày một cách ngắn gọn, dễ hiểu trong phạm vi những kiến thức cơ bản về công tác tổ chức sự kiện TDTT như: quy trình tổ chức, các yếu tố ảnh hưởng đến công tác tổ chức sự kiện; công tác lập kế hoạch, triển khai, giám sát, xử lý tình huống trong quá trình tổ chức một số sự kiện TDTT phổ biến trong chuyên ngành quản lý TDTT và các kỹ năng cần thiết cho quá trình tổ chức sự kiện TDTT.\n\nNội dung giáo trình Tổ chức sự kiện TDTT được sử dụng trong việc giảng dạy môn học này với thời lượng là 3 tín chỉ, tương đương 45 tiết học, bao gồm 6 chương. Chương 1 nói về tổng quan của công tác tổ chức sự kiện TDTT. Chương 2 nêu lên các bước khái quát trong các khâu thiết kế ý tưởng, lập kế hoạch chiến lược cho sự kiện TDTT. Chương 3 hướng dẫn cách dự toán ngân sách sự kiện TDTT. Chương 4 viết về các bước cũng như kinh nghiệm trong khâu chuẩn bị tổ chức sự kiện. Chương 5 đề cập đến chiến lược marketing và truyền thông cho sự kiện. Và cuối cùng là chương 6 đề cập đến vấn đề điều hành các hoạt động của sự kiện.', 130000, 'Giáo Trình Tổ Chức Sự Kiện Thể Dục Thể Thao', 13, 110500, 0, 15),
	(81, 'Bộ Giáo Dục Và Đào Tạo', 1.5, 'Giáo Trình Chủ Nghĩa Xã Hội Khoa Học (Dành Cho Bậc Đại Học Hệ Không Chuyên Lý Luận Chính Trị)\n\nGiáo trình do GS.TS. Hoàng Chí Bảo làm chủ biên, cùng tập thể tác giả là những nhà nghiên cứu, nhà giáo dục có nhiều kinh nghiệm trong nghiên cứu, giảng dạy về chủ nghĩa xã hội khoa học; được biên soạn theo quan điểm đổi mới căn bản, toàn diện giáo dục và đào tạo. Giáo trình thể hiện nhiều kết quả nghiên cứu mới về chủ nghĩa xã hội khoa học, gắn với thực tiễn xây dựng chủ nghĩa xã hội ở Việt Nam trong giai đoạn hiện nay.\n\nGiáo trình gồm 7 chương. Ngoài chương nhập môn trình bày sự ra đời, các giai đoạn phát triển của chủ nghĩa xã hội gắn liền với vai trò của C. Mác, Ph. Ăngghen và V.I. Lênin; đối tượng, phương pháp và ý nghĩa việc nghiên cứu, học tập môn Chủ nghĩa xã hội khoa học; các chương còn lại trình bày một cách hệ thống, toàn diện lý luận về chủ nghĩa xã hội và thời kỳ quá độ lên chủ nghĩa xã hội với những đặc trưng bản chất về: Sứ mệnh lịch sử của giai cấp công nhân; Chủ nghĩa xã hội và thời kỳ quá độ lên chủ nghĩa xã hội; Nền dân chủ và Nhà nước xã hội chủ nghĩa; Cơ cấu xã hội - giai cấp và liên minh giai cấp, tầng lớp trong thời kỳ quá độ lên chủ nghĩa xã hội; Vấn đề dân tộc và tôn giáo trong thời kỳ quá độ lên chủ nghĩa xã hội; Vấn đề gia đình trong thời kỳ quá độ lên chủ nghĩa xã hội.\n\nGiáo trình nhằm giúp sinh viên, học viên nắm được những tri thức cơ bản, cốt lõi nhất, mở rộng và chuyên sâu về Chủ nghĩa xã hội khoa học, một trong ba bộ phận cấu thành chủ nghĩa Mác - Lênin; từ đó nâng cao hiểu biết thực tiễn và khả năng vận dụng các tri thức nói trên vào việc xem xét, đánh giá những vấn đề chính trị - xã hội của đất nước liên quan đến chủ nghĩa xã hội và con đường đi lên chủ nghĩa xã hội ở nước ta; nắm chắc và vận dụng thành thạo những kiến thức đã học vào công việc giảng dạy của cá nhân sau khi ra trường.\n\nMã hàng	8935279135257\nTên Nhà Cung Cấp	NXB Chính Trị Quốc Gia\nTác giả	Bộ Giáo Dục Và Đào Tạo\nNXB	NXB Chính Trị Quốc Gia Sự Thật\nNăm XB	2021\nNgôn Ngữ	Tiếng Việt\nTrọng lượng (gr)	263\nKích Thước Bao Bì	20.5 x 14.5 x 1.1 cm\nSố trang	276\nHình thức	Bìa Mềm\nSản phẩm bán chạy nhất	Top 100 sản phẩm Giáo trình ĐH, CĐ, THCN bán chạy của tháng\nGiá sản phẩm trên Fahasa.com đã bao gồm thuế theo luật hiện hành. Bên cạnh đó, tuỳ vào loại sản phẩm, hình thức và địa chỉ giao hàng mà có thể phát sinh thêm chi phí khác như Phụ phí đóng gói, phí vận chuyển, phụ phí hàng cồng kềnh,...\nChính sách khuyến mãi trên Fahasa.com không áp dụng cho Hệ thống Nhà sách Fahasa trên toàn quốc\nGiáo Trình Chủ Nghĩa Xã Hội Khoa Học (Dành Cho Bậc Đại Học Hệ Không Chuyên Lý Luận Chính Trị)\n\nGiáo trình do GS.TS. Hoàng Chí Bảo làm chủ biên, cùng tập thể tác giả là những nhà nghiên cứu, nhà giáo dục có nhiều kinh nghiệm trong nghiên cứu, giảng dạy về chủ nghĩa xã hội khoa học; được biên soạn theo quan điểm đổi mới căn bản, toàn diện giáo dục và đào tạo. Giáo trình thể hiện nhiều kết quả nghiên cứu mới về chủ nghĩa xã hội khoa học, gắn với thực tiễn xây dựng chủ nghĩa xã hội ở Việt Nam trong giai đoạn hiện nay.\n\nGiáo trình gồm 7 chương. Ngoài chương nhập môn trình bày sự ra đời, các giai đoạn phát triển của chủ nghĩa xã hội gắn liền với vai trò của C. Mác, Ph. Ăngghen và V.I. Lênin; đối tượng, phương pháp và ý nghĩa việc nghiên cứu, học tập môn Chủ nghĩa xã hội khoa học; các chương còn lại trình bày một cách hệ thống, toàn diện lý luận về chủ nghĩa xã hội và thời kỳ quá độ lên chủ nghĩa xã hội với những đặc trưng bản chất về: Sứ mệnh lịch sử của giai cấp công nhân; Chủ nghĩa xã hội và thời kỳ quá độ lên chủ nghĩa xã hội; Nền dân chủ và Nhà nước xã hội chủ nghĩa; Cơ cấu xã hội - giai cấp và liên minh giai cấp, tầng lớp trong thời kỳ quá độ lên chủ nghĩa xã hội; Vấn đề dân tộc và tôn giáo trong thời kỳ quá độ lên chủ nghĩa xã hội; Vấn đề gia đình trong thời kỳ quá độ lên chủ nghĩa xã hội.\n\nGiáo trình nhằm giúp sinh viên, học viên nắm được những tri thức cơ bản, cốt lõi nhất, mở rộng và chuyên sâu về Chủ nghĩa xã hội khoa học, một trong ba bộ phận cấu thành chủ nghĩa Mác - Lênin; từ đó nâng cao hiểu biết thực tiễn và khả năng vận dụng các tri thức nói trên vào việc xem xét, đánh giá những vấn đề chính trị - xã hội của đất nước liên quan đến chủ nghĩa xã hội và con đường đi lên chủ nghĩa xã hội ở nước ta; nắm chắc và vận dụng thành thạo những kiến thức đã học vào công việc giảng dạy của cá nhân sau khi ra trường.', 61000, 'Giáo Trình Chủ Nghĩa Xã Hội Khoa Học (Dành Cho Bậc Đại Học Hệ Không Chuyên Lý Luận Chính Trị)', 8, 57950, 1, 5),
	(82, 'Trúc Dĩ', 0, 'Khó Dỗ Dành - Tập 1\nÔn Dĩ Phàm và Tang Diên từng là bạn học, hai người tình cờ gặp lại nhau trong một quán bar, sau đó lại tình cờ trở thành bạn thuê trọ chung.\nChuyện cũng chẳng có gì nếu như hồi còn đi học Ôn Dĩ Phàm chưa từng... từ chối tình cảm của Tang Diên.\nThật ra Tang Diên là một người rất cộc cằn, anh có thể gây sát thương bằng lời nói với bất kỳ ai, nhưng anh lại vô cùng dịu dàng với Ôn Dĩ Phàm. Yêu thầm cô suốt sáu năm, tìm đủ mọi cách để lưu giữ hình ảnh của cô trong những năm tháng xa cách... Kể cả khi bị cô từ chối, anh vẫn âm thầm dõi theo cô từ xa.\nCòn về Ôn Dĩ Phàm, vì những tổn thương trong quá khứ mà cô luôn cảm thấy mình không xứng với Tang Diên - một chàng trai quá đỗi đẹp đẽ. Gặp lại sau sáu năm, cô quyết định sẽ không bỏ lỡ Tang Diên lần nữa, thật lòng muốn bù đắp cho những tổn thương mình đã gây ra cho anh năm ấy...\nÔn Dĩ Phàm: "Tang Diên à, em mong sau này mình sẽ sống lâu hơn anh sáu năm, để được yêu anh nhiều hơn sáu năm. Vậy là chúng ta huề nhau rồi."\n', 205000, 'Khó Dỗ Dành', 17, 184500, 0, 10),
	(83, 'Bộ Giáo Dục Và Đào Tạo', 0, 'Giáo Trình Lịch Sử Đảng Cộng Sản Việt Nam (Dành Cho Bậc Đại Học Hệ Không Chuyên Lý Luận Chính Trị)\n\nNgoài chương nhập môn, trình bày về đối tượng, chức năng, nhiệm vụ, nội dung và phương pháp nghiên cứu, học tập lịch sử Đảng Cộng sản Việt Nam, giáo trình có kết cấu gồm 03 chương: Chương 1 nêu quá trình Đảng Cộng sản Việt Nam ra đời và lãnh đạo đấu tranh giành chính quyền (1930 - 1945). Chương 2 nêu về quá trình Đảng lãnh đạo hai cuộc kháng chiến chống ngoại xâm, hoàn thành giải phóng dân tộc, thống nhất đất nước (1945 - 1975); Chương 3 nêu quá trình Đảng lãnh đạo cả nước quá độ lên chủ nghĩa xã hội và tiến hành công cuộc đổi mới (từ năm 1975 đến nay).\n\nGiáo trình cung cấp cho sinh viên những tri thức vừa cơ bản, vừa chuyên sâu, mang tính hệ thống về quá trình ra đời và lãnh đạo cách mạng của Đảng Cộng sản Việt Nam; cung cấp cơ sở lịch sử, củng cố niềm tin của thế hệ trẻ vào con đường cách mạng giải phóng dân tộc và phát triển đất nước; trang bị phương pháp nhận thức biện chứng, khách quan về quá trình Đảng ra đời và lãnh đạo cách mạng;… từ đó nâng cao hiểu biết lý luận, nắm bắt thực tiễn, vận dụng vào xem xét, đánh giá vai trò và sự lãnh đạo của Đảng, góp phần thiết thực vào công tác xây dựng Đảng ngày càng vững mạnh, đáp ứng yêu cầu nhiệm vụ mới trong quá trình công nghiệp hóa, hiện đại hóa đất nước, xây dựng thành công chủ nghĩa xã hội ở Việt Nam.\n\nMã hàng	8935279135240\nTên Nhà Cung Cấp	NXB Chính Trị Quốc Gia\nTác giả	Bộ Giáo Dục Và Đào Tạo\nNXB	NXB Chính Trị Quốc Gia Sự Thật\nNăm XB	2021\nTrọng lượng (gr)	407\nKích Thước Bao Bì	20.5 x 14.5 x 1.8 cm\nSố trang	440\nHình thức	Bìa Mềm\nSản phẩm bán chạy nhất	Top 100 sản phẩm Giáo trình ĐH, CĐ, THCN bán chạy của tháng\nGiá sản phẩm trên Fahasa.com đã bao gồm thuế theo luật hiện hành. Bên cạnh đó, tuỳ vào loại sản phẩm, hình thức và địa chỉ giao hàng mà có thể phát sinh thêm chi phí khác như Phụ phí đóng gói, phí vận chuyển, phụ phí hàng cồng kềnh,...\nChính sách khuyến mãi trên Fahasa.com không áp dụng cho Hệ thống Nhà sách Fahasa trên toàn quốc\nGiáo Trình Lịch Sử Đảng Cộng Sản Việt Nam (Dành Cho Bậc Đại Học Hệ Không Chuyên Lý Luận Chính Trị)\n\nNgoài chương nhập môn, trình bày về đối tượng, chức năng, nhiệm vụ, nội dung và phương pháp nghiên cứu, học tập lịch sử Đảng Cộng sản Việt Nam, giáo trình có kết cấu gồm 03 chương: Chương 1 nêu quá trình Đảng Cộng sản Việt Nam ra đời và lãnh đạo đấu tranh giành chính quyền (1930 - 1945). Chương 2 nêu về quá trình Đảng lãnh đạo hai cuộc kháng chiến chống ngoại xâm, hoàn thành giải phóng dân tộc, thống nhất đất nước (1945 - 1975); Chương 3 nêu quá trình Đảng lãnh đạo cả nước quá độ lên chủ nghĩa xã hội và tiến hành công cuộc đổi mới (từ năm 1975 đến nay).\n\nGiáo trình cung cấp cho sinh viên những tri thức vừa cơ bản, vừa chuyên sâu, mang tính hệ thống về quá trình ra đời và lãnh đạo cách mạng của Đảng Cộng sản Việt Nam; cung cấp cơ sở lịch sử, củng cố niềm tin của thế hệ trẻ vào con đường cách mạng giải phóng dân tộc và phát triển đất nước; trang bị phương pháp nhận thức biện chứng, khách quan về quá trình Đảng ra đời và lãnh đạo cách mạng;… từ đó nâng cao hiểu biết lý luận, nắm bắt thực tiễn, vận dụng vào xem xét, đánh giá vai trò và sự lãnh đạo của Đảng, góp phần thiết thực vào công tác xây dựng Đảng ngày càng vững mạnh, đáp ứng yêu cầu nhiệm vụ mới trong quá trình công nghiệp hóa, hiện đại hóa đất nước, xây dựng thành công chủ nghĩa xã hội ở Việt Nam.', 90000, 'Giáo Trình Lịch Sử Đảng Cộng Sản Việt Nam (Dành Cho Bậc Đại Học Hệ Không Chuyên Lý Luận Chính Trị)', 12, 85500, 0, 5),
	(84, 'GS NGND Nguyễn Lân Dũng', 0, 'Bài Giảng Sinh Học\n\nTheo GS Nguyễn Lân Dũng, khi viết tài liệu này ông suy nghĩ nhiều đến sinh viên sinh học năm thứ nhất, khi mới bước đầu đến với thế giới sinh học. Tài liệu này giúp các em hiểu dễ dàng hơn về các khái niệm mới mẻ và thêm hứng thú tìm hiểu ngành khoa học nay. Tôi quan tâm nhiều hơn đến việc giúp các thầy cô giáo bậc phổ thông. Nếu các thầy cô biết 10 dạy 1 thì học sinh, sinh viên sẽ rất dễ hiểu, rất phong phú nội dung và làm học sinh dễ hiểu, nhớ lâu. Nếu các em định thi khối B hay thi vào Y mà ôm quyển Sinh học của Campbell thì vừa quá đắt vừa quá khó tiếp thu, đọc cuốn này là “bước đệm” đầu tiên giúp các em chinh phục những kiến thức khó hơn.\n\nGS Nguyễn Lân Dũng bộc bạch: “Sinh viên năm thứ nhất Khoa Sinh thường rất muốn hiểu về thế giới sinh học nhưng không biết làm gì để có kiến thức cơ bản khi tiếp nhận các giáo trình mới mẻ ở bậc Đại học. Có kiến thức cơ bản thì việc tiếp thu các giáo trình chuyên ngành về Động vật, Thực vật hay về Cơ thể người mới thuận lợi. Đây là bước chuẩn bị cho việc tiếp thu các kiến thức sâu hơn về thế giới sinh vật.”\n\nSách dành cho sinh viên, giáo viên các trường phổ thông và học sinh phân ban Sinh học được biên soạn bởi NGND, Tiến sĩ Sinh học Nguyễn Lân Dũng.\n\nMã hàng	9786044746647\nTên Nhà Cung Cấp	Cty CP MTV Hà Nội\nTác giả	GS NGND Nguyễn Lân Dũng\nNXB	Dân Trí\nNăm XB	2023\nTrọng lượng (gr)	440\nKích Thước Bao Bì	24 x 16 x 2.1 cm\nSố trang	426\nHình thức	Bìa Mềm\nSản phẩm bán chạy nhất	Top 100 sản phẩm Giáo trình ĐH, CĐ, THCN bán chạy của tháng\nGiá sản phẩm trên Fahasa.com đã bao gồm thuế theo luật hiện hành. Bên cạnh đó, tuỳ vào loại sản phẩm, hình thức và địa chỉ giao hàng mà có thể phát sinh thêm chi phí khác như Phụ phí đóng gói, phí vận chuyển, phụ phí hàng cồng kềnh,...\nChính sách khuyến mãi trên Fahasa.com không áp dụng cho Hệ thống Nhà sách Fahasa trên toàn quốc\nBài Giảng Sinh Học\n\nTheo GS Nguyễn Lân Dũng, khi viết tài liệu này ông suy nghĩ nhiều đến sinh viên sinh học năm thứ nhất, khi mới bước đầu đến với thế giới sinh học. Tài liệu này giúp các em hiểu dễ dàng hơn về các khái niệm mới mẻ và thêm hứng thú tìm hiểu ngành khoa học nay. Tôi quan tâm nhiều hơn đến việc giúp các thầy cô giáo bậc phổ thông. Nếu các thầy cô biết 10 dạy 1 thì học sinh, sinh viên sẽ rất dễ hiểu, rất phong phú nội dung và làm học sinh dễ hiểu, nhớ lâu. Nếu các em định thi khối B hay thi vào Y mà ôm quyển Sinh học của Campbell thì vừa quá đắt vừa quá khó tiếp thu, đọc cuốn này là “bước đệm” đầu tiên giúp các em chinh phục những kiến thức khó hơn.\n\nGS Nguyễn Lân Dũng bộc bạch: “Sinh viên năm thứ nhất Khoa Sinh thường rất muốn hiểu về thế giới sinh học nhưng không biết làm gì để có kiến thức cơ bản khi tiếp nhận các giáo trình mới mẻ ở bậc Đại học. Có kiến thức cơ bản thì việc tiếp thu các giáo trình chuyên ngành về Động vật, Thực vật hay về Cơ thể người mới thuận lợi. Đây là bước chuẩn bị cho việc tiếp thu các kiến thức sâu hơn về thế giới sinh vật.”\n\nSách dành cho sinh viên, giáo viên các trường phổ thông và học sinh phân ban Sinh học được biên soạn bởi NGND, Tiến sĩ Sinh học Nguyễn Lân Dũng.', 220000, 'Bài Giảng Sinh Học', 5, 198000, 0, 10),
	(85, 'Phạm Xuân Ánh', 0, 'Sổ Tay Kỹ Thuật Trộn Và Biên Tập Âm Thanh\n\nGIỚI THIỆU VỀ CUỐN SÁCH\n\nSổ tay kỹ thuật trộn và biên tập âm thanh\n\nÂm nhạc là một thế giới rộng lớn với khối lượng kiến thức mênh mông và không ngừng thay đổi. Không chỉ người ca sĩ, mà vai trò của những công cụ và những kỹ sư đứng phía sau sản phẩm âm nhạc cũng ngày càng trở nên quan trọng hơn bao giờ hết. Và bởi thế, kỹ thuật xử lý âm thanh: từ ghi âm (recording) đến trộn (mixing) đến biên tập (mastering) cũng không tránh khỏi bị tác động bởi sự thay đổi của thời đại và công nghệ. Sổ tay kỹ thuật trộn và biên tập âm thanh sẽ đóng góp một giọt nhỏ bé mà giá trị vào biển kiến thức âm nhạc mênh mông không ngừng thay đổi ấy.\n\nSổ tay kỹ thuật trộn và biên tập âm thanh là bản hướng dẫn cụ thể với các bước rõ ràng, kèm theo những lưu ý cần thiết để tiến hành hoàn thiện một bản nhạc từ A-Z. Cuốn sách bao gồm các phần như sau:\n\n- Phần đầu nói về khái niệm cơ bản của âm thanh. Phần này sẽ định hình các phương pháp tư duy và cách xử lý âm thanh sau này của người làm âm nhạc.\n\n- Phần thứ hai là về phòng thu, thiết bị và cách nghe âm thanh.\n\n- Phần thứ ba là những kỹ thuật thu âm cơ bản. Tại đây, tôi đề ra những vấn đề về thiết bị, kỹ thuật thu âm chính mà bạn có thể dùng để thu âm. Từ đó, bạn sẽ hiểu hơn nhiều về quá trình trộn âm thanh nhờ việc hiểu về thu âm.\n\n- Phần thứ tư là hướng dẫn trộn và biên tập từng bước một. Bạn sẽ cần chuẩn bị gì, sắp xếp ra sao, từng bước làm việc với bản nhạc đơn lẻ đến các nhóm, và cuối cùng là biên tập xuất bản Internet.\n\n- Phần cuối cùng là một số mánh, mẹo để khiến bản nhạc của bạn trở nên nổi bật hơn, ví dụ như làm thế nào để giọng hát nổi trội trên nền nhạc, làm thế nào để bản nhạc lớn hơn và ồn ào hơn.\n\nCác kiến thức trong sách là tổng hợp những gì mà tác giả đã học hỏi được qua năm tháng, cũng như đúc kết từ kinh nghiệm cá nhân trong thời gian dài hoạt động trong môi trường âm nhạc. Hy vọng cuốn sách sẽ là bộ tài liệu tham khảo hữu ích dành cho những người yêu âm nhạc.\n\nTHÔNG TIN TÁC GIẢ\n\nPhạm Xuân Ánh\n\n(Sinh năm 1987)\n\nAnh tốt nghiệp Thạc sỹ ngành Kiến trúc Đại học Xây dựng Hà Nội vào năm 2014, đã từng làm việc ở nhiều doanh nghiệp lớn, nhỏ. Năm 2020 với niềm yêu thích âm nhạc, Phạm Xuân Ánh đã thực hiện quá trình tìm kiếm tài liệu, tổng hợp và học tập âm nhạc một cách nghiêm túc.\n\nTình yêu với âm nhạc đã thúc đẩy Phạm Xuân Ánh thực hiện cuốn sách này, nhằm mang âm nhạc với chất lượng ngày càng tốt hơn đến với mọi vùng miền đất nước Việt Nam qua những trang sách, góp phần phát triển nền âm nhạc và văn hóa đại chúng nói chung cũng như hoàn thiện con đường nghệ thuật cá nhân nói riêng.\n\nCác tác phẩm đã xuất bản:\n\n- Kỹ thuật ghi âm, Nxb. Dân trí, 2022.\n\n- Kỹ thuật trộn và biên tập âm thanh, Nxb. Dân trí, 2022\n\nMã hàng	8936107813750\nTên Nhà Cung Cấp	CÔNG TY TNHH SÁCH & TRUYỀN THÔNG VIỆT NAM\nTác giả	Phạm Xuân Ánh\nNXB	Dân Trí\nNăm XB	2023\nNgôn Ngữ	Tiếng Việt\nTrọng lượng (gr)	340\nKích Thước Bao Bì	24 x 16 x 1.6 cm\nSố trang	328\nHình thức	Bìa Mềm\nSản phẩm bán chạy nhất	Top 100 sản phẩm Dạy nghề bán chạy của tháng\nGiá sản phẩm trên Fahasa.com đã bao gồm thuế theo luật hiện hành. Bên cạnh đó, tuỳ vào loại sản phẩm, hình thức và địa chỉ giao hàng mà có thể phát sinh thêm chi phí khác như Phụ phí đóng gói, phí vận chuyển, phụ phí hàng cồng kềnh,...\nChính sách khuyến mãi trên Fahasa.com không áp dụng cho Hệ thống Nhà sách Fahasa trên toàn quốc\nSổ Tay Kỹ Thuật Trộn Và Biên Tập Âm Thanh\n\nGIỚI THIỆU VỀ CUỐN SÁCH\n\nSổ tay kỹ thuật trộn và biên tập âm thanh\n\nÂm nhạc là một thế giới rộng lớn với khối lượng kiến thức mênh mông và không ngừng thay đổi. Không chỉ người ca sĩ, mà vai trò của những công cụ và những kỹ sư đứng phía sau sản phẩm âm nhạc cũng ngày càng trở nên quan trọng hơn bao giờ hết. Và bởi thế, kỹ thuật xử lý âm thanh: từ ghi âm (recording) đến trộn (mixing) đến biên tập (mastering) cũng không tránh khỏi bị tác động bởi sự thay đổi của thời đại và công nghệ. Sổ tay kỹ thuật trộn và biên tập âm thanh sẽ đóng góp một giọt nhỏ bé mà giá trị vào biển kiến thức âm nhạc mênh mông không ngừng thay đổi ấy.\n\nSổ tay kỹ thuật trộn và biên tập âm thanh là bản hướng dẫn cụ thể với các bước rõ ràng, kèm theo những lưu ý cần thiết để tiến hành hoàn thiện một bản nhạc từ A-Z. Cuốn sách bao gồm các phần như sau:\n\n- Phần đầu nói về khái niệm cơ bản của âm thanh. Phần này sẽ định hình các phương pháp tư duy và cách xử lý âm thanh sau này của người làm âm nhạc.\n\n- Phần thứ hai là về phòng thu, thiết bị và cách nghe âm thanh.\n\n- Phần thứ ba là những kỹ thuật thu âm cơ bản. Tại đây, tôi đề ra những vấn đề về thiết bị, kỹ thuật thu âm chính mà bạn có thể dùng để thu âm. Từ đó, bạn sẽ hiểu hơn nhiều về quá trình trộn âm thanh nhờ việc hiểu về thu âm.\n\n- Phần thứ tư là hướng dẫn trộn và biên tập từng bước một. Bạn sẽ cần chuẩn bị gì, sắp xếp ra sao, từng bước làm việc với bản nhạc đơn lẻ đến các nhóm, và cuối cùng là biên tập xuất bản Internet.\n\n- Phần cuối cùng là một số mánh, mẹo để khiến bản nhạc của bạn trở nên nổi bật hơn, ví dụ như làm thế nào để giọng hát nổi trội trên nền nhạc, làm thế nào để bản nhạc lớn hơn và ồn ào hơn.\n\nCác kiến thức trong sách là tổng hợp những gì mà tác giả đã học hỏi được qua năm tháng, cũng như đúc kết từ kinh nghiệm cá nhân trong thời gian dài hoạt động trong môi trường âm nhạc. Hy vọng cuốn sách sẽ là bộ tài liệu tham khảo hữu ích dành cho những người yêu âm nhạc.\n\nTHÔNG TIN TÁC GIẢ\n\nPhạm Xuân Ánh\n\n(Sinh năm 1987)\n\nAnh tốt nghiệp Thạc sỹ ngành Kiến trúc Đại học Xây dựng Hà Nội vào năm 2014, đã từng làm việc ở nhiều doanh nghiệp lớn, nhỏ. Năm 2020 với niềm yêu thích âm nhạc, Phạm Xuân Ánh đã thực hiện quá trình tìm kiếm tài liệu, tổng hợp và học tập âm nhạc một cách nghiêm túc.\n\nTình yêu với âm nhạc đã thúc đẩy Phạm Xuân Ánh thực hiện cuốn sách này, nhằm mang âm nhạc với chất lượng ngày càng tốt hơn đến với mọi vùng miền đất nước Việt Nam qua những trang sách, góp phần phát triển nền âm nhạc và văn hóa đại chúng nói chung cũng như hoàn thiện con đường nghệ thuật cá nhân nói riêng.\n\nCác tác phẩm đã xuất bản:\n\n- Kỹ thuật ghi âm, Nxb. Dân trí, 2022.\n\n- Kỹ thuật trộn và biên tập âm thanh, Nxb. Dân trí, 2022', 270000, 'Sổ Tay Kỹ Thuật Trộn Và Biên Tập Âm Thanh', 38, 243000, 0, 10),
	(86, 'PGS TS Trịnh Tiến Việt', 0, 'Hệ thống pháp luật của Nhà nước Cộng hòa xã hội chủ nghĩa Việt Nam do nhiều ngành luật hợp thành, trong đó, mỗi ngành luật điều chỉnh một lĩnh vực quan hệ xã hội nhất định. Luật hình sự là một ngành luật độc lập, là một bộ phận cấu thành quan trọng của hệ thống pháp luật Nhà nước ta, đồng thời là công cụ quan trọng để phòng ngừa, chống tội phạm, bảo vệ các lợi ích của Nhà nước, của công dân, bảo đảm pháp chế xã hội chủ nghĩa, quyền con người, quyền công dân, giữ vững ổn định an ninh quốc gia, trật tự, an toàn xã hội.\nLuật hình sự điều chỉnh các quan hệ xã hội phát sinh giữa một bên là Nhà nước với một bên là người phạm tội (hiện nay, còn cả pháp nhân thương mại phạm tội) khi có sự việc phạm tội. Chính vì vậy, thông qua việc quy định các hành vi phạm tội, hình phạt và biện pháp cưỡng chế về hình sự khác để áp dụng đối với các chủ thể đã phạm tội, Luật hình sự đã thực hiện các chức năng của mình, đồng thời, tạo cơ sở pháp lý quan trọng cho việc đấu tranh có hiệu quả cao để phòng ngừa và chống tội phạm.\nTrong chương trình đào tạo ở bậc đại học và bậc sau đại học (chuyên ngành Luật hình sự và tố tụng hình sự) tại các cơ sở đào tạo luật trên cả nước, Luật hình sự là học phần bắt buộc trong khối kiến thức ngành, chuyên ngành nhằm cung cấp cho người học những kiến thức cơ bản nhất về tội phạm, trách nhiệm hình sự và hình phạt, những dấu hiệu pháp lý đặc trưng đối với các tội phạm cụ thể, cũng như vấn đề định tội danh và quyết định hình phạt.\nVừa qua, Luật hình sự đã được pháp điển hóa lần thứ ba với việc Quốc hội ban hành Bộ luật Hình sự năm 2015, sửa đổi, bổ sung năm 2017 (sau đây viết gọn là Bộ luật Hình sự năm 2015), có hiệu lực thi hành từ ngày 01/01/2018. Đây là Bộ luật có vị trí, vai trò đặc biệt quan trọng trong đời sống xã hội. Các quy định mới trong Bộ luật Hình sự năm 2015 đã đánh dấu một bước tiến rất quan trọng, tạo cơ sở pháp lý vững chắc cho cuộc đấu tranh phòng ngừa, chống tội phạm có hiệu quả cao; góp phần bảo vệ chủ quyền, an ninh quốc gia, bảo vệ chế độ, bảo vệ quyền con người, quyền công dân, lợi ích của nhà nước và tổ chức, bảo vệ và thúc đẩy kinh tế thị trường định hướng xã hội chủ nghĩa phát triển đúng hướng, tạo môi trường xã hội và môi trường sinh thái an toàn, lành mạnh cho mọi người dân, đồng thời đáp ứng yêu cầu của quá trình toàn cầu hóa và hội nhập quốc tế Do đó, nhiệm vụ phổ biến, giới thiệu những vấn đề cốt lõi, mang tính tổng quan về cơ sở khoa học của Luật hình sự Việt Nam tới đông đảo bạn đọc, đặc biệt đối tượng bạn đọc là giảng viên, sinh viên, học viên tại các cơ sở đào tạo Luật trên cả nước có ý nghĩa quan trọng góp phần nâng cao hiệu quả, ý thức tuân thủ, chấp hành nghiêm chỉnh pháp luật, qua đó, phát huy hiệu lực của luật hình sự.\n\nMã hàng	8935279132836\nTên Nhà Cung Cấp	NXB Chính Trị Quốc Gia\nTác giả	PGS TS Trịnh Tiến Việt\nNXB	NXB Chính Trị Quốc Gia Sự Thật\nNăm XB	2021\nTrọng lượng (gr)	550\nKích Thước Bao Bì	24 x 16 cm\nSố trang	534\nHình thức	Bìa Mềm\nSản phẩm bán chạy nhất	Top 100 sản phẩm Giáo trình ĐH, CĐ, THCN bán chạy của tháng\nGiá sản phẩm trên Fahasa.com đã bao gồm thuế theo luật hiện hành. Bên cạnh đó, tuỳ vào loại sản phẩm, hình thức và địa chỉ giao hàng mà có thể phát sinh thêm chi phí khác như Phụ phí đóng gói, phí vận chuyển, phụ phí hàng cồng kềnh,...\nChính sách khuyến mãi trên Fahasa.com không áp dụng cho Hệ thống Nhà sách Fahasa trên toàn quốc\nHệ thống pháp luật của Nhà nước Cộng hòa xã hội chủ nghĩa Việt Nam do nhiều ngành luật hợp thành, trong đó, mỗi ngành luật điều chỉnh một lĩnh vực quan hệ xã hội nhất định. Luật hình sự là một ngành luật độc lập, là một bộ phận cấu thành quan trọng của hệ thống pháp luật Nhà nước ta, đồng thời là công cụ quan trọng để phòng ngừa, chống tội phạm, bảo vệ các lợi ích của Nhà nước, của công dân, bảo đảm pháp chế xã hội chủ nghĩa, quyền con người, quyền công dân, giữ vững ổn định an ninh quốc gia, trật tự, an toàn xã hội.\nLuật hình sự điều chỉnh các quan hệ xã hội phát sinh giữa một bên là Nhà nước với một bên là người phạm tội (hiện nay, còn cả pháp nhân thương mại phạm tội) khi có sự việc phạm tội. Chính vì vậy, thông qua việc quy định các hành vi phạm tội, hình phạt và biện pháp cưỡng chế về hình sự khác để áp dụng đối với các chủ thể đã phạm tội, Luật hình sự đã thực hiện các chức năng của mình, đồng thời, tạo cơ sở pháp lý quan trọng cho việc đấu tranh có hiệu quả cao để phòng ngừa và chống tội phạm.\nTrong chương trình đào tạo ở bậc đại học và bậc sau đại học (chuyên ngành Luật hình sự và tố tụng hình sự) tại các cơ sở đào tạo luật trên cả nước, Luật hình sự là học phần bắt buộc trong khối kiến thức ngành, chuyên ngành nhằm cung cấp cho người học những kiến thức cơ bản nhất về tội phạm, trách nhiệm hình sự và hình phạt, những dấu hiệu pháp lý đặc trưng đối với các tội phạm cụ thể, cũng như vấn đề định tội danh và quyết định hình phạt.\nVừa qua, Luật hình sự đã được pháp điển hóa lần thứ ba với việc Quốc hội ban hành Bộ luật Hình sự năm 2015, sửa đổi, bổ sung năm 2017 (sau đây viết gọn là Bộ luật Hình sự năm 2015), có hiệu lực thi hành từ ngày 01/01/2018. Đây là Bộ luật có vị trí, vai trò đặc biệt quan trọng trong đời sống xã hội. Các quy định mới trong Bộ luật Hình sự năm 2015 đã đánh dấu một bước tiến rất quan trọng, tạo cơ sở pháp lý vững chắc cho cuộc đấu tranh phòng ngừa, chống tội phạm có hiệu quả cao; góp phần bảo vệ chủ quyền, an ninh quốc gia, bảo vệ chế độ, bảo vệ quyền con người, quyền công dân, lợi ích của nhà nước và tổ chức, bảo vệ và thúc đẩy kinh tế thị trường định hướng xã hội chủ nghĩa phát triển đúng hướng, tạo môi trường xã hội và môi trường sinh thái an toàn, lành mạnh cho mọi người dân, đồng thời đáp ứng yêu cầu của quá trình toàn cầu hóa và hội nhập quốc tế Do đó, nhiệm vụ phổ biến, giới thiệu những vấn đề cốt lõi, mang tính tổng quan về cơ sở khoa học của Luật hình sự Việt Nam tới đông đảo bạn đọc, đặc biệt đối tượng bạn đọc là giảng viên, sinh viên, học viên tại các cơ sở đào tạo Luật trên cả nước có ý nghĩa quan trọng góp phần nâng cao hiệu quả, ý thức tuân thủ, chấp hành nghiêm chỉnh pháp luật, qua đó, phát huy hiệu lực của luật hình sự.', 202000, 'Tổng Quan Về Luật Hình Sự Việt Nam', 26, 171700, 0, 15),
	(87, 'Kiều Diêu', 0, 'Trêu Nhầm - Tập 2\nTrịnh Thư Ý lên kế hoạch tán tỉnh Thời Yến - người mà cô tưởng là cậu trẻ của con giáp thứ mười ba xen vào cuộc tình của mình và bạn trai cũ, nhằm trở thành "mợ trẻ" của anh ta để trả thù.\nVài tháng sau, cô khoác tay Thời Yến, ngồi sau chiếc xe Rolls Royce nhìn con giáp thứ mười ba và gã đàn ông tồi tệ với vẻ mặt đắc ý, ngoắc tay về phía họ.\n"Nhìn thấy bề trên mà không chào hỏi à?"\nMặt con giáp thứ mười ba biến sắc, sợ sệt nhìn về phía tài xế: "Cậu ạ..."\nTrịnh Thư Ý: ???\nKhông ngờ tài xế mới là cậu của con giáp thứ mười ba kia.\nTốn biết bao tâm tư thả thính suốt mấy tháng trời, kết quả lại trêu nhầm người!\n', 179000, 'Trêu Nhầm', 26, 161100, 0, 10),
	(88, 'Lưu Liễm Tử', 0, 'Như Ý bị vu oan hại chết con của Mai Tần và Nghi Quý nhân, Hoàng thượng quyết định đày nàng vào lãnh cung. Cùng lúc đó, A Nhược cũng được phong làm Thận thường tại - chính thức trở thành một trong những thiếp thất của hoàng thượng.\nHải Lan khi không có Như Ý bên cạnh đã phải chịu đủ mọi tủi nhục từ Hoàng Hậu, Tuệ Quý Phi, thậm chí là A Nhược. Trong một lần tình cờ nghe được Quý Phi nói chuyện về việc hãm hại Như Ý vào lãnh cung, Hải Lan quyết định thay đổi bản thân để trả thù cho tỷ tỷ.\nNhân cơ hội Nhị hoàng tử Vĩnh Liễn bị Hoàng Hậu ép học hành quá độ đẫn đến bị mắc bệnh hen, Hải Lan đã khéo léo dùng mưu kế bông lau, liên thủ với Thuần Tần và Liên Tâm khiến cho Vĩnh Liễn qua đời...\nSau đó Hải Lan mang long thai, tương kế tựu kế, trong ngoài phối hợp, thành công cứu được Như Ý ra khỏi lãnh cung\n', 285000, 'Hậu Cung Như Ý Truyện', 20, 256500, 0, 10),
	(89, 'Đinh Mặc', 0, 'Lục Duy Chân cảm thấy mình thật xui xẻo. Khó khăn lắm cô mới thoát khỏi sự chèn ép của quản lý phòng ác ma và sự quấy rối của tên giám đốc biến thái, đi đến nhà hàng để xem mắt, kết quả lại nhận nhầm người, lại còn trách mắng người ta là nam thần mà không hiểu phép tắc. Còn đối tượng thực sự có các điều kiện rất tốt, khá hợp ý cô thì đùng một cái lẻn vào nhà cô lúc nửa đêm, bò trên trần nhà, biểu diễn chiêu xoay đầu một trăm tám mươi độ, sau đó còn nói muốn ăn thịt cô! May mà trong lúc nguy cấp, một nam thần giống như thần binh từ trên trời rơi xuống... cứu cô kịp thời.\nNam thần đó có khuôn mặt đẹp trai, vóc dáng hoàn hảo, vừa bắt được tên yêu quái thằn lằn liền cho cô vào danh sách đen. Khi đi tìm anh, biết rõ anh là thầy trừ yêu, vậy mà chẳng hiểu sao cô vẫn bị nụ hôn của anh làm cho ý loạn tình mê không thể nào thoát ra nổi. Nếu cô chỉ là Lục Duy Chân, cô cam tâm tình nguyện đắm chìm trong đó không tỉnh. Nhưng cô cũng là Lục Bán Tinh, ông trời đã sắp đặt “Bán Tinh” là kẻ thù của thầy trừ yêu...\n', 199000, 'Bán Tinh', 16, 169150, 0, 15),
	(90, 'Nghê Đa Hỉ', 0, 'Năm mười chín tuổi, bất chấp sự chênh lệch về gia cảnh, học vấn và địa vị xã hội, Tần Hiển và Tô Kiều vẫn say sưa chìm đắm trong mối tình đầu thuần khiết. Đáng tiếc thay, những tự ti, mặc cảm của tuổi trẻ đã khiến hai người bỏ lỡ nhau. Mải miết kiếm tìm, tám năm đau đáu một niềm hy vọng, cuối cùng ông trời cũng run rủi cho anh gặp lại cô. Vẫn là đôi mắt cong cong và nụ cười đẹp đến mê hồn. Tựa như năm xưa, lúc anh thấy cô đứng đợi ngoài cổng trường, lưng tựa vào tường, tươi cười nói với anh “Tôi mời cậu ăn khuya”, anh đã trúng tiếng sét ái tình với cô chính từ khoảnh khắc ấy.\nNụ cười của cô đã khiến anh chìm vào bể tình, khiến anh đau khổ, khiến anh khao khát, sẵn sàng trầm luân. Lần này, nếu anh lại bỏ lỡ thì không chỉ là tám năm, mà là một đời. Bởi, cả đời này, trái tim anh chỉ vì cô mà rung động.\n', 189000, 'Rung Động Chỉ Vì Em', 22, 130410, 0, 31),
	(91, 'Cố Mạn', 0, 'Yêu Em Từ Cái Nhìn Đầu Tiên\nĐi cùng?\nHai chữ này kéo Vy Vy trở về hiện tại, lập tức hoàn hồn.Nhìn chiếc xe, lại nhìn Đại Thần, người đẹp Vy Vy lắp bắp:\n“Em… em…”\nTiêu Nại hơi cau mày. Vy Vy trấn tĩnh nói:\n“… Anh đèo em?”.\n“Ừ, đường xa thế chẳng lẽ đi bộ?”.\nĐường đến nhà thi đấu bóng rổ xa thế, đi bộ đương nhiên rất đáng sợ, nhưng… nhưng  đáng sợ hơn chính là anh đèo em! Vy Vy băn khoăn. Với danh tiếng nổi như cồn của Tiêu Nại, cộng thêm chút nổi tiếng nho nhỏ của Vy Vy, đèo nhau trên con đường này, chắc chắn sẽ có ngay những lời đồn hay ho cho coi! Tuy rằng họ hình như, hình như, có vẻ như đúng là đang tiến tới những nghi ngờ hay ho đó, nhưng hiện nay, bây giờ, lúc này họ tuyệt đối trắng tinh hơn cả lông cừu.\n“Như thế này... như thế này... không ổn lắm. Người khác nhìn thấy sẽ hiểu nhầm”.\nVy Vy cố từ chối khéo, hai tai bắt đầu đỏ dần.\n“Hiểu nhầm?”.\nChẳng lẽ anh không hiểu? Vy Vy đành nói thẳng:\n“Hiểu nhầm chúng ta… ôi, là kiểu quan hệ đó…”.\nTiêu Nại lặng lẽ nhìn cô, hồi lâu không nói, Vy Vy cảm thấy một nỗi căng thẳng khó hiểu… mình không nói gì sai chứ? Đúng khi Vy Vy cảm thấy mỗi lúc càng căng thẳng hơn, cuối cùng Nại Hà phá vỡ bầu không khí yên lặng:\n“Thế chúng ta không phải là kiểu quan hệ đó từ khi nào vậy?”.\n', 179000, 'Yêu Em Từ Cái Nhìn Đầu Tiên (Tái Bản 2023)', 33, 161100, 0, 10),
	(92, 'Bạch Lạc Mai', 0, 'Năm Tháng Tĩnh Lặng, Kiếp Này Bình Yên - Tái Bản 2019\nPhật ở nơi nao? Giữa chốn đồng không mông quạnh cỏ cây tàn tạ, một ngọn cỏ xanh non là Phật; giữa đêm tuyết im lìm không tiếng động, một chậu than hồng là Phật; giữa sông bể mênh mang vô bờ, một chiếc thuyền con là Phật; giữa sắc màu đan xen rối rắm, đơn sơ là Phật; giữa ngày tháng loạn lạc huyên náo, bình an là Phật. Gặp Phật khi nào? Trong năm tháng đợi chờ hoa nở, giữa phù hoa giữ sự đơn thuần, trong phồn tạp tĩnh tâm dưỡng tính, sẽ có thể gặp Phật.\nĐôi nét tác giả\nBạch Lạc Mai tên thật là Tư Trí Tuệ, sống ở Giang Nam, đơn giản tự chủ, tâm như lan thảo, văn chương thanh đạm.\nCẩm Phong đã xuất bản:\nCẩm Phong đã xuất bản:\n- Năm tháng tĩnh lặng, kiếp này bình yên (tái bản 2018)\n- Gặp lại chốn hồng trần sâu nhất (tái bản 2018)\n- Duyên (tái bản 2018)\n- Nếu em an lành, đó là ngày nắng (xuất bản 2018)\n- Ngoảnh lại đã một đời (xuất bản 2019)\n- Dẫu xưa vui lành (xuất bản 2020)\n', 138000, 'Năm Tháng Tĩnh Lặng, Kiếp Này Bình Yên - Tái Bản 2021', 15, 117300, 0, 15),
	(93, 'Bạch Lạc Mai', 0, 'Năm Tháng Tĩnh Lặng, Kiếp Này Bình Yên - Tái Bản 2019\n\nPhật ở nơi nao? Giữa chốn đồng không mông quạnh cỏ cây tàn tạ, một ngọn cỏ xanh non là Phật; giữa đêm tuyết im lìm không tiếng động, một chậu than hồng là Phật; giữa sông bể mênh mang vô bờ, một chiếc thuyền con là Phật; giữa sắc màu đan xen rối rắm, đơn sơ là Phật; giữa ngày tháng loạn lạc huyên náo, bình an là Phật. Gặp Phật khi nào? Trong năm tháng đợi chờ hoa nở, giữa phù hoa giữ sự đơn thuần, trong phồn tạp tĩnh tâm dưỡng tính, sẽ có thể gặp Phật.\n\nĐôi nét tác giả\n\nBạch Lạc Mai tên thật là Tư Trí Tuệ, sống ở Giang Nam, đơn giản tự chủ, tâm như lan thảo, văn chương thanh đạm.\n\nCẩm Phong đã xuất bản:\n\nCẩm Phong đã xuất bản:\n\n- Năm tháng tĩnh lặng, kiếp này bình yên (tái bản 2018)\n\n- Gặp lại chốn hồng trần sâu nhất (tái bản 2018)\n\n- Duyên (tái bản 2018)\n\n- Nếu em an lành, đó là ngày nắng (xuất bản 2018)\n\n- Ngoảnh lại đã một đời (xuất bản 2019)\n\n- Dẫu xưa vui lành (xuất bản 2020)\n\nMã hàng	8936117743504\nTên Nhà Cung Cấp	ZGROUP\nTác giả	Bạch Lạc Mai\nNgười Dịch	Lục Bích\nNXB	Lao Động\nNăm XB	2021\nNgôn Ngữ	Tiếng Việt\nTrọng lượng (gr)	360\nKích Thước Bao Bì	19 x 12 x 2 cm\nSố trang	408\nHình thức	Bìa Mềm\nSản phẩm bán chạy nhất	Top 100 sản phẩm Ngôn Tình bán chạy của tháng\nGiá sản phẩm trên Fahasa.com đã bao gồm thuế theo luật hiện hành. Bên cạnh đó, tuỳ vào loại sản phẩm, hình thức và địa chỉ giao hàng mà có thể phát sinh thêm chi phí khác như Phụ phí đóng gói, phí vận chuyển, phụ phí hàng cồng kềnh,...\nChính sách khuyến mãi trên Fahasa.com không áp dụng cho Hệ thống Nhà sách Fahasa trên toàn quốc\nNăm Tháng Tĩnh Lặng, Kiếp Này Bình Yên - Tái Bản 2019\n\nPhật ở nơi nao? Giữa chốn đồng không mông quạnh cỏ cây tàn tạ, một ngọn cỏ xanh non là Phật; giữa đêm tuyết im lìm không tiếng động, một chậu than hồng là Phật; giữa sông bể mênh mang vô bờ, một chiếc thuyền con là Phật; giữa sắc màu đan xen rối rắm, đơn sơ là Phật; giữa ngày tháng loạn lạc huyên náo, bình an là Phật. Gặp Phật khi nào? Trong năm tháng đợi chờ hoa nở, giữa phù hoa giữ sự đơn thuần, trong phồn tạp tĩnh tâm dưỡng tính, sẽ có thể gặp Phật.\n\nĐôi nét tác giả\n\nBạch Lạc Mai tên thật là Tư Trí Tuệ, sống ở Giang Nam, đơn giản tự chủ, tâm như lan thảo, văn chương thanh đạm.\n\nCẩm Phong đã xuất bản:\n\nCẩm Phong đã xuất bản:\n\n- Năm tháng tĩnh lặng, kiếp này bình yên (tái bản 2018)\n\n- Gặp lại chốn hồng trần sâu nhất (tái bản 2018)\n\n- Duyên (tái bản 2018)\n\n- Nếu em an lành, đó là ngày nắng (xuất bản 2018)\n\n- Ngoảnh lại đã một đời (xuất bản 2019)\n\n- Dẫu xưa vui lành (xuất bản 2020)', 178000, 'Gió Tây Bao Nhiêu Hận Thổi Chẳng Giãn Mày Chau', 32, 151300, 0, 15),
	(94, 'Diệp Lạc Vô Tâm', 0, 'Một hôm, tôi đi làm lại quên mang điện thoại. Tôi muốn về nhà lấy, nhưng lại bận không dứt ra được, đang lúc băn khoăn thì nhìn thấy Kẻ phiền phức bước thẳng vào phòng, điềm đạm đặt chiếc di động mà tôi đang cần lên bàn.\n“Yêu anh quá đi!” Tôi vội vàng thì thầm vào tai hắn, rồi lập tức lấy điện thoại xem.\n“Rốt cuộc thì có chuyện gì em mới không quên đây hả?” Kẻ phiền phức chán nản nói.\nTôi lặng lẽ liếc nhìn hắn một cái, nói nhỏ: “… Yêu anh!”\nMặt hắn đang hầm hầm bỗng trở nên rạng rỡ.\nLúc rời khỏi văn phòng tôi, khóe mắt hắn còn mang ý cười.\n', 108000, 'Em Vốn Thích Cô Độc, Cho Đến Khi Có Anh', 24, 74520, 0, 31),
	(95, 'Hoa Sơn', 0, 'Những Mẫu Chuyện Hài Hước Trong Kinh Doanh Của Người Do Thái\n“Tính hài hước là ánh mặt trời của tư duy.”\n- Edward Bulwer-Lytton\nĐể trụ vững trên thương trường cạnh tranh khốc liệt như ngày nay, doanh nhân Do Thái đã khéo léo vận dụng tư duy kinh doanh vượt trội và khiếu hài hước độc đáo vào trong quản lý, tiếp thị, đàm phán... Đó cũng chính là lý do họ gặt hái được những thành tựu to lớn khiến cả thế giới phải ngả mũ kính phục.\nDân tộc Do Thái không những là một dân tộc khôn ngoan, có đầu óc kinh doanh nhạy bén mà còn có khiếu hài hước. Tài năng kinh doanh của họ được thể hiện trong các chuyện cười dân gian, được lưu truyền trong giới doanh nhân. Nghiên cứu tính hài hước của người Do Thái cũng chính là khám phá sự khôn ngoan thực tiễn của họ.\nNhững mẩu chuyện hài hước trong kinh doanh của người Do Thái với hơn 100 mẩu chuyện đặc sắc là hơn 100 tiếng cười ở nhiều lĩnh vực khác nhau trong đời sống kinh doanh: quản lý, tiếp thị, đàm phán, tiền bạc… Những lời bình đi kèm sẽ giúp bạn gợi mở nhiều suy nghĩ và nhận ra ý nghĩa sâu xa mà từng mẩu chuyện gửi gắm.\nBạn sẽ có những giây phút thư giãn tuyệt vời và nghiệm ra được nhiều bài học từ những mẩu chuyện thú vị được góp nhặt trong sách, và hơn thế nữa, bạn sẽ có cái nhìn lạc quan hơn về con người và cuộc sống.\n', 79000, 'Những Mẫu Chuyện Hài Hước Trong Kinh Doanh Của Người Do Thái', 18, 71100, 0, 10),
	(96, 'Nhiều Tác Giả', 0, 'Ba Giai - Tú Xuất & Truyện Thủ Thiệm\nTrạng Quỳnh, Trạng Lợn, Xiển Bột, Ba Giai - Tú Xuất, Thủ Thiệm, Ba Phi là những nhân vật chính trong hệ thống truyện cười dân gian đặc sắc của Việt Nam. Những nhân vật sáng tạo ra tiếng cười là đại diện cho khát vọng tư tưởng của nhân dân. Vua chúa, quan lại, sau tiếng cười hả hê ở cuối truyện, hiện lên là những kẻ mất nhân cách, dốt nát, xảo quyệt, gian tham, tàn ác, vào luồn ra cúi. Những thói hư tật xấu của của con người cũng được mang ra chế giễu, cười cợt. Bên cạnh tiếng cười đả kích còn có tiếng cười dí dỏm nhẹ nhàng khi tự trào, khi đùa cợt, chế giễu bạn bè, người thân.\nHệ thống truyện Trạng Quỳnh, Trạng Lợn, Xiển Bột, Ba Giai - Tú Xuất, Thủ Thiệm, Ba Phi là một bức tranh châm biếm đả kích sắc sảo, chân thực xã hội phong kiến. Những nhân vật này đã thay mặt nhân dân lao động làm một cuộc "khởi nghĩa" bằng tiếng cười để từ giã chế độ phong kiến suy tàn một cách hài hước nhất.\n', 22000, 'Ba Giai Tú Xuất & Truyện Thủ Thiệm', 32, 18700, 0, 15),
	(97, 'Đức Anh', 0, 'Những câu chuyện tiếu lâm tuyển chọn trong kho tàng truyện cười của Việt Nam.Góc thư giãn dành cho mọi người.', 35000, 'Tiếu Lâm Việt Nam Hay Nhất', 17, 29750, 0, 15),
	(98, 'Azit Nêxin', 4.5, 'Azit Nexin là nhà văn trào phúng nổi tiếng của đất nước Thổ Nhĩ Kỳ. Những chi tiết nhỏ nhặt trong cuộc sống như chuyện uống trà, cưới hỏi, vệ sinh ăn uống... qua con mắt của Nexin đều mang một ý nghĩa hài hước và thú vị bởi ông luôn có những liên tưởng hết sức độc đáo, sáng tạo.\nChuyện tình đẫm lệ\nCuộc truy tìm dấu vết cà chua\nGiới quý tộc làng chúng tôi\nCuộc chiến chống các ngôi sao điện ảnh\nẨu đả trong bóng tối\nTình vỡ mộng tan\nGửi người ngồi ghế phô-tơi\nNỗi bất hạnh của chúng ta là ở đó\nXứ sở của những người ngáp\nGiấc mơ Mỹ\n...\n', 71000, 'Những Người Thích Đùa (Tái Bản 2020)', 18, 60350, 1, 15),
	(99, 'Nguyễn Cừ', 3.5, 'Từ những cốt truyện hiện đại , tác giả đã thổi hồn mình vào trong đó , nhào nặn câu chữ , chắt lọc tình tiết , văn phòng trôi chảy , cách kể hấp dẫn , các nhân vật cười trong truyện cứ hiện ra , nhớ mãi để có dịp hội ngộ , đông người được bung ra cùng nhau cười nghiêng ngả ', 95000, 'Truyện Cười Việt Nam Thời @', 10, 80750, 1, 15),
	(100, 'Mạnh Linh', 5, 'Trạng Quỳnh là nhân vật trung tâm trong một hệ thống truyện trạng đặc sắc cả về nội dung lẫn hình thức của kho tàng truyện trạng Việt Nam. Trong dân gian, Trạng Quỳnh được xây dựng như một người thông minh, tài hoa, mưu lược và dũng cảm. Đương nhiên có sự khác biệt về khoảng cách giữa con người thật Nguyễn Quỳnh và nhân vật Trạng Quỳnh trong hệ thống truyện dân gian.\nRa đời trong một giai đoạn lịch sử xã hội nhiều biến động, Trạng Quỳnh là nhân vật đại diện cho khát vọng tư tưởng của nhân dân. Những thói hư tật xấu của vương triều, của thế tục được mang ra chế giễu, cười cợt. Quan lại dưới con mắt Trạng Quỳnh, sau tiếng cười hả hê ở cuối truyện, hiện ra là những kẻ mất nhân cách, dốt nát, vào luồn ra cúi. Đó là các viên quan thị, vua Lê, chúa Trịnh. Tiếng cười của truyện Trạng Quỳnh hướng về chúa Trịnh nhiều hơn cả. Chúa Trịnh hiện ra trong hệ thống truyện Trạng Quỳnh như một kẻ xảo quyệt, gian tham, tàn ác. Với bọn phong kiến phương Bắc, Trạng Quỳnh cũng không hề buông tha, mà đả kích mạnh mẽ vào thói kiêu ngạo, ngang ngược, hợm hĩnh của chúng.\nHệ thống truyện Trạng Quỳnh là một bức tranh chân thực về xã hội Việt Nam đang trên đà mục nát và suy vong. Trạng Quỳnh đã thay mặt nhân dân lao động làm một cuộc “khởi nghĩa” bằng tiếng cười để từ giã chế độ phong kiến suy tàn một cách hài hước nhất.\n', 28000, 'Truyện Trạng Quỳnh (Tái Bản)', 24, 23800, 1, 15),
	(101, 'Jerome K. Jerome', 1, 'Ba Gã Cùng Thuyền (Chưa Kể Con Chó)\nSơ lược về tác phẩm:\n- 1 trong 100 tác phẩm xuất sắc nhất mọi thời đại do NXB Penguin tổ chức bình chọn\n- 1 trong 10 tác phẩm hài hước nhất trong lịch sử theo AbeBooks.\nBọn hắn có bốn mạng (tính cả con chó), và bọn hắn tiến hành chuyến du hành sông Thames để đời này với một lý do chính đáng không để đâu cho hết: để thư giãn. Quả thật, nếu không tính đến sự cứng đầu cứng cổ của mớ hành lý, sự vô ơn của con thuyền, sự quỷ quyệt của cái ấm trà, sự om sòm của bầy thiên nga (v.v. và v.v.) thì ái chà, bọn hắn quả đã được thư giãn thật. Thêm vào đó, bọn hắn còn được biết thế nào là một chuyến du hành đích thực…\nNhờ đó, độc giả có thể ngấu nghiến từng câu từng chữ những câu chuyện ly kỳ hấp dẫn mà gã J. ấy đã vui lòng kể lại, có thể xuýt xoa trước tầng tầng lớp lớp kiến thức văn hóa, lịch sử, địa lý trong tác phẩm, có thể tấm tắc trước văn phong, có thể cười lăn trước những chi tiết khôn lường, có thể vỗ đùi đánh đét mà ngưỡng mộ văn tài của tác giả. Và, xin nhắc độc giả rằng, đây không phải một câu chuyện, đây là bản tường thuật chân thực không thể bỏ lỡ về một chuyến du hành sông nước “độc nhất vô nhị”…\n', 88000, 'Ba Gã Cùng Thuyền (Chưa Kể Con Chó)', 24, 79200, 1, 10),
	(102, 'David Foenkinos', 0, 'Đàn ông sinh ra là dành cho đàn bà, sự thật ấy ai dám chối cãi. Thế mà Hector lại không như thế. Gã sinh ra là để dành cho đồ vật. Bởi gã ấy, từ thuở cha sinh mẹ đẻ, phàm là đồ vật, cái gì gã cũng sưu tầm, từ tem thư, huy hiệu, giấy gói sô cô la đến giấy khai sinh, xiên hoa quả, hộp đựng xà phòng, ngạn ngữ Croatia, vỏ sò Ấn Độ Dương, những thanh âm lúc 5 giờ sáng... (bạn đã chóng mặt chưa?)\nNgười ta cũng nói thế này: “cố quá thành quá cố”. Gã suýt “quá cố” vì cái thú sưu tầm quái gở ấy.Và gã quyết chí: LẤY VỢ! Cái quyết định được kỳ vọng sẽ hướng cuộc đời gã về bến bờ bình yên của hạnh phúc lứa đôi ai ngờ lại đẩy gã vào những tình huống tai quái mới, tất cả đều cùng một nguyên nhân: “CHỈ TẠI VỢ TÔI GỢI TÌNH!”\n“Chỉ tại vợ tôi gợi tình! là một bộ sưu tầm những trang sách buồn cười, nơi cái điên và cái hài tranh chấp nhau từng dòng một. Thậm chí, có lúc còn tằng tịu với nhau!” - La Libération.\n', 54000, 'Chỉ Tại Vợ Tôi Gợi Tình', 12, 45900, 2, 15),
	(103, 'Lê Minh Quốc', 0, 'Lắt Léo Tiếng Việt\n\nTác giả sách này trình bày những nhận xét và bình luận vui về những lắt léo chữ nghĩa đa dạng, phong phú và tinh tế trong tiếng Việt. Là một ngôn ngữ đơn âm tiết, có thanh điệu lại rất nhiều từ gốc Hán nên tiếng Việt có nhiều từ đồng âm, gần âm, đồng nghĩa, gần nghĩa. Nhờ vậy những đầu óc hài hước người Việt tạo ra những cách nói lái, chơi chữ tài tình, lắt léo.', 85000, 'Lắt Léo Tiếng Việt', 24, 72250, 1, 15),
	(104, 'Nguyễn Trọng Báu', 0, 'Truyện Ngụ Ngôn Thế Giới Chọn Lọc - Chiếc Ghế Xấu Hổ\n\nTruyện ngụ ngôn là truyện kể có tính chất thế sự, dùng cách ẩn dụ để thuyết minh cho một chủ đề luân lý, triết lý một quan niệm nhân sinh hay một nhận xét về thực tế xã hội. Mỗi câu chuyện ngụ ngôn mang đến cho không chỉ trẻ em mà còn cả người lớn những bài học quý giá.\n\nBên cạnh nội dung câu chuyện hài hước còn là những bức biếm họa sống động, tái hiện chân dung các con vật một cách vô cùng ngộ nghĩnh, đáng yêu dành cho các bạn nhỏ theo dõi và đón đọc.', 35000, 'Truyện Ngụ Ngôn Thế Giới Chọn Lọc - Chiếc Ghế Xấu Hổ', 15, 29750, 0, 15),
	(106, 'Nguyễn Trọng Báu', 3, 'Truyện Ngụ Ngôn Thế Giới Chọn Lọc - Con Mèo Ngoan Đạo\n\nTruyện ngụ ngôn là truyện kể có tính chất thế sự, dùng cách ẩn dụ để thuyết minh cho một chủ đề luân lý, triết lý một quan niệm nhân sinh hay một nhận xét về thực tế xã hội. Mỗi câu chuyện ngụ ngôn mang đến cho không chỉ trẻ em mà còn cả người lớn những bài học quý giá.\n\nBên cạnh nội dung câu chuyện hài hước còn là những bức biếm họa sống động, tái hiện chân dung các con vật một cách vô cùng ngộ nghĩnh, đáng yêu dành cho các bạn nhỏ theo dõi và đón đọc.', 35000, 'Truyện Ngụ Ngôn Thế Giới Chọn Lọc - Con Mèo Ngoan Đạo', 27, 29750, 2, 15);

-- Dumping structure for table bookstore_spring.book_genre
CREATE TABLE IF NOT EXISTS `book_genre` (
  `id_genre` int(11) NOT NULL,
  `id_book` int(11) NOT NULL,
  KEY `FKccexx241jlwh3220h1vmk3876` (`id_book`),
  KEY `FK7ckoxtsinmmkro0n2kywfk91f` (`id_genre`),
  CONSTRAINT `FK7ckoxtsinmmkro0n2kywfk91f` FOREIGN KEY (`id_genre`) REFERENCES `genre` (`id_genre`),
  CONSTRAINT `FKccexx241jlwh3220h1vmk3876` FOREIGN KEY (`id_book`) REFERENCES `book` (`id_book`)
) ENGINE=InnoDB DEFAULT CHARSET=utf8mb4 COLLATE=utf8mb4_general_ci;

-- Dumping data for table bookstore_spring.book_genre: ~85 rows (approximately)
INSERT INTO `book_genre` (`id_genre`, `id_book`) VALUES
	(36, 24),
	(36, 25),
	(32, 27),
	(33, 27),
	(30, 26),
	(30, 28),
	(36, 30),
	(32, 31),
	(30, 32),
	(36, 33),
	(34, 29),
	(30, 34),
	(36, 35),
	(30, 36),
	(36, 37),
	(36, 38),
	(36, 39),
	(36, 40),
	(36, 42),
	(30, 41),
	(30, 43),
	(30, 44),
	(30, 45),
	(30, 46),
	(32, 47),
	(31, 48),
	(31, 49),
	(32, 50),
	(31, 51),
	(32, 52),
	(33, 52),
	(32, 53),
	(31, 54),
	(31, 55),
	(32, 56),
	(32, 57),
	(31, 58),
	(32, 59),
	(30, 60),
	(32, 60),
	(33, 60),
	(31, 61),
	(32, 62),
	(33, 62),
	(31, 63),
	(33, 64),
	(31, 65),
	(31, 66),
	(33, 67),
	(31, 68),
	(33, 69),
	(31, 71),
	(34, 71),
	(33, 73),
	(33, 72),
	(33, 70),
	(33, 74),
	(33, 75),
	(37, 76),
	(37, 77),
	(37, 78),
	(37, 79),
	(37, 80),
	(37, 81),
	(37, 83),
	(34, 82),
	(37, 84),
	(37, 85),
	(34, 87),
	(37, 86),
	(34, 88),
	(34, 89),
	(34, 90),
	(34, 91),
	(34, 92),
	(34, 94),
	(34, 93),
	(35, 95),
	(35, 96),
	(35, 97),
	(35, 98),
	(35, 99),
	(35, 100),
	(35, 101),
	(35, 102),
	(35, 103),
	(35, 104),
	(35, 106);

-- Dumping structure for table bookstore_spring.cart_item
CREATE TABLE IF NOT EXISTS `cart_item` (
  `id_cart` int(11) NOT NULL AUTO_INCREMENT,
  `quantity` int(11) DEFAULT NULL,
  `id_book` int(11) NOT NULL,
  `id_user` int(11) NOT NULL,
  PRIMARY KEY (`id_cart`),
  KEY `FKgro9mx3jx7wb89bblrw7c8et1` (`id_book`),
  KEY `FKikbqppvx730nfh1pu7av14wr3` (`id_user`),
  CONSTRAINT `FKgro9mx3jx7wb89bblrw7c8et1` FOREIGN KEY (`id_book`) REFERENCES `book` (`id_book`),
  CONSTRAINT `FKikbqppvx730nfh1pu7av14wr3` FOREIGN KEY (`id_user`) REFERENCES `user` (`id_user`)
) ENGINE=InnoDB AUTO_INCREMENT=220 DEFAULT CHARSET=utf8mb4 COLLATE=utf8mb4_general_ci;

-- Dumping data for table bookstore_spring.cart_item: ~3 rows (approximately)
INSERT INTO `cart_item` (`id_cart`, `quantity`, `id_book`, `id_user`) VALUES
	(210, 1, 76, 19),
	(211, 1, 85, 19),
	(212, 1, 68, 19);

-- Dumping structure for table bookstore_spring.delivery
CREATE TABLE IF NOT EXISTS `delivery` (
  `id_delivery` int(11) NOT NULL AUTO_INCREMENT,
  `description` varchar(255) DEFAULT NULL,
  `fee_delivery` double DEFAULT NULL,
  `name_delivery` varchar(255) DEFAULT NULL,
  PRIMARY KEY (`id_delivery`)
) ENGINE=InnoDB AUTO_INCREMENT=3 DEFAULT CHARSET=utf8mb4 COLLATE=utf8mb4_general_ci;

-- Dumping data for table bookstore_spring.delivery: ~2 rows (approximately)
INSERT INTO `delivery` (`id_delivery`, `description`, `fee_delivery`, `name_delivery`) VALUES
	(1, 'Giao hàng tận nơi', 10000, 'Giao hàng tận nơi'),
	(2, 'Tự lấy hàng tại cửa hàng', 0, 'Tự lấy hàng tại cửa hàng');

-- Dumping structure for table bookstore_spring.favorite_book
CREATE TABLE IF NOT EXISTS `favorite_book` (
  `id_favorite_book` int(11) NOT NULL AUTO_INCREMENT,
  `id_book` int(11) NOT NULL,
  `id_user` int(11) NOT NULL,
  PRIMARY KEY (`id_favorite_book`),
  KEY `FKd0ii2tni6ggex4yybv1m6hknv` (`id_book`),
  KEY `FK5jdrqm587h8wxmxeu32oca2f5` (`id_user`),
  CONSTRAINT `FK5jdrqm587h8wxmxeu32oca2f5` FOREIGN KEY (`id_user`) REFERENCES `user` (`id_user`),
  CONSTRAINT `FKd0ii2tni6ggex4yybv1m6hknv` FOREIGN KEY (`id_book`) REFERENCES `book` (`id_book`)
) ENGINE=InnoDB AUTO_INCREMENT=33 DEFAULT CHARSET=utf8mb4 COLLATE=utf8mb4_general_ci;

-- Dumping data for table bookstore_spring.favorite_book: ~7 rows (approximately)
INSERT INTO `favorite_book` (`id_favorite_book`, `id_book`, `id_user`) VALUES
	(17, 24, 19),
	(20, 54, 19),
	(22, 66, 19),
	(23, 100, 19),
	(24, 103, 19),
	(25, 101, 18),
	(32, 58, 18);

-- Dumping structure for table bookstore_spring.feedback
CREATE TABLE IF NOT EXISTS `feedback` (
  `id_feedback` int(11) NOT NULL AUTO_INCREMENT,
  `comment` varchar(255) DEFAULT NULL,
  `date_created` date DEFAULT NULL,
  `title` varchar(255) DEFAULT NULL,
  `id_user` int(11) NOT NULL,
  `is_readed` bit(1) DEFAULT NULL,
  PRIMARY KEY (`id_feedback`),
  KEY `FKiymqqp517nmqvubr9ye5rlrf1` (`id_user`),
  CONSTRAINT `FKiymqqp517nmqvubr9ye5rlrf1` FOREIGN KEY (`id_user`) REFERENCES `user` (`id_user`)
) ENGINE=InnoDB AUTO_INCREMENT=6 DEFAULT CHARSET=utf8mb4 COLLATE=utf8mb4_general_ci;

-- Dumping data for table bookstore_spring.feedback: ~4 rows (approximately)
INSERT INTO `feedback` (`id_feedback`, `comment`, `date_created`, `title`, `id_user`, `is_readed`) VALUES
	(1, 'Tôi thấy web bạn vẫn còn nhiều lỗi hãy fix lại đi', '2023-11-14', 'Thấy chưa hoàn hảo', 1, b'1'),
	(2, 'Ở chỗ mua hàng đang bị lỗi hãy fix dùm tôi', '2023-11-14', 'Lỗi', 18, b'1'),
	(3, 'Chỗ kia bị lôi rồi', '2023-11-17', 'Chỗ kia bị lôi rồi', 18, b'1'),
	(4, 'treo đầu dê bán thịt chó\\n', '2023-11-18', 'Sách cũ bán giá mới', 18, b'1'),
	(5, 'Giờ cao điểm chờ rất là lâu', '2023-11-21', 'app hơi chậm', 33, b'0');

-- Dumping structure for table bookstore_spring.genre
CREATE TABLE IF NOT EXISTS `genre` (
  `id_genre` int(11) NOT NULL AUTO_INCREMENT,
  `name_genre` varchar(255) DEFAULT NULL,
  PRIMARY KEY (`id_genre`)
) ENGINE=InnoDB AUTO_INCREMENT=38 DEFAULT CHARSET=utf8mb4 COLLATE=utf8mb4_general_ci;

-- Dumping data for table bookstore_spring.genre: ~8 rows (approximately)
INSERT INTO `genre` (`id_genre`, `name_genre`) VALUES
	(30, 'Tiểu thuyết'),
	(31, 'Truyện ngắn'),
	(32, 'Trinh thám'),
	(33, 'Kinh dị'),
	(34, 'Ngôn tình'),
	(35, 'Truyện cười'),
	(36, 'Tuổi teen'),
	(37, 'Giáo trình');

-- Dumping structure for table bookstore_spring.image
CREATE TABLE IF NOT EXISTS `image` (
  `id_image` int(11) NOT NULL AUTO_INCREMENT,
  `data_image` longtext DEFAULT NULL,
  `is_thumbnail` bit(1) DEFAULT NULL,
  `name_image` varchar(255) DEFAULT NULL,
  `url_image` varchar(255) DEFAULT NULL,
  `id_book` int(11) NOT NULL,
  PRIMARY KEY (`id_image`),
  KEY `FKfx3b7c01e7d3iw8n6s7y9lsi5` (`id_book`),
  CONSTRAINT `FKfx3b7c01e7d3iw8n6s7y9lsi5` FOREIGN KEY (`id_book`) REFERENCES `book` (`id_book`)
) ENGINE=InnoDB AUTO_INCREMENT=397 DEFAULT CHARSET=utf8mb4 COLLATE=utf8mb4_general_ci;

-- Dumping data for table bookstore_spring.image: ~332 rows (approximately)
INSERT INTO `image` (`id_image`, `data_image`, `is_thumbnail`, `name_image`, `url_image`, `id_book`) VALUES
	(58, NULL, b'1', NULL, 'http://res.cloudinary.com/dhqu0tjno/image/upload/v1700574099/Book_24.jpg', 24),
	(60, NULL, b'1', NULL, 'http://res.cloudinary.com/dhqu0tjno/image/upload/v1700574526/Book_25.jpg', 25),
	(61, NULL, b'0', NULL, 'http://res.cloudinary.com/dhqu0tjno/image/upload/v1700574529/Book_25.0.jpg', 25),
	(62, NULL, b'0', NULL, 'http://res.cloudinary.com/dhqu0tjno/image/upload/v1700574531/Book_25.1.jpg', 25),
	(63, NULL, b'0', NULL, 'http://res.cloudinary.com/dhqu0tjno/image/upload/v1700574534/Book_25.2.jpg', 25),
	(64, NULL, b'0', NULL, 'http://res.cloudinary.com/dhqu0tjno/image/upload/v1700574537/Book_25.3.jpg', 25),
	(65, NULL, b'0', NULL, 'http://res.cloudinary.com/dhqu0tjno/image/upload/v1700574540/Book_25.4.jpg', 25),
	(66, NULL, b'1', NULL, 'http://res.cloudinary.com/dhqu0tjno/image/upload/v1700574572/Book_27.jpg', 27),
	(67, NULL, b'0', NULL, 'http://res.cloudinary.com/dhqu0tjno/image/upload/v1700574574/Book_27.0.jpg', 27),
	(68, NULL, b'1', NULL, 'http://res.cloudinary.com/dhqu0tjno/image/upload/v1700574571/Book_26.jpg', 26),
	(69, NULL, b'0', NULL, 'http://res.cloudinary.com/dhqu0tjno/image/upload/v1700574573/Book_26.0.jpg', 26),
	(70, NULL, b'0', NULL, 'http://res.cloudinary.com/dhqu0tjno/image/upload/v1700574575/Book_26.1.jpg', 26),
	(71, NULL, b'0', NULL, 'http://res.cloudinary.com/dhqu0tjno/image/upload/v1700574578/Book_26.2.jpg', 26),
	(72, NULL, b'0', NULL, 'http://res.cloudinary.com/dhqu0tjno/image/upload/v1700574580/Book_26.3.jpg', 26),
	(73, NULL, b'1', NULL, 'http://res.cloudinary.com/dhqu0tjno/image/upload/v1700574769/Book_28.jpg', 28),
	(74, NULL, b'0', NULL, 'http://res.cloudinary.com/dhqu0tjno/image/upload/v1700574772/Book_28.0.jpg', 28),
	(75, NULL, b'0', NULL, 'http://res.cloudinary.com/dhqu0tjno/image/upload/v1700574776/Book_28.1.jpg', 28),
	(76, NULL, b'1', NULL, 'http://res.cloudinary.com/dhqu0tjno/image/upload/v1700574949/Book_29.jpg', 29),
	(77, NULL, b'0', NULL, 'http://res.cloudinary.com/dhqu0tjno/image/upload/v1700574951/Book_29.0.jpg', 29),
	(78, NULL, b'0', NULL, 'http://res.cloudinary.com/dhqu0tjno/image/upload/v1700574954/Book_29.1.jpg', 29),
	(79, NULL, b'0', NULL, 'http://res.cloudinary.com/dhqu0tjno/image/upload/v1700574956/Book_29.2.jpg', 29),
	(80, NULL, b'0', NULL, 'http://res.cloudinary.com/dhqu0tjno/image/upload/v1700574958/Book_29.3.jpg', 29),
	(81, NULL, b'0', NULL, 'http://res.cloudinary.com/dhqu0tjno/image/upload/v1700574960/Book_29.4.jpg', 29),
	(82, NULL, b'1', NULL, 'http://res.cloudinary.com/dhqu0tjno/image/upload/v1700574987/Book_30.jpg', 30),
	(83, NULL, b'0', NULL, 'http://res.cloudinary.com/dhqu0tjno/image/upload/v1700574989/Book_30.0.jpg', 30),
	(84, NULL, b'0', NULL, 'http://res.cloudinary.com/dhqu0tjno/image/upload/v1700574991/Book_30.1.jpg', 30),
	(85, NULL, b'0', NULL, 'http://res.cloudinary.com/dhqu0tjno/image/upload/v1700574993/Book_30.2.jpg', 30),
	(86, NULL, b'0', NULL, 'http://res.cloudinary.com/dhqu0tjno/image/upload/v1700574995/Book_30.3.jpg', 30),
	(87, NULL, b'0', NULL, 'http://res.cloudinary.com/dhqu0tjno/image/upload/v1700574998/Book_30.4.jpg', 30),
	(88, NULL, b'1', NULL, 'http://res.cloudinary.com/dhqu0tjno/image/upload/v1700575001/Book_31.jpg', 31),
	(89, NULL, b'0', NULL, 'http://res.cloudinary.com/dhqu0tjno/image/upload/v1700575004/Book_31.0.png', 31),
	(90, NULL, b'0', NULL, 'http://res.cloudinary.com/dhqu0tjno/image/upload/v1700575009/Book_31.1.png', 31),
	(91, NULL, b'0', NULL, 'http://res.cloudinary.com/dhqu0tjno/image/upload/v1700575012/Book_31.2.png', 31),
	(92, NULL, b'1', NULL, 'http://res.cloudinary.com/dhqu0tjno/image/upload/v1700575013/Book_32.jpg', 32),
	(93, NULL, b'0', NULL, 'http://res.cloudinary.com/dhqu0tjno/image/upload/v1700575015/Book_32.0.jpg', 32),
	(94, NULL, b'0', NULL, 'http://res.cloudinary.com/dhqu0tjno/image/upload/v1700575017/Book_32.1.jpg', 32),
	(95, NULL, b'0', NULL, 'http://res.cloudinary.com/dhqu0tjno/image/upload/v1700575019/Book_32.2.jpg', 32),
	(96, NULL, b'0', NULL, 'http://res.cloudinary.com/dhqu0tjno/image/upload/v1700575021/Book_32.3.jpg', 32),
	(97, NULL, b'0', NULL, 'http://res.cloudinary.com/dhqu0tjno/image/upload/v1700575024/Book_32.4.jpg', 32),
	(98, NULL, b'1', NULL, 'http://res.cloudinary.com/dhqu0tjno/image/upload/v1700575108/Book_33.jpg', 33),
	(99, NULL, b'0', NULL, 'http://res.cloudinary.com/dhqu0tjno/image/upload/v1700575110/Book_33.0.jpg', 33),
	(100, NULL, b'0', NULL, 'http://res.cloudinary.com/dhqu0tjno/image/upload/v1700575113/Book_33.1.jpg', 33),
	(101, NULL, b'0', NULL, 'http://res.cloudinary.com/dhqu0tjno/image/upload/v1700575116/Book_33.2.jpg', 33),
	(102, NULL, b'1', NULL, 'http://res.cloudinary.com/dhqu0tjno/image/upload/v1700575237/Book_34.jpg', 34),
	(103, NULL, b'0', NULL, 'http://res.cloudinary.com/dhqu0tjno/image/upload/v1700575240/Book_34.0.jpg', 34),
	(104, NULL, b'0', NULL, 'http://res.cloudinary.com/dhqu0tjno/image/upload/v1700575243/Book_34.1.jpg', 34),
	(105, NULL, b'0', NULL, 'http://res.cloudinary.com/dhqu0tjno/image/upload/v1700575245/Book_34.2.jpg', 34),
	(106, NULL, b'1', NULL, 'http://res.cloudinary.com/dhqu0tjno/image/upload/v1700575246/Book_35.jpg', 35),
	(107, NULL, b'0', NULL, 'http://res.cloudinary.com/dhqu0tjno/image/upload/v1700575249/Book_35.0.jpg', 35),
	(108, NULL, b'0', NULL, 'http://res.cloudinary.com/dhqu0tjno/image/upload/v1700575252/Book_35.1.jpg', 35),
	(109, NULL, b'0', NULL, 'http://res.cloudinary.com/dhqu0tjno/image/upload/v1700575255/Book_35.2.jpg', 35),
	(110, NULL, b'0', NULL, 'http://res.cloudinary.com/dhqu0tjno/image/upload/v1700575258/Book_35.3.jpg', 35),
	(111, NULL, b'0', NULL, 'http://res.cloudinary.com/dhqu0tjno/image/upload/v1700575261/Book_35.4.jpg', 35),
	(112, NULL, b'1', NULL, 'http://res.cloudinary.com/dhqu0tjno/image/upload/v1700576764/Book_36.jpg', 36),
	(113, NULL, b'0', NULL, 'http://res.cloudinary.com/dhqu0tjno/image/upload/v1700576768/Book_36.0.jpg', 36),
	(114, NULL, b'0', NULL, 'http://res.cloudinary.com/dhqu0tjno/image/upload/v1700576771/Book_36.1.jpg', 36),
	(115, NULL, b'1', NULL, 'http://res.cloudinary.com/dhqu0tjno/image/upload/v1700576775/Book_37.jpg', 37),
	(116, NULL, b'1', NULL, 'http://res.cloudinary.com/dhqu0tjno/image/upload/v1700576915/Book_38.jpg', 38),
	(117, NULL, b'1', NULL, 'http://res.cloudinary.com/dhqu0tjno/image/upload/v1700576977/Book_39.jpg', 39),
	(118, NULL, b'1', NULL, 'http://res.cloudinary.com/dhqu0tjno/image/upload/v1700577086/Book_40.jpg', 40),
	(119, NULL, b'0', NULL, 'http://res.cloudinary.com/dhqu0tjno/image/upload/v1700577088/Book_40.0.jpg', 40),
	(120, NULL, b'0', NULL, 'http://res.cloudinary.com/dhqu0tjno/image/upload/v1700577090/Book_40.1.jpg', 40),
	(121, NULL, b'0', NULL, 'http://res.cloudinary.com/dhqu0tjno/image/upload/v1700577093/Book_40.2.jpg', 40),
	(122, NULL, b'0', NULL, 'http://res.cloudinary.com/dhqu0tjno/image/upload/v1700577097/Book_40.3.jpg', 40),
	(123, NULL, b'0', NULL, 'http://res.cloudinary.com/dhqu0tjno/image/upload/v1700577099/Book_40.4.jpg', 40),
	(124, NULL, b'1', NULL, 'http://res.cloudinary.com/dhqu0tjno/image/upload/v1700577103/Book_41.jpg', 41),
	(125, NULL, b'1', NULL, 'http://res.cloudinary.com/dhqu0tjno/image/upload/v1700577172/Book_42.jpg', 42),
	(126, NULL, b'1', NULL, 'http://res.cloudinary.com/dhqu0tjno/image/upload/v1700579059/Book_43.jpg', 43),
	(127, NULL, b'0', NULL, 'http://res.cloudinary.com/dhqu0tjno/image/upload/v1700579061/Book_43.0.jpg', 43),
	(128, NULL, b'0', NULL, 'http://res.cloudinary.com/dhqu0tjno/image/upload/v1700579064/Book_43.1.jpg', 43),
	(129, NULL, b'0', NULL, 'http://res.cloudinary.com/dhqu0tjno/image/upload/v1700579080/Book_43.2.jpg', 43),
	(130, NULL, b'0', NULL, 'http://res.cloudinary.com/dhqu0tjno/image/upload/v1700579085/Book_43.3.jpg', 43),
	(131, NULL, b'1', NULL, 'http://res.cloudinary.com/dhqu0tjno/image/upload/v1700579226/Book_44.jpg', 44),
	(132, NULL, b'1', NULL, 'http://res.cloudinary.com/dhqu0tjno/image/upload/v1700580751/Book_45.jpg', 45),
	(133, NULL, b'0', NULL, 'http://res.cloudinary.com/dhqu0tjno/image/upload/v1700580752/Book_45.0.jpg', 45),
	(134, NULL, b'0', NULL, 'http://res.cloudinary.com/dhqu0tjno/image/upload/v1700580754/Book_45.1.jpg', 45),
	(135, NULL, b'0', NULL, 'http://res.cloudinary.com/dhqu0tjno/image/upload/v1700580755/Book_45.2.jpg', 45),
	(136, NULL, b'0', NULL, 'http://res.cloudinary.com/dhqu0tjno/image/upload/v1700580757/Book_45.3.jpg', 45),
	(137, NULL, b'1', NULL, 'http://res.cloudinary.com/dhqu0tjno/image/upload/v1700580851/Book_46.jpg', 46),
	(138, NULL, b'0', NULL, 'http://res.cloudinary.com/dhqu0tjno/image/upload/v1700580854/Book_46.0.jpg', 46),
	(139, NULL, b'0', NULL, 'http://res.cloudinary.com/dhqu0tjno/image/upload/v1700580856/Book_46.1.jpg', 46),
	(140, NULL, b'0', NULL, 'http://res.cloudinary.com/dhqu0tjno/image/upload/v1700580858/Book_46.2.jpg', 46),
	(141, NULL, b'0', NULL, 'http://res.cloudinary.com/dhqu0tjno/image/upload/v1700580861/Book_46.3.jpg', 46),
	(142, NULL, b'1', NULL, 'http://res.cloudinary.com/dhqu0tjno/image/upload/v1700581007/Book_47.jpg', 47),
	(143, NULL, b'0', NULL, 'http://res.cloudinary.com/dhqu0tjno/image/upload/v1700581012/Book_47.0.png', 47),
	(144, NULL, b'0', NULL, 'http://res.cloudinary.com/dhqu0tjno/image/upload/v1700581016/Book_47.1.png', 47),
	(145, NULL, b'0', NULL, 'http://res.cloudinary.com/dhqu0tjno/image/upload/v1700581021/Book_47.2.png', 47),
	(146, NULL, b'0', NULL, 'http://res.cloudinary.com/dhqu0tjno/image/upload/v1700581026/Book_47.3.png', 47),
	(147, NULL, b'0', NULL, 'http://res.cloudinary.com/dhqu0tjno/image/upload/v1700581031/Book_47.4.png', 47),
	(148, NULL, b'1', NULL, 'http://res.cloudinary.com/dhqu0tjno/image/upload/v1700581096/Book_48.jpg', 48),
	(149, NULL, b'0', NULL, 'http://res.cloudinary.com/dhqu0tjno/image/upload/v1700581100/Book_48.0.png', 48),
	(150, NULL, b'0', NULL, 'http://res.cloudinary.com/dhqu0tjno/image/upload/v1700581104/Book_48.1.png', 48),
	(151, NULL, b'0', NULL, 'http://res.cloudinary.com/dhqu0tjno/image/upload/v1700581108/Book_48.2.png', 48),
	(152, NULL, b'0', NULL, 'http://res.cloudinary.com/dhqu0tjno/image/upload/v1700581112/Book_48.3.jpg', 48),
	(153, NULL, b'1', NULL, 'http://res.cloudinary.com/dhqu0tjno/image/upload/v1700581286/Book_49.jpg', 49),
	(154, NULL, b'0', NULL, 'http://res.cloudinary.com/dhqu0tjno/image/upload/v1700581289/Book_49.0.jpg', 49),
	(155, NULL, b'0', NULL, 'http://res.cloudinary.com/dhqu0tjno/image/upload/v1700581291/Book_49.1.jpg', 49),
	(156, NULL, b'0', NULL, 'http://res.cloudinary.com/dhqu0tjno/image/upload/v1700581294/Book_49.2.jpg', 49),
	(157, NULL, b'0', NULL, 'http://res.cloudinary.com/dhqu0tjno/image/upload/v1700581297/Book_49.3.jpg', 49),
	(158, NULL, b'1', NULL, 'http://res.cloudinary.com/dhqu0tjno/image/upload/v1700581342/Book_50.jpg', 50),
	(159, NULL, b'0', NULL, 'http://res.cloudinary.com/dhqu0tjno/image/upload/v1700581345/Book_50.0.jpg', 50),
	(160, NULL, b'0', NULL, 'http://res.cloudinary.com/dhqu0tjno/image/upload/v1700581347/Book_50.1.jpg', 50),
	(161, NULL, b'0', NULL, 'http://res.cloudinary.com/dhqu0tjno/image/upload/v1700581350/Book_50.2.jpg', 50),
	(162, NULL, b'0', NULL, 'http://res.cloudinary.com/dhqu0tjno/image/upload/v1700581353/Book_50.3.jpg', 50),
	(163, NULL, b'0', NULL, 'http://res.cloudinary.com/dhqu0tjno/image/upload/v1700581356/Book_50.4.jpg', 50),
	(164, NULL, b'1', NULL, 'http://res.cloudinary.com/dhqu0tjno/image/upload/v1700581474/Book_51.jpg', 51),
	(165, NULL, b'0', NULL, 'http://res.cloudinary.com/dhqu0tjno/image/upload/v1700581476/Book_51.0.png', 51),
	(166, NULL, b'0', NULL, 'http://res.cloudinary.com/dhqu0tjno/image/upload/v1700581478/Book_51.1.png', 51),
	(167, NULL, b'0', NULL, 'http://res.cloudinary.com/dhqu0tjno/image/upload/v1700581479/Book_51.2.png', 51),
	(168, NULL, b'0', NULL, 'http://res.cloudinary.com/dhqu0tjno/image/upload/v1700581481/Book_51.3.png', 51),
	(169, NULL, b'1', NULL, 'http://res.cloudinary.com/dhqu0tjno/image/upload/v1700581540/Book_52.jpg', 52),
	(170, NULL, b'0', NULL, 'http://res.cloudinary.com/dhqu0tjno/image/upload/v1700581543/Book_52.0.jpg', 52),
	(171, NULL, b'0', NULL, 'http://res.cloudinary.com/dhqu0tjno/image/upload/v1700581545/Book_52.1.jpg', 52),
	(172, NULL, b'0', NULL, 'http://res.cloudinary.com/dhqu0tjno/image/upload/v1700581548/Book_52.2.jpg', 52),
	(173, NULL, b'1', NULL, 'http://res.cloudinary.com/dhqu0tjno/image/upload/v1700581620/Book_53.jpg', 53),
	(174, NULL, b'1', NULL, 'http://res.cloudinary.com/dhqu0tjno/image/upload/v1700581627/Book_54.jpg', 54),
	(175, NULL, b'0', NULL, 'http://res.cloudinary.com/dhqu0tjno/image/upload/v1700581633/Book_54.0.jpg', 54),
	(176, NULL, b'0', NULL, 'http://res.cloudinary.com/dhqu0tjno/image/upload/v1700581636/Book_54.1.jpg', 54),
	(177, NULL, b'0', NULL, 'http://res.cloudinary.com/dhqu0tjno/image/upload/v1700581639/Book_54.2.jpg', 54),
	(178, NULL, b'0', NULL, 'http://res.cloudinary.com/dhqu0tjno/image/upload/v1700581643/Book_54.3.jpg', 54),
	(179, NULL, b'1', NULL, 'http://res.cloudinary.com/dhqu0tjno/image/upload/v1700581795/Book_55.jpg', 55),
	(180, NULL, b'0', NULL, 'http://res.cloudinary.com/dhqu0tjno/image/upload/v1700581798/Book_55.0.png', 55),
	(181, NULL, b'0', NULL, 'http://res.cloudinary.com/dhqu0tjno/image/upload/v1700581801/Book_55.1.jpg', 55),
	(182, NULL, b'0', NULL, 'http://res.cloudinary.com/dhqu0tjno/image/upload/v1700581804/Book_55.2.jpg', 55),
	(183, NULL, b'0', NULL, 'http://res.cloudinary.com/dhqu0tjno/image/upload/v1700581808/Book_55.3.jpg', 55),
	(184, NULL, b'1', NULL, 'http://res.cloudinary.com/dhqu0tjno/image/upload/v1700581808/Book_56.jpg', 56),
	(185, NULL, b'0', NULL, 'http://res.cloudinary.com/dhqu0tjno/image/upload/v1700581810/Book_56.0.jpg', 56),
	(186, NULL, b'0', NULL, 'http://res.cloudinary.com/dhqu0tjno/image/upload/v1700581812/Book_56.1.jpg', 56),
	(187, NULL, b'0', NULL, 'http://res.cloudinary.com/dhqu0tjno/image/upload/v1700581814/Book_56.2.jpg', 56),
	(188, NULL, b'0', NULL, 'http://res.cloudinary.com/dhqu0tjno/image/upload/v1700581817/Book_56.3.jpg', 56),
	(189, NULL, b'0', NULL, 'http://res.cloudinary.com/dhqu0tjno/image/upload/v1700581819/Book_56.4.jpg', 56),
	(190, NULL, b'1', NULL, 'http://res.cloudinary.com/dhqu0tjno/image/upload/v1700581910/Book_57.jpg', 57),
	(191, NULL, b'1', NULL, 'http://res.cloudinary.com/dhqu0tjno/image/upload/v1700581954/Book_58.jpg', 58),
	(192, NULL, b'0', NULL, 'http://res.cloudinary.com/dhqu0tjno/image/upload/v1700581958/Book_58.0.jpg', 58),
	(193, NULL, b'0', NULL, 'http://res.cloudinary.com/dhqu0tjno/image/upload/v1700581962/Book_58.1.jpg', 58),
	(194, NULL, b'0', NULL, 'http://res.cloudinary.com/dhqu0tjno/image/upload/v1700581965/Book_58.2.jpg', 58),
	(195, NULL, b'0', NULL, 'http://res.cloudinary.com/dhqu0tjno/image/upload/v1700581968/Book_58.3.jpg', 58),
	(196, NULL, b'1', NULL, 'http://res.cloudinary.com/dhqu0tjno/image/upload/v1700581998/Book_59.jpg', 59),
	(197, NULL, b'0', NULL, 'http://res.cloudinary.com/dhqu0tjno/image/upload/v1700582002/Book_59.0.jpg', 59),
	(198, NULL, b'0', NULL, 'http://res.cloudinary.com/dhqu0tjno/image/upload/v1700582006/Book_59.1.jpg', 59),
	(199, NULL, b'1', NULL, 'http://res.cloudinary.com/dhqu0tjno/image/upload/v1700582108/Book_60.jpg', 60),
	(200, NULL, b'0', NULL, 'http://res.cloudinary.com/dhqu0tjno/image/upload/v1700582111/Book_60.0.jpg', 60),
	(201, NULL, b'0', NULL, 'http://res.cloudinary.com/dhqu0tjno/image/upload/v1700582114/Book_60.1.jpg', 60),
	(202, NULL, b'0', NULL, 'http://res.cloudinary.com/dhqu0tjno/image/upload/v1700582118/Book_60.2.jpg', 60),
	(203, NULL, b'1', NULL, 'http://res.cloudinary.com/dhqu0tjno/image/upload/v1700582175/Book_61.jpg', 61),
	(204, NULL, b'0', NULL, 'http://res.cloudinary.com/dhqu0tjno/image/upload/v1700582178/Book_61.0.png', 61),
	(205, NULL, b'0', NULL, 'http://res.cloudinary.com/dhqu0tjno/image/upload/v1700582181/Book_61.1.jpg', 61),
	(206, NULL, b'0', NULL, 'http://res.cloudinary.com/dhqu0tjno/image/upload/v1700582183/Book_61.2.jpg', 61),
	(207, NULL, b'0', NULL, 'http://res.cloudinary.com/dhqu0tjno/image/upload/v1700582186/Book_61.3.jpg', 61),
	(208, NULL, b'1', NULL, 'http://res.cloudinary.com/dhqu0tjno/image/upload/v1700582256/Book_62.jpg', 62),
	(209, NULL, b'0', NULL, 'http://res.cloudinary.com/dhqu0tjno/image/upload/v1700582260/Book_62.0.jpg', 62),
	(210, NULL, b'1', NULL, 'http://res.cloudinary.com/dhqu0tjno/image/upload/v1700582329/Book_63.jpg', 63),
	(211, NULL, b'0', NULL, 'http://res.cloudinary.com/dhqu0tjno/image/upload/v1700582332/Book_63.0.jpg', 63),
	(212, NULL, b'0', NULL, 'http://res.cloudinary.com/dhqu0tjno/image/upload/v1700582335/Book_63.1.jpg', 63),
	(213, NULL, b'0', NULL, 'http://res.cloudinary.com/dhqu0tjno/image/upload/v1700582338/Book_63.2.jpg', 63),
	(214, NULL, b'0', NULL, 'http://res.cloudinary.com/dhqu0tjno/image/upload/v1700582341/Book_63.3.jpg', 63),
	(215, NULL, b'1', NULL, 'http://res.cloudinary.com/dhqu0tjno/image/upload/v1700582374/Book_64.jpg', 64),
	(216, NULL, b'0', NULL, 'http://res.cloudinary.com/dhqu0tjno/image/upload/v1700582377/Book_64.0.jpg', 64),
	(217, NULL, b'0', NULL, 'http://res.cloudinary.com/dhqu0tjno/image/upload/v1700582380/Book_64.1.jpg', 64),
	(218, NULL, b'1', NULL, 'http://res.cloudinary.com/dhqu0tjno/image/upload/v1700582488/Book_65.jpg', 65),
	(219, NULL, b'0', NULL, 'http://res.cloudinary.com/dhqu0tjno/image/upload/v1700582490/Book_65.0.jpg', 65),
	(220, NULL, b'0', NULL, 'http://res.cloudinary.com/dhqu0tjno/image/upload/v1700582492/Book_65.1.jpg', 65),
	(221, NULL, b'0', NULL, 'http://res.cloudinary.com/dhqu0tjno/image/upload/v1700582494/Book_65.2.jpg', 65),
	(222, NULL, b'0', NULL, 'http://res.cloudinary.com/dhqu0tjno/image/upload/v1700582497/Book_65.3.jpg', 65),
	(223, NULL, b'1', NULL, 'http://res.cloudinary.com/dhqu0tjno/image/upload/v1700582620/Book_66.jpg', 66),
	(224, NULL, b'0', NULL, 'http://res.cloudinary.com/dhqu0tjno/image/upload/v1700582623/Book_66.0.jpg', 66),
	(225, NULL, b'0', NULL, 'http://res.cloudinary.com/dhqu0tjno/image/upload/v1700582625/Book_66.1.jpg', 66),
	(226, NULL, b'0', NULL, 'http://res.cloudinary.com/dhqu0tjno/image/upload/v1700582627/Book_66.2.jpg', 66),
	(227, NULL, b'0', NULL, 'http://res.cloudinary.com/dhqu0tjno/image/upload/v1700582630/Book_66.3.jpg', 66),
	(228, NULL, b'1', NULL, 'http://res.cloudinary.com/dhqu0tjno/image/upload/v1700582630/Book_67.jpg', 67),
	(229, NULL, b'1', NULL, 'http://res.cloudinary.com/dhqu0tjno/image/upload/v1700582749/Book_68.jpg', 68),
	(230, NULL, b'0', NULL, 'http://res.cloudinary.com/dhqu0tjno/image/upload/v1700582752/Book_68.0.jpg', 68),
	(231, NULL, b'0', NULL, 'http://res.cloudinary.com/dhqu0tjno/image/upload/v1700582755/Book_68.1.jpg', 68),
	(232, NULL, b'1', NULL, 'http://res.cloudinary.com/dhqu0tjno/image/upload/v1700582768/Book_69.jpg', 69),
	(233, NULL, b'0', NULL, 'http://res.cloudinary.com/dhqu0tjno/image/upload/v1700582770/Book_69.0.jpg', 69),
	(234, NULL, b'0', NULL, 'http://res.cloudinary.com/dhqu0tjno/image/upload/v1700582773/Book_69.1.jpg', 69),
	(235, NULL, b'1', NULL, 'http://res.cloudinary.com/dhqu0tjno/image/upload/v1700582829/Book_70.jpg', 70),
	(236, NULL, b'1', NULL, 'http://res.cloudinary.com/dhqu0tjno/image/upload/v1700582915/Book_72.jpg', 72),
	(237, NULL, b'0', NULL, 'http://res.cloudinary.com/dhqu0tjno/image/upload/v1700582918/Book_72.0.jpg', 72),
	(238, NULL, b'0', NULL, 'http://res.cloudinary.com/dhqu0tjno/image/upload/v1700582921/Book_72.1.jpg', 72),
	(239, NULL, b'0', NULL, 'http://res.cloudinary.com/dhqu0tjno/image/upload/v1700582925/Book_72.2.jpg', 72),
	(240, NULL, b'0', NULL, 'http://res.cloudinary.com/dhqu0tjno/image/upload/v1700582928/Book_72.3.jpg', 72),
	(241, NULL, b'1', NULL, 'http://res.cloudinary.com/dhqu0tjno/image/upload/v1700582913/Book_71.jpg', 71),
	(242, NULL, b'0', NULL, 'http://res.cloudinary.com/dhqu0tjno/image/upload/v1700582917/Book_71.0.png', 71),
	(243, NULL, b'0', NULL, 'http://res.cloudinary.com/dhqu0tjno/image/upload/v1700582922/Book_71.1.png', 71),
	(244, NULL, b'0', NULL, 'http://res.cloudinary.com/dhqu0tjno/image/upload/v1700582928/Book_71.2.png', 71),
	(245, NULL, b'0', NULL, 'http://res.cloudinary.com/dhqu0tjno/image/upload/v1700582932/Book_71.3.png', 71),
	(246, NULL, b'1', NULL, 'http://res.cloudinary.com/dhqu0tjno/image/upload/v1700583000/Book_73.jpg', 73),
	(247, NULL, b'1', NULL, 'http://res.cloudinary.com/dhqu0tjno/image/upload/v1700583106/Book_74.jpg', 74),
	(248, NULL, b'0', NULL, 'http://res.cloudinary.com/dhqu0tjno/image/upload/v1700583109/Book_74.0.jpg', 74),
	(249, NULL, b'0', NULL, 'http://res.cloudinary.com/dhqu0tjno/image/upload/v1700583111/Book_74.1.jpg', 74),
	(250, NULL, b'0', NULL, 'http://res.cloudinary.com/dhqu0tjno/image/upload/v1700583113/Book_74.2.jpg', 74),
	(251, NULL, b'1', NULL, 'http://res.cloudinary.com/dhqu0tjno/image/upload/v1700583201/Book_75.jpg', 75),
	(252, NULL, b'0', NULL, 'http://res.cloudinary.com/dhqu0tjno/image/upload/v1700583203/Book_75.0.jpg', 75),
	(253, NULL, b'0', NULL, 'http://res.cloudinary.com/dhqu0tjno/image/upload/v1700583206/Book_75.1.jpg', 75),
	(254, NULL, b'1', NULL, 'http://res.cloudinary.com/dhqu0tjno/image/upload/v1700640878/Book_76.jpg', 76),
	(255, NULL, b'0', NULL, 'http://res.cloudinary.com/dhqu0tjno/image/upload/v1700640880/Book_76.0.jpg', 76),
	(256, NULL, b'0', NULL, 'http://res.cloudinary.com/dhqu0tjno/image/upload/v1700640882/Book_76.1.jpg', 76),
	(257, NULL, b'0', NULL, 'http://res.cloudinary.com/dhqu0tjno/image/upload/v1700640884/Book_76.2.jpg', 76),
	(258, NULL, b'0', NULL, 'http://res.cloudinary.com/dhqu0tjno/image/upload/v1700640886/Book_76.3.jpg', 76),
	(259, NULL, b'0', NULL, 'http://res.cloudinary.com/dhqu0tjno/image/upload/v1700640888/Book_76.4.jpg', 76),
	(260, NULL, b'1', NULL, 'http://res.cloudinary.com/dhqu0tjno/image/upload/v1700640970/Book_77.jpg', 77),
	(261, NULL, b'1', NULL, 'http://res.cloudinary.com/dhqu0tjno/image/upload/v1700641082/Book_78.jpg', 78),
	(262, NULL, b'0', NULL, 'http://res.cloudinary.com/dhqu0tjno/image/upload/v1700641086/Book_78.0.jpg', 78),
	(263, NULL, b'0', NULL, 'http://res.cloudinary.com/dhqu0tjno/image/upload/v1700641090/Book_78.1.jpg', 78),
	(264, NULL, b'0', NULL, 'http://res.cloudinary.com/dhqu0tjno/image/upload/v1700641093/Book_78.2.jpg', 78),
	(265, NULL, b'0', NULL, 'http://res.cloudinary.com/dhqu0tjno/image/upload/v1700641096/Book_78.3.jpg', 78),
	(266, NULL, b'0', NULL, 'http://res.cloudinary.com/dhqu0tjno/image/upload/v1700641098/Book_78.4.jpg', 78),
	(267, NULL, b'1', NULL, 'http://res.cloudinary.com/dhqu0tjno/image/upload/v1700641159/Book_79.jpg', 79),
	(268, NULL, b'1', NULL, 'http://res.cloudinary.com/dhqu0tjno/image/upload/v1700641317/Book_80.jpg', 80),
	(269, NULL, b'0', NULL, 'http://res.cloudinary.com/dhqu0tjno/image/upload/v1700641319/Book_80.0.jpg', 80),
	(270, NULL, b'0', NULL, 'http://res.cloudinary.com/dhqu0tjno/image/upload/v1700641321/Book_80.1.jpg', 80),
	(271, NULL, b'0', NULL, 'http://res.cloudinary.com/dhqu0tjno/image/upload/v1700641324/Book_80.2.jpg', 80),
	(272, NULL, b'0', NULL, 'http://res.cloudinary.com/dhqu0tjno/image/upload/v1700641326/Book_80.3.jpg', 80),
	(273, NULL, b'0', NULL, 'http://res.cloudinary.com/dhqu0tjno/image/upload/v1700641328/Book_80.4.jpg', 80),
	(274, NULL, b'1', NULL, 'http://res.cloudinary.com/dhqu0tjno/image/upload/v1700641417/Book_81.jpg', 81),
	(275, NULL, b'0', NULL, 'http://res.cloudinary.com/dhqu0tjno/image/upload/v1700641419/Book_81.0.jpg', 81),
	(276, NULL, b'0', NULL, 'http://res.cloudinary.com/dhqu0tjno/image/upload/v1700641422/Book_81.1.jpg', 81),
	(277, NULL, b'0', NULL, 'http://res.cloudinary.com/dhqu0tjno/image/upload/v1700641424/Book_81.2.jpg', 81),
	(278, NULL, b'0', NULL, 'http://res.cloudinary.com/dhqu0tjno/image/upload/v1700641427/Book_81.3.jpg', 81),
	(279, NULL, b'0', NULL, 'http://res.cloudinary.com/dhqu0tjno/image/upload/v1700641430/Book_81.4.jpg', 81),
	(280, NULL, b'1', NULL, 'http://res.cloudinary.com/dhqu0tjno/image/upload/v1700641433/Book_82.jpg', 82),
	(281, NULL, b'0', NULL, 'http://res.cloudinary.com/dhqu0tjno/image/upload/v1700641437/Book_82.0.png', 82),
	(282, NULL, b'0', NULL, 'http://res.cloudinary.com/dhqu0tjno/image/upload/v1700641440/Book_82.1.png', 82),
	(283, NULL, b'1', NULL, 'http://res.cloudinary.com/dhqu0tjno/image/upload/v1700641475/Book_83.jpg', 83),
	(284, NULL, b'1', NULL, 'http://res.cloudinary.com/dhqu0tjno/image/upload/v1700641550/Book_84.jpg', 84),
	(285, NULL, b'1', NULL, 'http://res.cloudinary.com/dhqu0tjno/image/upload/v1700641612/Book_85.jpg', 85),
	(286, NULL, b'1', NULL, 'http://res.cloudinary.com/dhqu0tjno/image/upload/v1700641697/Book_87.jpg', 87),
	(287, NULL, b'0', NULL, 'http://res.cloudinary.com/dhqu0tjno/image/upload/v1700641703/Book_87.0.png', 87),
	(288, NULL, b'0', NULL, 'http://res.cloudinary.com/dhqu0tjno/image/upload/v1700641707/Book_87.1.png', 87),
	(289, NULL, b'1', NULL, 'http://res.cloudinary.com/dhqu0tjno/image/upload/v1700641695/Book_86.jpg', 86),
	(290, NULL, b'0', NULL, 'http://res.cloudinary.com/dhqu0tjno/image/upload/v1700641699/Book_86.0.jpg', 86),
	(291, NULL, b'0', NULL, 'http://res.cloudinary.com/dhqu0tjno/image/upload/v1700641706/Book_86.1.jpg', 86),
	(292, NULL, b'0', NULL, 'http://res.cloudinary.com/dhqu0tjno/image/upload/v1700641709/Book_86.2.jpg', 86),
	(293, NULL, b'0', NULL, 'http://res.cloudinary.com/dhqu0tjno/image/upload/v1700641712/Book_86.3.jpg', 86),
	(294, NULL, b'0', NULL, 'http://res.cloudinary.com/dhqu0tjno/image/upload/v1700641716/Book_86.4.jpg', 86),
	(295, NULL, b'1', NULL, 'http://res.cloudinary.com/dhqu0tjno/image/upload/v1700641896/Book_88.jpg', 88),
	(296, NULL, b'0', NULL, '', 88),
	(297, NULL, b'0', NULL, 'http://res.cloudinary.com/dhqu0tjno/image/upload/v1700641903/Book_88.1.png', 88),
	(298, NULL, b'1', NULL, 'http://res.cloudinary.com/dhqu0tjno/image/upload/v1700642244/Book_89.jpg', 89),
	(299, NULL, b'0', NULL, 'http://res.cloudinary.com/dhqu0tjno/image/upload/v1700642246/Book_89.0.jpg', 89),
	(300, NULL, b'0', NULL, 'http://res.cloudinary.com/dhqu0tjno/image/upload/v1700642248/Book_89.1.jpg', 89),
	(301, NULL, b'0', NULL, 'http://res.cloudinary.com/dhqu0tjno/image/upload/v1700642251/Book_89.2.jpg', 89),
	(302, NULL, b'0', NULL, 'http://res.cloudinary.com/dhqu0tjno/image/upload/v1700642253/Book_89.3.jpg', 89),
	(303, NULL, b'0', NULL, 'http://res.cloudinary.com/dhqu0tjno/image/upload/v1700642256/Book_89.4.jpg', 89),
	(304, NULL, b'1', NULL, 'http://res.cloudinary.com/dhqu0tjno/image/upload/v1700642894/Book_90.jpg', 90),
	(305, NULL, b'0', NULL, 'http://res.cloudinary.com/dhqu0tjno/image/upload/v1700642896/Book_90.0.jpg', 90),
	(306, NULL, b'0', NULL, 'http://res.cloudinary.com/dhqu0tjno/image/upload/v1700642898/Book_90.1.jpg', 90),
	(307, NULL, b'0', NULL, 'http://res.cloudinary.com/dhqu0tjno/image/upload/v1700642900/Book_90.2.jpg', 90),
	(308, NULL, b'0', NULL, 'http://res.cloudinary.com/dhqu0tjno/image/upload/v1700642902/Book_90.3.jpg', 90),
	(309, NULL, b'0', NULL, 'http://res.cloudinary.com/dhqu0tjno/image/upload/v1700642905/Book_90.4.jpg', 90),
	(310, NULL, b'1', NULL, 'http://res.cloudinary.com/dhqu0tjno/image/upload/v1700643053/Book_91.jpg', 91),
	(311, NULL, b'0', NULL, 'http://res.cloudinary.com/dhqu0tjno/image/upload/v1700643055/Book_91.0.jpg', 91),
	(312, NULL, b'1', NULL, 'http://res.cloudinary.com/dhqu0tjno/image/upload/v1700643170/Book_92.jpg', 92),
	(313, NULL, b'0', NULL, 'http://res.cloudinary.com/dhqu0tjno/image/upload/v1700643173/Book_92.0.jpg', 92),
	(314, NULL, b'0', NULL, 'http://res.cloudinary.com/dhqu0tjno/image/upload/v1700643176/Book_92.1.jpg', 92),
	(315, NULL, b'0', NULL, 'http://res.cloudinary.com/dhqu0tjno/image/upload/v1700643178/Book_92.2.jpg', 92),
	(316, NULL, b'0', NULL, 'http://res.cloudinary.com/dhqu0tjno/image/upload/v1700643181/Book_92.3.jpg', 92),
	(317, NULL, b'0', NULL, 'http://res.cloudinary.com/dhqu0tjno/image/upload/v1700643183/Book_92.4.jpg', 92),
	(318, NULL, b'1', NULL, 'http://res.cloudinary.com/dhqu0tjno/image/upload/v1700644232/Book_93.jpg', 93),
	(324, NULL, b'1', NULL, 'http://res.cloudinary.com/dhqu0tjno/image/upload/v1700644065/Book_94.jpg', 94),
	(325, NULL, b'0', NULL, 'http://res.cloudinary.com/dhqu0tjno/image/upload/v1700644067/Book_94.0.jpg', 94),
	(326, NULL, b'0', NULL, 'http://res.cloudinary.com/dhqu0tjno/image/upload/v1700644069/Book_94.1.jpg', 94),
	(327, NULL, b'0', NULL, 'http://res.cloudinary.com/dhqu0tjno/image/upload/v1700644072/Book_94.2.jpg', 94),
	(328, NULL, b'0', NULL, 'http://res.cloudinary.com/dhqu0tjno/image/upload/v1700644074/Book_94.3.jpg', 94),
	(329, NULL, b'0', NULL, 'http://res.cloudinary.com/dhqu0tjno/image/upload/v1700644076/Book_94.4.jpg', 94),
	(330, NULL, b'0', NULL, 'http://res.cloudinary.com/dhqu0tjno/image/upload/v1700644234/Book_93.0.jpg', 93),
	(331, NULL, b'0', NULL, 'http://res.cloudinary.com/dhqu0tjno/image/upload/v1700644237/Book_93.1.jpg', 93),
	(332, NULL, b'0', NULL, 'http://res.cloudinary.com/dhqu0tjno/image/upload/v1700644239/Book_93.2.jpg', 93),
	(333, NULL, b'0', NULL, 'http://res.cloudinary.com/dhqu0tjno/image/upload/v1700644241/Book_93.3.jpg', 93),
	(334, NULL, b'0', NULL, 'http://res.cloudinary.com/dhqu0tjno/image/upload/v1700644243/Book_93.4.jpg', 93),
	(335, NULL, b'1', NULL, 'http://res.cloudinary.com/dhqu0tjno/image/upload/v1700645147/Book_95.jpg', 95),
	(336, NULL, b'1', NULL, 'http://res.cloudinary.com/dhqu0tjno/image/upload/v1700645280/Book_96.jpg', 96),
	(337, NULL, b'0', NULL, 'http://res.cloudinary.com/dhqu0tjno/image/upload/v1700645284/Book_96.0.jpg', 96),
	(338, NULL, b'0', NULL, 'http://res.cloudinary.com/dhqu0tjno/image/upload/v1700645286/Book_96.1.jpg', 96),
	(339, NULL, b'0', NULL, 'http://res.cloudinary.com/dhqu0tjno/image/upload/v1700645288/Book_96.2.jpg', 96),
	(340, NULL, b'0', NULL, 'http://res.cloudinary.com/dhqu0tjno/image/upload/v1700645291/Book_96.3.jpg', 96),
	(341, NULL, b'0', NULL, 'http://res.cloudinary.com/dhqu0tjno/image/upload/v1700645294/Book_96.4.jpg', 96),
	(342, NULL, b'1', NULL, 'http://res.cloudinary.com/dhqu0tjno/image/upload/v1700645478/Book_97.jpg', 97),
	(343, NULL, b'0', NULL, 'http://res.cloudinary.com/dhqu0tjno/image/upload/v1700645481/Book_97.0.jpg', 97),
	(344, NULL, b'0', NULL, 'http://res.cloudinary.com/dhqu0tjno/image/upload/v1700645483/Book_97.1.jpg', 97),
	(345, NULL, b'0', NULL, 'http://res.cloudinary.com/dhqu0tjno/image/upload/v1700645486/Book_97.2.jpg', 97),
	(346, NULL, b'0', NULL, 'http://res.cloudinary.com/dhqu0tjno/image/upload/v1700645488/Book_97.3.jpg', 97),
	(347, NULL, b'0', NULL, 'http://res.cloudinary.com/dhqu0tjno/image/upload/v1700645491/Book_97.4.jpg', 97),
	(348, NULL, b'1', NULL, 'http://res.cloudinary.com/dhqu0tjno/image/upload/v1700645650/Book_98.jpg', 98),
	(349, NULL, b'0', NULL, 'http://res.cloudinary.com/dhqu0tjno/image/upload/v1700645653/Book_98.0.jpg', 98),
	(350, NULL, b'0', NULL, 'http://res.cloudinary.com/dhqu0tjno/image/upload/v1700645655/Book_98.1.jpg', 98),
	(351, NULL, b'0', NULL, 'http://res.cloudinary.com/dhqu0tjno/image/upload/v1700645657/Book_98.2.jpg', 98),
	(352, NULL, b'0', NULL, 'http://res.cloudinary.com/dhqu0tjno/image/upload/v1700645659/Book_98.3.jpg', 98),
	(353, NULL, b'1', NULL, 'http://res.cloudinary.com/dhqu0tjno/image/upload/v1700645870/Book_99.jpg', 99),
	(354, NULL, b'0', NULL, 'http://res.cloudinary.com/dhqu0tjno/image/upload/v1700645872/Book_99.0.jpg', 99),
	(355, NULL, b'0', NULL, 'http://res.cloudinary.com/dhqu0tjno/image/upload/v1700645874/Book_99.1.jpg', 99),
	(356, NULL, b'0', NULL, 'http://res.cloudinary.com/dhqu0tjno/image/upload/v1700645876/Book_99.2.jpg', 99),
	(357, NULL, b'0', NULL, 'http://res.cloudinary.com/dhqu0tjno/image/upload/v1700645879/Book_99.3.jpg', 99),
	(358, NULL, b'0', NULL, 'http://res.cloudinary.com/dhqu0tjno/image/upload/v1700645882/Book_99.4.jpg', 99),
	(359, NULL, b'1', NULL, 'http://res.cloudinary.com/dhqu0tjno/image/upload/v1700646028/Book_100.jpg', 100),
	(360, NULL, b'0', NULL, 'http://res.cloudinary.com/dhqu0tjno/image/upload/v1700646030/Book_100.0.jpg', 100),
	(361, NULL, b'0', NULL, 'http://res.cloudinary.com/dhqu0tjno/image/upload/v1700646032/Book_100.1.png', 100),
	(362, NULL, b'0', NULL, 'http://res.cloudinary.com/dhqu0tjno/image/upload/v1700646034/Book_100.2.png', 100),
	(363, NULL, b'0', NULL, 'http://res.cloudinary.com/dhqu0tjno/image/upload/v1700646036/Book_100.3.png', 100),
	(364, NULL, b'0', NULL, 'http://res.cloudinary.com/dhqu0tjno/image/upload/v1700646038/Book_100.4.png', 100),
	(365, NULL, b'1', NULL, 'http://res.cloudinary.com/dhqu0tjno/image/upload/v1700646145/Book_101.jpg', 101),
	(366, NULL, b'0', NULL, 'http://res.cloudinary.com/dhqu0tjno/image/upload/v1700646148/Book_101.0.png', 101),
	(367, NULL, b'0', NULL, 'http://res.cloudinary.com/dhqu0tjno/image/upload/v1700646155/Book_101.1.png', 101),
	(368, NULL, b'0', NULL, 'http://res.cloudinary.com/dhqu0tjno/image/upload/v1700646162/Book_101.2.png', 101),
	(369, NULL, b'0', NULL, 'http://res.cloudinary.com/dhqu0tjno/image/upload/v1700646168/Book_101.3.png', 101),
	(370, NULL, b'0', NULL, 'http://res.cloudinary.com/dhqu0tjno/image/upload/v1700646174/Book_101.4.png', 101),
	(371, NULL, b'1', NULL, 'http://res.cloudinary.com/dhqu0tjno/image/upload/v1700646375/Book_102.jpg', 102),
	(372, NULL, b'0', NULL, 'http://res.cloudinary.com/dhqu0tjno/image/upload/v1700646379/Book_102.0.jpg', 102),
	(373, NULL, b'1', NULL, 'http://res.cloudinary.com/dhqu0tjno/image/upload/v1700646541/Book_103.jpg', 103),
	(374, NULL, b'0', NULL, 'http://res.cloudinary.com/dhqu0tjno/image/upload/v1700646572/Book_103.0.jpg', 103),
	(375, NULL, b'0', NULL, 'http://res.cloudinary.com/dhqu0tjno/image/upload/v1700646586/Book_103.1.jpg', 103),
	(376, NULL, b'0', NULL, 'http://res.cloudinary.com/dhqu0tjno/image/upload/v1700646604/Book_103.2.jpg', 103),
	(377, NULL, b'0', NULL, 'http://res.cloudinary.com/dhqu0tjno/image/upload/v1700646619/Book_103.3.jpg', 103),
	(378, NULL, b'0', NULL, 'http://res.cloudinary.com/dhqu0tjno/image/upload/v1700646631/Book_103.4.jpg', 103),
	(379, NULL, b'1', NULL, 'http://res.cloudinary.com/dhqu0tjno/image/upload/v1700646815/Book_104.jpg', 104),
	(380, NULL, b'0', NULL, 'http://res.cloudinary.com/dhqu0tjno/image/upload/v1700646831/Book_104.0.jpg', 104),
	(381, NULL, b'0', NULL, 'http://res.cloudinary.com/dhqu0tjno/image/upload/v1700646854/Book_104.1.jpg', 104),
	(382, NULL, b'0', NULL, 'http://res.cloudinary.com/dhqu0tjno/image/upload/v1700646886/Book_104.2.jpg', 104),
	(383, NULL, b'0', NULL, 'http://res.cloudinary.com/dhqu0tjno/image/upload/v1700646904/Book_104.3.jpg', 104),
	(384, NULL, b'0', NULL, 'http://res.cloudinary.com/dhqu0tjno/image/upload/v1700646920/Book_104.4.jpg', 104),
	(391, NULL, b'1', NULL, 'http://res.cloudinary.com/dhqu0tjno/image/upload/v1700647147/Book_106.jpg', 106),
	(392, NULL, b'0', NULL, 'http://res.cloudinary.com/dhqu0tjno/image/upload/v1700647149/Book_106.0.jpg', 106),
	(393, NULL, b'0', NULL, 'http://res.cloudinary.com/dhqu0tjno/image/upload/v1700647164/Book_106.1.jpg', 106),
	(394, NULL, b'0', NULL, 'http://res.cloudinary.com/dhqu0tjno/image/upload/v1700647166/Book_106.2.jpg', 106),
	(395, NULL, b'0', NULL, 'http://res.cloudinary.com/dhqu0tjno/image/upload/v1700647168/Book_106.3.jpg', 106),
	(396, NULL, b'0', NULL, 'http://res.cloudinary.com/dhqu0tjno/image/upload/v1700647172/Book_106.4.jpg', 106);

-- Dumping structure for table bookstore_spring.orders
CREATE TABLE IF NOT EXISTS `orders` (
  `id_order` int(11) NOT NULL AUTO_INCREMENT,
  `date_created` date DEFAULT NULL,
  `delivery_address` varchar(255) DEFAULT NULL,
  `fee_delivery` double DEFAULT NULL,
  `fee_payment` double DEFAULT NULL,
  `total_price` double DEFAULT NULL,
  `total_price_product` double DEFAULT NULL,
  `id_delivery` int(11) DEFAULT NULL,
  `id_payment` int(11) DEFAULT NULL,
  `id_user` int(11) NOT NULL,
  `status` varchar(255) DEFAULT NULL,
  `note` varchar(255) DEFAULT NULL,
  `phone_number` varchar(255) DEFAULT NULL,
  `full_name` varchar(255) DEFAULT NULL,
  PRIMARY KEY (`id_order`),
  KEY `FK4cdgfu14t6vi93xhiugkyin2d` (`id_delivery`),
  KEY `FK5phng0rr9yex7v321tef65svq` (`id_payment`),
  KEY `FKp1jglhdt6fpf5plvbns0gp5ns` (`id_user`),
  CONSTRAINT `FK4cdgfu14t6vi93xhiugkyin2d` FOREIGN KEY (`id_delivery`) REFERENCES `delivery` (`id_delivery`),
  CONSTRAINT `FK5phng0rr9yex7v321tef65svq` FOREIGN KEY (`id_payment`) REFERENCES `payment` (`id_payment`),
  CONSTRAINT `FKp1jglhdt6fpf5plvbns0gp5ns` FOREIGN KEY (`id_user`) REFERENCES `user` (`id_user`)
) ENGINE=InnoDB AUTO_INCREMENT=43 DEFAULT CHARSET=utf8mb4 COLLATE=utf8mb4_general_ci;

-- Dumping data for table bookstore_spring.orders: ~16 rows (approximately)
INSERT INTO `orders` (`id_order`, `date_created`, `delivery_address`, `fee_delivery`, `fee_payment`, `total_price`, `total_price_product`, `id_delivery`, `id_payment`, `id_user`, `status`, `note`, `phone_number`, `full_name`) VALUES
	(23, '2023-10-21', '123/2 Quận Bình Thạnh, TP.HCM', 0, 0, 561150, 561150, NULL, 1, 33, 'Thành công', 'giao nhanh giúp em', '0357272125', 'Nguyễn  Dũng'),
	(24, '2023-10-21', '21/3,khu phố 5, phường Hiệp Bình Chánh, thành phố Thủ Đức', 0, 0, 524800, 524800, NULL, 1, 31, 'Thành công', 'giao sớm cho tôi vào buổi chiều nhé, do buổi sáng tôi bận đi học... Xin cảm ơn .', '0328026252', 'Lê Việt Hùng'),
	(25, '2023-11-22', '219/3 KP4, Tân Biên, Biên Hoà, Đồng Nai', 0, 0, 390100, 390100, NULL, 1, 18, 'Thành công', '', '0813535314', 'Phạm Ngọc Viễn Đông'),
	(26, '2023-11-22', '62 Huỳnh Khương An, phường 5, Gò Vấp, TPHCM', 0, 0, 848900, 848900, NULL, 1, 32, 'Thành công', 'Hối shipper giao nhanh giúp em ạ', '0813344624', 'Nhật Tiến'),
	(27, '2023-11-22', '219/3 KP4, Tân Biên, Biên Hoà, Đồng Nai', 0, 0, 332000, 332000, NULL, 1, 18, 'Bị huỷ', '', '0813535314', 'Phạm Ngọc Viễn Đông'),
	(28, '2023-11-23', '123/2 quận Bình Thạnh, TP.HCM', 0, 0, 183600, 183600, NULL, 1, 19, 'Thành công', '', '0813535314', 'Đông Phạm'),
	(29, '2023-11-23', '123/2 quận Bình Thạnh, TP.HCM', 0, 0, 207550, 207550, NULL, 1, 19, 'Thành công', '', '0813535314', 'Đông Phạm'),
	(30, '2023-11-23', '123/2 quận Bình Thạnh, TP.HCM', 0, 0, 403600, 403600, NULL, 1, 19, 'Đang giao hàng', '', '0813535314', 'Đông Phạm'),
	(31, '2023-11-23', '123/2 quận Bình Thạnh, TP.HCM', 0, 0, 408000, 408000, NULL, 1, 19, 'Bị huỷ', '', '0813535314', 'Đông Phạm'),
	(32, '2023-11-23', '123/2 quận Bình Thạnh, TP.HCM', 0, 0, 59500, 59500, NULL, 1, 19, 'Thành công', 'Giao sáng giúp tôi, nhưng buổi khác tôi bận rồi', '0813535314', 'Đông Phạm'),
	(34, '2023-11-24', '123/2 quận Bình Thạnh, TP.HCM', 0, 0, 74520, 74520, NULL, 2, 19, 'Bị huỷ', 'Giao nhanh giúp tôi để tôi tặng quà', '0813535314', 'Đông Phạm'),
	(35, '2023-11-24', '123/2 quận Bình Thạnh, TP.HCM', 0, 0, 246500, 246500, NULL, 2, 19, 'Đang xử lý', '', '0813535314', 'Đông Phạm'),
	(36, '2023-11-24', '123/2 quận Bình Thạnh, TP.HCM', 0, 0, 71400, 71400, NULL, 2, 19, 'Bị huỷ', '', '0813535314', 'Đông Phạm'),
	(37, '2023-11-24', '123/2 quận Bình Thạnh, TP.HCM', 0, 0, 100800, 100800, NULL, 1, 19, 'Thành công', '', '0813535314', 'Đông Phạm'),
	(38, '2023-11-24', '123/2 quận Bình Thạnh, TP.HCM', 0, 0, 90000, 90000, NULL, 2, 19, 'Thành công', 'Về nhanh nha cho tui đọc, hóng quá', '0813535314', 'Đông Phạm'),
	(40, '2023-11-24', '123/2 quận Bình Thạnh, TP.HCM', 0, 0, 114750, 114750, NULL, 2, 19, 'Thành công', '', '0813535314', 'Đông Phạm'),
	(41, '2023-12-01', '219/3 KP4, Tân Biên, Biên Hoà, Đồng Nai', 0, 0, 724800, 724800, NULL, 2, 18, 'Đang xử lý', '', '0813535314', 'Phạm Ngọc Viễn Đông'),
	(42, '2023-12-01', '219/3 KP4, Tân Biên, Biên Hoà, Đồng Nai', 0, 0, 141000, 141000, NULL, 2, 18, 'Bị huỷ', '', '0813535314', 'Phạm Ngọc Viễn Đông');

-- Dumping structure for table bookstore_spring.order_detail
CREATE TABLE IF NOT EXISTS `order_detail` (
  `id_order_detail` bigint(20) NOT NULL AUTO_INCREMENT,
  `price` double DEFAULT NULL,
  `quantity` int(11) DEFAULT NULL,
  `id_book` int(11) NOT NULL,
  `id_order` int(11) NOT NULL,
  `is_review` bit(1) DEFAULT NULL,
  PRIMARY KEY (`id_order_detail`),
  KEY `FKhf74ol57vvqf2ld97ddjb37eq` (`id_book`),
  KEY `FKsta0q8hk1lt2vdu92u4e5vr4a` (`id_order`),
  CONSTRAINT `FKhf74ol57vvqf2ld97ddjb37eq` FOREIGN KEY (`id_book`) REFERENCES `book` (`id_book`),
  CONSTRAINT `FKsta0q8hk1lt2vdu92u4e5vr4a` FOREIGN KEY (`id_order`) REFERENCES `orders` (`id_order`)
) ENGINE=InnoDB AUTO_INCREMENT=82 DEFAULT CHARSET=utf8mb4 COLLATE=utf8mb4_general_ci;

-- Dumping data for table bookstore_spring.order_detail: ~41 rows (approximately)
INSERT INTO `order_detail` (`id_order_detail`, `price`, `quantity`, `id_book`, `id_order`, `is_review`) VALUES
	(32, 179100, 1, 52, 23, b'1'),
	(33, 115600, 1, 62, 23, b'1'),
	(34, 69300, 1, 48, 23, b'1'),
	(35, 75600, 1, 71, 23, b'0'),
	(36, 72250, 1, 39, 23, b'0'),
	(37, 49300, 1, 33, 23, b'1'),
	(38, 75650, 1, 66, 24, b'1'),
	(39, 69300, 1, 48, 24, b'1'),
	(40, 222600, 2, 49, 24, b'1'),
	(41, 81600, 1, 54, 24, b'1'),
	(42, 75650, 1, 58, 24, b'1'),
	(43, 178500, 3, 42, 25, b'1'),
	(44, 115600, 2, 41, 25, b'1'),
	(45, 96000, 1, 24, 25, b'1'),
	(46, 29750, 1, 106, 26, b'1'),
	(47, 60350, 1, 98, 26, b'1'),
	(48, 179100, 1, 52, 26, b'0'),
	(49, 80750, 1, 69, 26, b'0'),
	(50, 139500, 1, 74, 26, b'0'),
	(51, 301500, 1, 78, 26, b'0'),
	(52, 57950, 1, 81, 26, b'1'),
	(53, 57800, 1, 41, 27, b'0'),
	(54, 96000, 1, 24, 27, b'0'),
	(55, 178200, 2, 73, 27, b'0'),
	(56, 81600, 1, 54, 28, b'0'),
	(57, 72250, 1, 103, 28, b'0'),
	(58, 29750, 1, 106, 28, b'0'),
	(59, 47600, 2, 100, 29, b'1'),
	(60, 79200, 1, 101, 29, b'1'),
	(61, 80750, 1, 99, 29, b'1'),
	(62, 91800, 2, 102, 30, b'0'),
	(63, 23800, 1, 100, 30, b'0'),
	(64, 288000, 3, 24, 30, b'0'),
	(65, 408000, 5, 54, 31, b'0'),
	(66, 59500, 2, 106, 32, b'1'),
	(70, 74520, 1, 94, 34, b'0'),
	(71, 246500, 2, 70, 35, b'0'),
	(72, 71400, 1, 64, 36, b'0'),
	(73, 100800, 2, 46, 37, b'1'),
	(74, 90000, 2, 36, 38, b'1'),
	(76, 114750, 1, 60, 40, b'1'),
	(77, 227800, 1, 27, 41, b'0'),
	(78, 301500, 1, 78, 41, b'0'),
	(79, 195500, 1, 44, 41, b'0'),
	(80, 90000, 1, 37, 42, b'0'),
	(81, 51000, 1, 35, 42, b'0');

-- Dumping structure for table bookstore_spring.payment
CREATE TABLE IF NOT EXISTS `payment` (
  `id_payment` int(11) NOT NULL AUTO_INCREMENT,
  `description` varchar(255) DEFAULT NULL,
  `fee_payment` double DEFAULT NULL,
  `name_payment` varchar(255) DEFAULT NULL,
  PRIMARY KEY (`id_payment`)
) ENGINE=InnoDB AUTO_INCREMENT=3 DEFAULT CHARSET=utf8mb4 COLLATE=utf8mb4_general_ci;

-- Dumping data for table bookstore_spring.payment: ~2 rows (approximately)
INSERT INTO `payment` (`id_payment`, `description`, `fee_payment`, `name_payment`) VALUES
	(1, 'Thanh toán khi nhận hàng', 0, 'COD'),
	(2, 'Thanh toán qua vnpay', 0, 'VNPay');

-- Dumping structure for table bookstore_spring.review
CREATE TABLE IF NOT EXISTS `review` (
  `id_review` bigint(20) NOT NULL AUTO_INCREMENT,
  `content` varchar(255) DEFAULT NULL,
  `rating_point` float DEFAULT NULL,
  `id_book` int(11) NOT NULL,
  `id_user` int(11) NOT NULL,
  `timestamp` datetime(6) DEFAULT NULL,
  `id_order_detail` bigint(20) DEFAULT NULL,
  PRIMARY KEY (`id_review`),
  UNIQUE KEY `UK_3tpuisov8qyurqh23uu8ctmwp` (`id_order_detail`) USING BTREE,
  KEY `FK4pg8e54fsaswy3hv8f3uuy381` (`id_book`),
  KEY `FKebfdb78chwertfckv3kgu9anx` (`id_user`),
  CONSTRAINT `FK4pg8e54fsaswy3hv8f3uuy381` FOREIGN KEY (`id_book`) REFERENCES `book` (`id_book`),
  CONSTRAINT `FKbflf4ds01tlvwpvvcxidwvj9d` FOREIGN KEY (`id_order_detail`) REFERENCES `order_detail` (`id_order_detail`),
  CONSTRAINT `FKebfdb78chwertfckv3kgu9anx` FOREIGN KEY (`id_user`) REFERENCES `user` (`id_user`)
) ENGINE=InnoDB AUTO_INCREMENT=39 DEFAULT CHARSET=utf8mb4 COLLATE=utf8mb4_general_ci;

-- Dumping data for table bookstore_spring.review: ~20 rows (approximately)
INSERT INTO `review` (`id_review`, `content`, `rating_point`, `id_book`, `id_user`, `timestamp`, `id_order_detail`) VALUES
	(15, 'ship nhanh', 3.5, 62, 33, '2023-11-21 23:20:02.000000', 33),
	(16, 'giao trong ngày khá nhanh ', 2, 52, 33, '2023-11-21 23:21:57.000000', 32),
	(17, 'bìa sách có hơi cũ, chắc hàng tồn kho!!', 0.5, 48, 33, '2023-11-21 23:22:26.000000', 34),
	(18, 'sách giao rất đúng hạn và nội dung rất hay và chất lượng. Xứng đáng với giá tiền.', 4.5, 66, 31, '2023-11-21 23:23:37.000000', 38),
	(19, 'không được như kỳ vọng..', 1, 49, 31, '2023-11-21 23:24:08.000000', 40),
	(20, 'rất hay và bổ ích ', 4.5, 48, 31, '2023-11-21 23:24:28.000000', 39),
	(21, 'sách rất hay và cảm động, ý nghĩa ', 4.5, 58, 31, '2023-11-21 23:24:57.000000', 42),
	(22, 'good job :)) ', 4.5, 54, 31, '2023-11-21 23:25:26.000000', 41),
	(23, 'Nói chung là tạm ổn', 2.5, 42, 18, '2023-11-22 15:30:51.000000', 43),
	(24, 'Sách hay đặc biệt có cả chữ ký tác giả', 5, 24, 18, '2023-11-22 15:31:39.000000', 45),
	(26, 'Khá vừa lòng', 4, 41, 18, '2023-11-22 15:31:54.000000', 44),
	(27, 'Sách hay, nội dung đọc dễ hiểu', 3.5, 106, 32, '2023-11-22 17:10:13.000000', 46),
	(28, 'Truyện buồn, mà buồn cười', 4.5, 98, 32, '2023-11-22 17:10:47.000000', 47),
	(29, 'Vote thấp vì mua về học xong đi thi GK cô cho có 5đ :(', 1.5, 81, 32, '2023-11-22 17:11:33.000000', 52),
	(30, 'Sách đọc tạm ổn, nhưng giao hàng hơi lâu', 2.5, 106, 19, '2023-11-23 22:24:57.000000', 66),
	(31, 'Đọc cười sái quai hàm luôn á', 5, 100, 19, '2023-11-23 22:25:32.000000', 59),
	(32, 'Đọc chả hiểu mịa gì', 1, 101, 19, '2023-11-23 22:25:56.000000', 60),
	(33, 'Đúng truyện cười tuổi thơ, hay vãi', 3.5, 99, 19, '2023-11-23 22:26:13.000000', 61),
	(34, 'Fan số 1 của conan', 5, 36, 19, '2023-11-24 23:15:56.000000', 74),
	(35, 'Sách hay, kinh dị vãi', 4.5, 46, 19, '2023-11-24 23:16:10.000000', 73),
	(38, 'Sách ổn đọc cũng tạm', 3.5, 60, 19, '2023-11-27 20:50:31.000000', 76);

-- Dumping structure for table bookstore_spring.role
CREATE TABLE IF NOT EXISTS `role` (
  `id_role` int(11) NOT NULL AUTO_INCREMENT,
  `name_role` varchar(255) DEFAULT NULL,
  PRIMARY KEY (`id_role`)
) ENGINE=InnoDB AUTO_INCREMENT=4 DEFAULT CHARSET=utf8mb4 COLLATE=utf8mb4_general_ci;

-- Dumping data for table bookstore_spring.role: ~3 rows (approximately)
INSERT INTO `role` (`id_role`, `name_role`) VALUES
	(1, 'ADMIN'),
	(2, 'STAFF'),
	(3, 'CUSTOMER');

-- Dumping structure for table bookstore_spring.user
CREATE TABLE IF NOT EXISTS `user` (
  `id_user` int(11) NOT NULL AUTO_INCREMENT,
  `date_of_birth` date DEFAULT NULL,
  `delivery_address` varchar(255) DEFAULT NULL,
  `email` varchar(255) DEFAULT NULL,
  `first_name` varchar(255) DEFAULT NULL,
  `gender` char(1) DEFAULT NULL,
  `last_name` varchar(255) DEFAULT NULL,
  `password` varchar(512) DEFAULT NULL,
  `phone_number` varchar(255) DEFAULT NULL,
  `username` varchar(255) DEFAULT NULL,
  `avatar` varchar(255) DEFAULT NULL,
  `activation_code` varchar(255) DEFAULT NULL,
  `enabled` bit(1) DEFAULT NULL,
  PRIMARY KEY (`id_user`)
) ENGINE=InnoDB AUTO_INCREMENT=34 DEFAULT CHARSET=utf8mb4 COLLATE=utf8mb4_general_ci;

-- Dumping data for table bookstore_spring.user: ~17 rows (approximately)
INSERT INTO `user` (`id_user`, `date_of_birth`, `delivery_address`, `email`, `first_name`, `gender`, `last_name`, `password`, `phone_number`, `username`, `avatar`, `activation_code`, `enabled`) VALUES
	(1, '2023-09-24', '123 Đường ABC', 'nguoidung1@email.com', 'Nguyen Van', 'M', 'Thanh', '$2a$10$FwAxGQl/gBienrKHk3ncieUMzgbG6cauF0EFGLcGA6AtWgZlqPxf6', '123456789', 'user1', NULL, NULL, b'0'),
	(2, '2023-09-24', '456 Đường XYZ', 'nguoidung2@email.com', 'Tran Thi', 'F', 'Lan', '$2a$12$L6ZmxiQAXMYWSm1PA2gOC.7NRSSehUf41F2ae36DIs.ESw3fvVI3a', '987654321', 'user2', NULL, NULL, b'0'),
	(3, '2023-09-24', '789 Đường DEF', 'nguoidung3@email.com', 'Le Van', 'M', 'Tuan', '$2a$12$L6ZmxiQAXMYWSm1PA2gOC.7NRSSehUf41F2ae36DIs.ESw3fvVI3a', '555555555', 'user3', NULL, NULL, b'0'),
	(4, '2023-09-24', '101 Đường GHI', 'nguoidung4@email.com', 'Pham Van', 'M', 'Hoa', '$2a$12$L6ZmxiQAXMYWSm1PA2gOC.7NRSSehUf41F2ae36DIs.ESw3fvVI3a', '666666666', 'user4', NULL, NULL, b'0'),
	(5, '2023-09-24', '303 Đường MNO', 'nguoidung5@email.com', 'Hoang Van', 'M', 'Tinh', '$2a$12$L6ZmxiQAXMYWSm1PA2gOC.7NRSSehUf41F2ae36DIs.ESw3fvVI3a', '777777777', 'user5', NULL, NULL, b'0'),
	(18, '2003-02-05', '219/3 KP4, Tân Biên, Biên Hoà, Đồng Nai', 'dongph.0502@gmail.com', 'Phạm Ngọc Viễn', 'M', 'Đông', '$2a$10$VcZCWS9xy7G5t5sQqkSiHe.2eZlOXU0H85PBiSsWM8DH0AJRmsium', '0813535314', 'pezoiks1', 'http://res.cloudinary.com/dhqu0tjno/image/upload/v1700228997/User_18.jpg', NULL, b'1'),
	(19, '1970-01-01', '123/2 quận Bình Thạnh, TP.HCM', 'dsz44525@zbock.com', 'Đông', 'F', 'Phạm', '$2a$10$Cy.ZfSZxbsDd.mSHvGqkLeKJZQzuN8KD6ydFr8nuSEefbjDNLeK.6', '0813535314', 'pezoiks2', 'https://nld.mediacdn.vn/291774122806476800/2023/9/7/hoa-hau-16940938199701208207469.jpg', NULL, b'1'),
	(21, '1970-01-01', NULL, 'kyg74922@nezid.com', 'pezoiks3', 'M', 'pezoiks3', '$2a$10$rYr8XEp9vXKVNe5S1gqLxOffYMxT6sIT1b88lCPTaO3/qegZy5Xx2', '0813535314', 'pezoiks3', NULL, NULL, b'0'),
	(23, '1970-01-01', NULL, 'lht87000@zslsz.com', 'Đông', 'M', 'Phạm', '$2a$10$XCnVLjin7ZNUEP44TieglOoQlKsQNABUpsfUkt1cZKM20wERCP6gG', '0813535314', 'pezoiks4', NULL, NULL, b'0'),
	(24, '1970-01-01', NULL, 'pezoiksz@gmail.com', 'pezoiksz', 'M', 'pezoiksz', '$2a$10$XQucMzjlsxqMcp10s/kGtODYRHBd8JaAYGjLeJTvpy96AcCDHivVq', '0235614526', 'pezoiksz', NULL, NULL, b'0'),
	(25, NULL, NULL, 'dong123123@gmail.com', 'dong123123', 'M', 'dong123123', '$2a$10$CYXeI53hFX1P3Y0vmlKgwuoRtH3VxkjVyOpkVw9WT9TMPqp2mJxhO', '0236589656', 'dong123123', NULL, '1e6c1af8-2dfd-4880-bfba-248d33f4332c', b'0'),
	(26, NULL, NULL, 'dong123456@gmail.com', 'dong123456', 'M', 'dong123456', '$2a$10$3LYSYAFhWjYwSc3YMM8geOVuGraGum4BGz5mnie77y/uT0CeBN/He', '0236521223', 'dong123456', NULL, '0ffe64ab-ceef-420a-a195-4346795b28d1', b'0'),
	(27, '1990-01-01', '', 'chubedan123@gmail.com', '', 'M', 'Dũng', '$2a$10$3LYSYAFhWjYwSc3YMM8geOVuGraGum4BGz5mnie77y/uT0CeBN/He', '0813535314', 'chubedan123', '', NULL, b'0'),
	(28, '2023-11-14', '', 'crazy2041@gmail.com', '', 'M', 'Crazy', '$2a$10$VcZCWS9xy7G5t5sQqkSiHe.2eZlOXU0H85PBiSsWM8DH0AJRmsium', '0123789456', 'crazy2041', '', NULL, b'0'),
	(31, '2003-06-02', '21/3,khu phố 5, phường Hiệp Bình Chánh, thành phố Thủ Đức', 'viethung.nvl.10a10@gmail.com', 'Lê Việt', 'M', 'Hùng', '$2a$10$TfW4ySu2iW11xRk8X74ZU.yrKdXF8UWB1TLYicJNs.Tx1OFK7CvFa', '0328026252', 'viethung2003', '', '65c45a1e-6612-4a60-ae2f-7c0c170e9abf', b'1'),
	(32, NULL, NULL, 'ngaitipro456@gmail.com', 'Nhật', 'M', 'Tiến', '$2a$10$VxzlkkBI4Eu5CdlSyBMGwe/UjCdQ5Fgms65KOF2bqD0YpSJzEyh7C', '0813344624', 'tiennhatvo', 'http://res.cloudinary.com/dhqu0tjno/image/upload/v1700647916/User_32.jpg', '8ee325e3-6787-4c33-b009-84a42659a863', b'1'),
	(33, NULL, NULL, 'tandung210903@gmail.com', 'Nguyễn ', 'M', 'Dũng', '$2a$10$7A19OVIvhSQrj9QF6qhLq.h8Yr4z/BMdC/cQUJxpKZG3VZXdW7Kpi', '0357272125', 'Dungnekk', '', '4d6af7eb-f9f6-4dae-a6b3-6317036f522e', b'1');

-- Dumping structure for table bookstore_spring.user_role
CREATE TABLE IF NOT EXISTS `user_role` (
  `id_user` int(11) NOT NULL,
  `id_role` int(11) NOT NULL,
  KEY `FK2aam9nt2tv8vcfymi3jo9c314` (`id_role`),
  KEY `FKfhxaael2m459kbk8lv8smr5iv` (`id_user`),
  CONSTRAINT `FK2aam9nt2tv8vcfymi3jo9c314` FOREIGN KEY (`id_role`) REFERENCES `role` (`id_role`),
  CONSTRAINT `FKfhxaael2m459kbk8lv8smr5iv` FOREIGN KEY (`id_user`) REFERENCES `user` (`id_user`)
) ENGINE=InnoDB DEFAULT CHARSET=utf8mb4 COLLATE=utf8mb4_general_ci;

-- Dumping data for table bookstore_spring.user_role: ~17 rows (approximately)
INSERT INTO `user_role` (`id_user`, `id_role`) VALUES
	(1, 1),
	(2, 2),
	(3, 3),
	(4, 3),
	(18, 1),
	(5, 3),
	(25, 3),
	(26, 3),
	(27, 3),
	(28, 3),
	(24, 1),
	(23, 3),
	(21, 3),
	(19, 3),
	(31, 3),
	(32, 1),
	(33, 3);

/*!40103 SET TIME_ZONE=IFNULL(@OLD_TIME_ZONE, 'system') */;
/*!40101 SET SQL_MODE=IFNULL(@OLD_SQL_MODE, '') */;
/*!40014 SET FOREIGN_KEY_CHECKS=IFNULL(@OLD_FOREIGN_KEY_CHECKS, 1) */;
/*!40101 SET CHARACTER_SET_CLIENT=@OLD_CHARACTER_SET_CLIENT */;
/*!40111 SET SQL_NOTES=IFNULL(@OLD_SQL_NOTES, 1) */;
